tree
version=v4
num_class=1
num_tree_per_iteration=1
label_index=0
max_feature_idx=21
objective=binary sigmoid:1
feature_names=jw_name lev_name token_sort_name token_set_name jaccard_name sig_jaccard_name first_token_match first_token_jw len_diff_name len_ratio_name addr_missing jw_addr lev_addr token_sort_addr jaccard_addr digit_overlap digit_match_exact is_source2 is_source3 shared_keys log_shared_keys name_addr_geom
feature_infos=[0:1] [0:1] [0:1] [0:1] [0:1] [0:1] [0:1] [0:1] [0:61] [0.035087719559669495:1] [0:1] [0:1] [0:1] [0:1] [0:1] [0:10] [0:1] [0:1] [0:1] [1:18] [0.69314718246459961:2.9444389343261719] [0:1]
tree_sizes=3366 3407 3418 3438 3442 3419 3429 3433 3440 3440 3440 3438 3449 3454 3445 3451 3471 3475 3462 3476 3455 3463 3469 3475 3481 3470 3465 3455 3484 3475 3478 3476 3501 3457 3476 3476 3491 3455 3461 3475 3460 3466 3506 3475 3489 3487 3470 3471 3481 3481 3486 3499 3485 3475 3472 3473 3494 3477 3480 3468 3497 3470 3476 3480 3476 3477 3466 3475 3478 3487 3494 3483 3472 3481 3454 3495 3484 3466 3469 3497 3476 3471 3476 3449 3474 3486 3478 3486 3467 3476 3508 3470 3481 3472 3464 3474 3461 3464 3484 3462 3477 3478 3465 3438 3462 3478 3456 3470 3492 3475 3468 3481 3494 3467 3467 3479 3487 3470 3453 3475 3497 3460 3483 3475 3493 3466 2828 3464 3467 3464 3456 3452 3496 3488 3496 3473 3490 3466 3502 3485 3483 3479 3463 3475 3481 3480 3480 3463 3480 3477

Tree=0
num_leaves=31
num_cat=0
split_feature=21 14 14 3 21 19 14 3 15 19 1 4 14 14 0 19 4 14 8 3 4 18 5 13 5 9 21 4 1 16
split_gain=98840.4 9956.69 6690.08 3942.94 1265.26 1037.04 845.43 1880.18 660.114 503.719 498.71 444.062 361.893 299.888 2945.47 242.148 227.451 207.22 246.506 200.788 311.078 143.47 142.134 127.58 125.671 118.46 94.5003 91.2016 79.3453 66.0524
threshold=0.80032455921173107 0.17902930825948718 0.49074074625968939 0.5604878067970277 0.93081405758857738 2.5000000000000004 0.11651583760976793 0.80243903398513805 1.0000000180025095e-35 1.5000000000000002 0.40862709283828741 0.88194444775581371 0.80384615063667308 0.2639319002628327 0.77747112512588512 2.5000000000000004 0.47222222387790685 0.71825397014617931 4.5000000000000009 0.73746865987777721 0.11805555596947671 1.0000000180025095e-35 0.31666667759418493 0.58845728635787975 0.58571431040763866 0.4803846031427384 0.85906931757926952 0.88194444775581371 0.51389962434768688 1.0000000180025095e-35
decision_type=2 2 2 2 2 2 2 2 2 2 2 2 2 2 2 2 2 2 2 2 2 2 2 2 2 2 2 2 2 2
left_child=2 4 5 10 15 13 -7 -8 11 24 12 17 25 -1 16 23 -15 18 -3 20 -5 -14 -22 26 -6 -4 -2 -26 -12 -10
right_child=1 8 3 19 9 6 7 -9 29 -11 28 -13 21 14 -16 -17 -18 -19 -20 -21 22 -23 -24 -25 27 -27 -28 -29 -30 -31
leaf_value=-2.1133066196664303 -2.0948626480965014 -1.5071271534672024 -1.9291128787941787 -1.3838346834239861 -1.4619174798970445 -2.1073085828127227 -2.0623271171706037 -1.4161257721568796 -1.3916214952398629 -1.4430969356131111 -1.6950886255731565 -1.3429737266070307 -1.8977635655673464 -2.1023454704379416 -1.4607933643332021 -1.6455765117111938 -1.6306320937049033 -1.3988759420246735 -1.6970954264170901 -1.3778013316749447 -1.9868073895214942 -1.5644651415176316 -1.5057394575094754 -1.6405442076886674 -1.9350828330566974 -2.0774424183354374 -1.973835603989583 -1.7153701234639762 -1.3506440269399898 -1.3431071118416928
leaf_weight=12348.217717409134 108.09284448623657 115.29903411865234 45.296049118041992 21.515623331069946 5.8678972721099845 97.59239673614502 68.149964809417725 49.92859959602356 222.87715077400208 40.045825242996216 11.015175580978395 106.44571542739868 19.765548706054688 927.02482342720032 48.693252801895142 10.706338882446287 6.5885162353515616 52.296347618103027 70.414767265319824 103.66618514060974 12.353467941284181 14.206488132476805 5.7649517059326163 5.0443327426910392 32.221962213516235 144.02084708213806 66.811672449111938 19.353766441345215 7.0002985000610343 925.17180323600769
leaf_count=119949 1050 1120 440 209 57 948 662 485 2165 389 107 1034 192 9005 473 104 64 508 684 1007 120 138 56 49 313 1399 649 188 68 8987
internal_value=-2.02603 -1.46479 -2.09777 -1.76875 -1.89533 -2.10711 -1.93308 -1.78909 -1.38167 -1.66089 -1.96614 -1.4788 -1.99881 -2.10992 -2.06738 -2.0152 -2.09902 -1.53954 -1.57916 -1.43635 -1.58951 -1.75838 -1.83374 -2.03719 -1.81272 -2.04195 -2.04863 -1.85264 -1.56125 -1.35253
internal_weight=15711.4 1780.65 13930.8 384.605 288.145 13546.2 215.671 118.079 1492.5 97.4895 241.304 344.456 223.289 13330.5 982.307 190.655 933.613 238.01 185.714 143.3 39.634 33.972 18.1184 179.949 57.4436 189.317 174.905 51.5757 18.0155 1148.05
internal_count=152619 17297 135322 3736 2799 131586 2095 1147 14498 947 2344 3346 2169 129491 9542 1852 9069 2312 1804 1392 385 330 176 1748 558 1839 1699 501 175 11152
is_linear=0
shrinkage=1


Tree=1
num_leaves=31
num_cat=0
split_feature=21 14 14 2 21 19 14 3 14 14 0 19 15 2 7 4 4 13 3 11 21 2 9 4 5 13 3 2 1 4
split_gain=58116.9 4491.61 3914.02 1755.46 846.078 699.857 464.043 861.501 287.158 270.586 1686.03 208.81 142.202 154.017 139.52 131.554 130.913 124.048 96.0069 89.6328 89.3033 82.107 81.6967 78.7398 71.487 52.432 171.251 51.1625 46.3951 43.8064
threshold=0.79462140798568737 0.49074074625968939 0.17902930825948718 0.51087471842765819 0.91806775331497203 2.5000000000000004 0.10762548446655275 0.77015754580497753 0.81101191043853771 0.2639319002628327 0.73673227429389965 1.5000000000000002 1.0000000180025095e-35 0.91704893112182628 0.78351852297782909 0.47222222387790685 0.095454547554254546 0.55888774991035473 0.96580946445465099 0.65578511357307445 0.85906931757926952 0.2237871661782265 0.46225070953369146 0.4083333313465119 0.43650794029235845 0.72767147421836864 0.79277813434600841 0.94174209237098705 0.36451049149036413 0.4083333313465119
decision_type=2 2 2 2 2 2 2 2 2 2 2 2 2 2 2 2 2 2 2 2 2 2 2 2 2 2 2 2 2 2
left_child=1 5 4 8 17 9 -7 -8 14 25 15 24 13 16 21 -11 -4 20 -18 -12 -2 -3 -10 -22 -6 -1 -27 -26 -24 -5
right_child=2 3 12 29 11 6 7 -9 22 10 19 -13 -14 -15 -16 -17 18 -19 -20 -21 23 -23 28 -25 27 26 -28 -29 -30 -31
leaf_value=-0.086829222039385048 -0.066654504859055747 0.11194402479480293 0.42673736857618394 0.30399314261346233 0.42527068876407742 -0.083265109724770858 -0.051278736917397219 0.35564723808925158 0.33893498900940827 -0.077140268084204322 0.380596317328664 0.34466275053626955 0.38038943111301637 0.38174135987893648 0.33664642752584395 0.29382393974464238 0.22115501050190214 0.20667751269977053 0.32026808606535062 0.20880917209617958 -0.043587042181225714 -0.041869291420286697 0.077880646757778435 0.13658118466157718 0.081436114913437926 -0.047099090764737339 0.58609885560226005 0.21871226744226391 0.37723817260897136 0.38016298418079403
leaf_weight=11473.685311302543 137.41216611862183 25.615363970398903 41.161456912755966 79.001698806881905 5.666107363998889 86.686466060578823 65.829025745391846 67.376850284636021 19.310729563236237 861.21625037491322 46.788997143507004 63.719766601920128 1860.5828361362219 232.96680349111557 7.2252360656857482 6.1619292944669715 120.04832173138857 15.164534538984297 130.59118224680424 33.254180863499641 30.237112626433372 167.13425759971142 22.383943863213066 31.905748508870602 48.467997439205647 24.431538492441181 3.0779891014099112 27.085899367928505 3.8890584260225287 124.43600004166365
leaf_count=119285 1403 241 277 549 40 897 658 437 142 8877 314 420 11413 1460 57 45 826 123 918 243 281 1626 183 291 435 254 32 211 29 777
internal_value=-0.00181856 -0.0718675 0.332922 0.176793 0.0869082 -0.0806805 0.060797 0.154548 0.032813 -0.0831796 -0.0420852 0.236253 0.370016 0.333236 -0.00849085 -0.0745049 0.294511 -0.0139028 0.272796 0.309227 -0.030665 -0.0214283 0.214012 0.048916 0.151203 -0.0865647 0.0237482 0.130649 0.122193 0.350584
internal_weight=15862.5 13117.5 2745.01 448.996 359.659 12668.5 219.892 133.206 245.559 12448.6 947.421 144.94 2385.35 524.768 199.975 867.378 291.801 214.72 250.64 80.0432 199.555 192.75 45.5837 62.1429 81.22 11501.2 27.5095 75.5539 26.273 203.438
internal_count=152744 134646 18098 3604 3204 131042 1992 1095 2278 129050 9479 1106 14894 3481 1924 8922 2021 2098 1744 557 1975 1867 354 572 686 119571 286 646 212 1326
is_linear=0
shrinkage=0.08


Tree=2
num_leaves=31
num_cat=0
split_feature=21 13 13 2 21 19 16 15 16 2 13 15 8 15 7 3 21 16 2 15 19 3 4 3 1 4 2 3 5 7
split_gain=42612 3132.13 2834.56 801.615 709.839 640.976 258.35 210.58 203.81 149.298 229.074 137.15 147.318 132.681 285.161 120.391 104.388 89.5457 89.3137 641.102 88.784 87.0873 83.1863 101.916 69.0643 68.3291 63.423 53.9682 153.032 49.3733
threshold=0.78441622853279125 0.81040117144584667 0.52290582656860363 0.48313754796981817 0.92459025979042064 2.5000000000000004 1.0000000180025095e-35 1.0000000180025095e-35 1.0000000180025095e-35 0.82426470518112194 0.45341086387634283 1.0000000180025095e-35 4.5000000000000009 1.5000000000000002 0.67208993434906017 0.2237871661782265 0.8521724045276643 1.0000000180025095e-35 0.90054944157600414 1.0000000180025095e-35 1.5000000000000002 0.58876052498817455 0.095454547554254546 0.93127068877220165 0.3440061509609223 0.4083333313465119 0.76253134012222301 0.93957647681236278 0.73214286565780651 0.76080808043479931
decision_type=2 2 2 2 2 2 2 2 2 2 2 2 2 2 2 2 2 2 2 2 2 2 2 2 2 2 2 2 2 2
left_child=1 5 4 8 7 13 9 16 29 -7 -11 12 27 18 26 -10 -2 -5 -1 -20 -6 -8 -14 -24 -17 -18 -15 28 -4 -3
right_child=2 3 11 17 20 6 21 -9 15 10 -12 -13 22 14 -16 24 25 -19 19 -21 -22 -23 23 -25 -26 -27 -28 -29 -30 -31
leaf_value=-0.084635670636189375 -0.072523792602625439 -0.035065051468427429 0.27120448456082147 0.19277135276558427 0.13770444081940475 -0.043722252240744296 0.047539678502527896 0.22300374425054376 0.3068549605971253 -0.010252155336867297 0.27366795996066418 0.28435104873293127 0.3044654813408294 -0.060213592719838172 0.3163930356427489 0.053419403371537895 -0.044299737079088443 0.30329928503602249 -0.06939750181854043 0.39234805260539929 0.25909343886958175 0.31316237907628969 0.052904712773561291 0.19863126363704531 0.32736705363775281 0.10413131986398062 0.35105248652568288 0.2844558635644403 0.086008770147093336 0.21173916196379253
leaf_weight=11079.769233457744 180.07456978410482 125.73204889893532 122.17174651473761 76.492678783833981 82.758064642548561 115.04959976673126 10.954670846462248 21.284414798021317 19.857519671320915 46.615811944007874 29.822216868400574 2303.0816535204649 30.013053111732006 87.481893435120583 16.126113206148148 57.586918540298939 36.141934990882874 121.30726053565741 390.75868464261293 20.241139560937881 72.207101032137871 28.325761377811432 42.205442883074284 112.8138318285346 6.5607790127396575 44.029662638902664 2.4675209596753112 335.23879436403513 37.266951411962509 5.410853683948516
leaf_count=122827 1946 1265 704 451 616 1141 106 139 153 461 162 11607 168 945 119 502 349 651 4299 165 387 151 288 681 46 359 16 1761 220 38
internal_value=-0.00251884 -0.0722665 0.247168 0.144309 0.0567592 -0.079828 0.0521935 -0.0189301 0.0374361 0.013856 0.100519 0.275032 0.243455 -0.0824551 0.0066068 0.134723 -0.0387168 0.260556 -0.0832773 -0.0466572 0.194266 0.239085 0.182558 0.158956 0.0814377 0.0372175 -0.0489316 0.266233 0.227917 -0.0248821
internal_weight=15659.8 12240.6 3419.29 412.948 436.496 11827.6 230.768 281.531 215.148 191.488 76.438 2982.79 679.71 11596.8 106.076 84.0052 260.246 197.8 11490.8 411 154.965 39.2804 185.032 155.019 64.1477 80.1716 89.9494 494.677 159.439 131.143
internal_count=152723 133498 19225 3106 3796 130392 2021 2793 2004 1764 623 15429 3822 128371 1080 701 2654 1102 127291 4464 1003 257 1137 969 548 708 961 2685 924 1303
is_linear=0
shrinkage=0.08


Tree=3
num_leaves=31
num_cat=0
split_feature=13 3 19 2 14 10 7 14 12 3 14 7 14 2 7 14 10 4 11 2 15 14 2 13 16 2 16 3 4 14
split_gain=31534.5 2995.07 2518.67 734.95 1645.02 863.757 392.336 331.92 384.175 305.735 244.124 583.864 221.928 165.175 354.806 173.447 95.4125 155.645 92.4166 89.177 83.4713 77.5072 76.0419 75.2424 64.6518 122.104 64.5467 64.247 63.9789 53.3032
threshold=0.7119928002357484 0.48050633072853094 2.5000000000000004 0.86526826024055492 0.13100686669349673 1.0000000180025095e-35 0.75896826386451732 0.17902930825948718 0.073427468538284316 0.71516755223274242 0.3514705896377564 0.75138887763023388 0.71825397014617931 0.58885449171066295 0.64837962388992321 0.70710784196853649 1.0000000180025095e-35 0.4083333313465119 0.62036165595054638 0.5604878067970277 1.0000000180025095e-35 0.2639319002628327 0.23132664710283282 0.55494356155395519 1.0000000180025095e-35 0.88679084181785595 1.0000000180025095e-35 0.23606811463832858 0.10555555671453477 0.20942982286214831
decision_type=2 2 2 2 2 2 2 2 2 2 2 2 2 2 2 2 2 2 2 2 2 2 2 2 2 2 2 2 2 2
left_child=2 6 3 10 5 23 12 8 -4 -9 16 19 22 14 15 -3 29 -18 21 -12 -10 -6 26 -5 25 28 -2 -14 -15 -1
right_child=1 13 7 4 18 -7 -8 9 20 -11 11 -13 27 24 -16 -17 17 -19 -20 -21 -22 -23 -24 -25 -26 -27 -28 -29 -30 -31
leaf_value=-0.086864446650899207 -0.018326835904285563 -0.046700608834719118 0.2213355212108053 -0.085935217944303852 0.53943806265356531 0.16474496383838119 0.22979287866699052 -0.020957054116181231 -0.066883138757860006 0.23340769136893744 -0.076017517310771526 0.2634068494800208 0.21789589680641933 0.24886689706516696 0.23335391251682341 0.18177205442927716 -0.075384360613012805 0.057081465479350238 0.23633934027848813 0.11860846634032017 0.21422623475600422 0.26248203024215433 -0.065685494634336858 0.19116587719352179 0.23729059767003757 0.23679661272925301 0.17808191036575602 0.054198073410022973 0.17122475837618695 -0.069055079692621396
leaf_weight=8533.5761164277792 35.795116722583771 58.706261567771435 51.102657422423363 633.10124102979898 13.576065413653852 104.64494945853949 43.900996319949627 35.820547960698605 95.620375819504261 194.19138693064451 183.41325154155493 43.495208404958248 22.750601522624493 81.04759619385004 159.28514055907726 33.344241484999657 195.19318140298128 80.049488894641399 91.196455121040344 16.415671303868294 7.2746185958385459 12.349791914224623 280.93956968933344 6.3341699764132491 1965.9596366584301 626.36321823298931 15.2797380015254 47.134362183511257 419.47091066837311 1230.6788932830095
leaf_count=101658 375 544 260 7430 132 650 224 356 1020 913 2117 242 135 387 776 169 2221 661 486 147 47 61 3080 45 8834 2901 126 355 2161 14226
internal_value=-0.00268976 0.1975 -0.0685044 -0.0754458 -0.00445509 -0.0483215 0.00271729 0.132937 0.0420387 0.193795 -0.0813914 -0.0022137 -0.022087 0.223465 0.161096 0.036061 -0.0833104 -0.036859 0.274229 -0.0600293 -0.0470089 0.40751 -0.0493612 -0.0831903 0.228534 0.213256 0.0404315 0.107489 0.183797 -0.0846198
internal_weight=15318 3789.98 11528 11144 861.203 744.08 445.8 384.01 153.998 230.012 10282.8 243.324 401.899 3344.18 251.336 92.0505 10039.5 275.243 117.122 199.829 102.895 25.9259 332.014 639.435 3092.84 1126.88 51.0749 69.885 500.519 9764.26
internal_count=152739 20067 132672 130076 8804 8125 4295 2596 1327 1269 121272 2506 4071 15772 1489 713 118766 2882 679 2264 1067 193 3581 7475 14283 5449 501 490 2548 115884
is_linear=0
shrinkage=0.08


Tree=4
num_leaves=31
num_cat=0
split_feature=21 13 13 2 21 19 13 15 15 3 2 15 0 9 16 2 13 21 15 19 13 3 5 7 17 16 0 9 2 7
split_gain=27663.8 2246.57 1552.68 651.237 443.963 334.187 192.101 189.499 145.191 226.22 144.9 110.593 196.891 96.685 91.6888 126.013 77.7875 74.8558 361.265 53.9406 53.1893 71.0693 46.6383 44.1621 40.6742 40.2024 38.6487 36.9537 36.6984 43.569
threshold=0.7805672585964204 0.76325833797454845 0.52653238177299511 0.50926244258880626 0.8521724045276643 2.5000000000000004 0.90574499964714061 1.0000000180025095e-35 1.0000000180025095e-35 0.65733855962753307 0.79277813434600841 1.5000000000000002 0.71568331122398388 0.4803846031427384 1.0000000180025095e-35 0.91704893112182628 0.63185164332389843 0.7142462730407716 1.0000000180025095e-35 1.5000000000000002 0.46190130710601812 0.91331186890602123 0.58571431040763866 0.85805556178092968 1.0000000180025095e-35 1.0000000180025095e-35 0.77747112512588512 0.45199692249298101 0.81120249629020702 0.52817460894584667
decision_type=2 2 2 2 2 2 2 2 2 2 2 2 2 2 2 2 2 2 2 2 2 2 2 2 2 2 2 2 2 2
left_child=1 5 4 6 7 11 23 -2 20 -10 -6 17 -13 -8 15 16 24 -1 -19 22 -7 -22 -12 27 -4 28 -18 -3 29 -5
right_child=2 3 14 25 10 8 13 -9 9 -11 19 12 -14 -15 -16 -17 26 18 -20 -21 21 -23 -24 -25 -26 -27 -28 -29 -30 -31
leaf_value=-0.084565549633961123 -0.070896411521738159 0.02785948268974512 0.13288526895628938 0.035051478489776439 0.01985133497283019 -0.075802822818512569 0.19206751270617484 0.15949507659835313 -0.05653718872179616 0.21084553374554824 0.23131513192832281 -0.056756255079234465 0.22144298652215205 0.032109426026614332 0.20305718593375197 0.20388125847540195 0.096587589350532799 -0.076896465597601646 0.06975928377994195 0.19151995283423695 -0.049078513895688299 0.18417880030036318 0.082088714919610839 0.19188062646896303 -0.022937393377371752 0.20788622458637959 0.16660134464229695 -0.059446120992797655 0.20493812844688758 0.16592791341212834
leaf_weight=8527.6771170794964 192.99600267410278 38.366511911153793 20.289273783564568 29.752497106790543 81.016046494245529 71.393802359700203 41.394037544727325 25.916554614901543 33.674984268844128 50.800357945263386 16.008241549134254 72.624148637056351 20.986326619982719 58.167547859251499 2201.1754755452275 607.35271815210581 54.604586623609066 1282.9092976078391 117.33135840296745 92.236016280949116 20.754281908273697 13.998051971197127 82.390033029019833 5.2690695002675048 22.733917228877544 147.96744920313358 664.8199479803443 162.21650879830122 38.607490919530392 35.948961824178696
leaf_count=108583 2343 385 120 190 686 823 255 151 358 244 89 866 133 490 9278 2608 270 16164 1172 419 198 72 541 29 159 652 3070 1787 173 189
internal_value=-0.00330428 -0.0704002 0.174612 0.0859533 0.0411576 -0.0789387 0.00738322 -0.0436209 0.0259931 0.104257 0.109477 -0.0809346 0.00561262 0.0986141 0.192945 0.176695 0.155038 -0.0817507 -0.0646076 0.147567 -0.0362924 0.0448763 0.106366 -0.0367411 0.0505469 0.181073 0.161287 -0.0427467 0.143036 0.106661
internal_weight=14831.4 10769.8 4061.54 557.69 490.563 10212.1 305.414 218.913 190.621 84.4753 271.65 10021.5 93.6105 99.5616 3570.98 1369.8 762.448 9927.92 1400.24 190.634 106.146 34.7523 98.3983 205.852 43.0232 252.276 719.425 200.583 104.309 65.7015
internal_count=152497 132763 19734 4150 4229 128613 2946 2494 1695 602 1735 126918 999 745 15505 6227 3619 125919 17336 1049 1093 270 630 2201 279 1204 3340 2172 552 379
is_linear=0
shrinkage=0.08


Tree=5
num_leaves=31
num_cat=0
split_feature=21 14 14 21 2 19 14 2 14 0 19 3 11 4 2 16 8 1 19 5 4 3 5 13 16 14 5 4 5 6
split_gain=23649.7 1975.68 1629.72 531.455 469.84 291.401 177.16 206.215 164.104 1068.76 137.783 99.5612 94.591 85.4989 65.1746 62.2667 99.7732 45.1378 45.0373 42.0622 72.6509 41.0357 43.886 40.2069 38.3744 28.7429 26.315 23.0859 108.085 39.1397
threshold=0.77670803666114818 0.43874999880790716 0.15075758099555972 0.8660678267478944 0.51087471842765819 2.5000000000000004 0.10762548446655275 0.62575301527977001 0.22792208194732669 0.73673227429389965 3.5000000000000004 0.90521115064620983 0.6624930500984193 0.47222222387790685 0.2237871661782265 1.0000000180025095e-35 4.5000000000000009 0.35781671106815344 1.5000000000000002 0.86607143282890331 0.73214286565780651 0.93127068877220165 0.63333335518836986 0.58845728635787975 1.0000000180025095e-35 0.21807064861059192 0.58571431040763866 0.10555555671453477 0.31666667759418493 1.0000000180025095e-35
decision_type=2 2 2 2 2 2 2 2 2 2 2 2 2 2 2 2 2 2 2 2 2 2 2 2 2 2 2 2 2 2
left_child=1 5 3 23 10 8 -7 -8 -1 13 14 -5 -11 -10 24 16 21 -16 26 20 -18 22 -4 -2 -3 -21 -13 -6 29 -29
right_child=2 4 15 11 27 6 7 -9 9 12 -12 18 -14 -15 17 -17 19 -19 -20 25 -22 -23 -24 -25 -26 -27 -28 28 -30 -31
leaf_value=-0.084197616085133653 -0.068814085322288665 0.0015139098254607171 0.16563336066576281 0.008954821616897507 0.20806403413942343 -0.08171975396135045 -0.050835661587650453 0.16983231465995891 -0.07733358654619106 0.25731323689054675 0.13843947727943257 0.19850865850107291 0.076899738304338758 0.1794166348901868 -0.046079876272233478 0.18040342868892947 0.12529292673420167 0.077319910892340471 0.16360639843014477 -0.057324575069505938 0.014375044491103765 0.18194692255807521 0.099793589337327418 0.10323490690312191 0.15232724296114164 0.16773160496971218 0.076507792674386219 -0.023622313806685391 0.17532733632963166 0.23072556064886332
leaf_weight=8233.2804159522057 240.60568836331367 21.975521378219128 244.24312406778336 61.696786805987358 53.535400725901127 65.948942959308624 44.648274123668671 68.971667110919952 1007.4081120193005 67.646353133022785 45.4542096555233 12.729959666728972 25.652014136314392 8.3697405457496625 176.71315202862024 2335.9388630241156 196.51089508086443 21.252634093165398 99.692607149481773 3.7436936646699897 46.792931482195854 748.14312400668859 88.187839657068253 9.0189797580242139 21.229198455810547 121.57979626953602 101.80283989757299 26.89599929749966 159.55866815149784 4.5232305377721778
leaf_count=112661 3018 201 1080 479 256 824 484 319 13282 417 316 65 196 51 1905 9518 933 183 438 29 212 3095 397 51 122 537 654 184 670 21
internal_value=-0.00277072 -0.0699898 0.153993 0.021982 0.0801715 -0.0783659 0.0225794 0.0831183 -0.0803061 -0.0514175 0.0106761 0.0985008 0.207709 -0.075218 -0.0134039 0.172322 0.159295 -0.0328323 0.12429 0.123356 0.103961 0.171555 0.148167 -0.0625979 0.075618 0.161009 0.0900678 0.161636 0.148621 0.0129946
internal_weight=14363.8 10053.1 4310.69 525.547 531.138 9521.93 179.569 113.62 9342.36 1109.08 286.625 275.922 93.2984 1015.78 241.171 3785.14 1449.2 197.966 214.225 368.627 243.304 1080.57 332.431 249.625 43.2047 125.323 114.533 244.513 190.978 31.4192
internal_count=152598 132092 20506 4705 3858 128234 1627 803 126607 13946 2727 1636 613 13333 2411 15801 6283 2088 1157 1711 1145 4572 1477 3069 323 566 719 1131 875 205
is_linear=0
shrinkage=0.08


Tree=6
num_leaves=31
num_cat=0
split_feature=21 14 14 21 3 14 0 4 14 19 15 8 12 7 9 7 13 14 4 19 14 5 3 3 4 7 18 3 0 4
split_gain=20130.1 1766.67 1319.16 439.757 381.356 290.618 1243.62 112.45 104.925 79.4273 61.5753 61.3096 61.1235 58.2394 58.0215 57.8009 57.371 52.9626 47.2623 45.4672 76.8835 55.947 39.914 37.1809 31.6494 25.8558 30.0445 25.8163 25.7052 29.1685
threshold=0.77670803666114818 0.43874999880790716 0.19292803853750232 0.8660678267478944 0.5604878067970277 0.22792208194732669 0.73318040370941173 0.47222222387790685 0.71825397014617931 1.5000000000000002 1.0000000180025095e-35 4.5000000000000009 0.44220647215843206 0.73463204503059398 0.44136746227741247 0.75138887763023388 0.59424430131912243 0.43167701363563543 0.095454547554254546 2.5000000000000004 0.10762548446655275 0.86607143282890331 0.90521115064620983 0.90366768836975109 0.095454547554254546 0.50035613775253307 1.0000000180025095e-35 0.81302964687347423 0.74470448493957531 0.38750000298023229
decision_type=2 2 2 2 2 2 2 2 2 2 2 2 2 2 2 2 2 2 2 2 2 2 2 2 2 2 2 2 2 2
left_child=1 5 3 16 8 19 7 15 13 23 11 -4 18 14 -3 -7 -2 24 -8 -1 -21 -22 -14 -5 -13 26 -10 -11 29 -12
right_child=2 4 10 9 -6 6 12 -9 25 27 28 17 22 -15 -16 -17 -18 -19 -20 20 21 -23 -24 -25 -26 -27 -28 -29 -30 -31
leaf_value=-0.083428660049506997 -0.062514384356356242 0.053960957703403686 0.15004046837846338 -0.0069376442486162402 0.14618620274461769 -0.077785062731615784 0.28356841123283077 0.15016695550486772 -0.0084157879082881609 -0.018819489425632746 0.084346745838014353 0.22662157343908881 -0.015011591979294629 0.16407791161026836 -0.052961646163010537 0.07484479188983853 0.091762663482451837 0.13092421885076266 0.16852605796243952 -0.080460876178583066 -0.031175385531081991 0.1794458172920303 0.22314639373240774 0.077303892472390209 0.039189889495243067 0.14241143733673281 0.11563814773255267 0.14619173779824798 0.16284105748967445 0.15938553385345627
leaf_weight=7674.6520108133554 241.91878727078438 41.234197027981281 630.84852343797684 46.251055814325809 244.99410317093134 970.40158875286579 29.659359276294708 14.36485133320093 26.2739177942276 6.3887841403484336 58.135507754981518 6.2100162133574477 16.094073399901394 10.396989144384859 153.01126883178949 16.143638506531715 16.477301150560379 151.95143591612577 99.620052009820938 60.110363937914371 16.384076528251171 15.908770650625227 6.2538250759243956 121.921516045928 80.60491169989109 32.255227722227573 23.824448145925999 120.85688503831625 2809.047084197402 77.148374035954475
leaf_count=112791 3136 381 2617 367 1108 13598 176 74 190 56 262 30 130 60 1745 196 89 669 514 807 139 70 32 731 396 189 133 522 11279 311
internal_value=-0.00311096 -0.0687476 0.138923 0.0235472 0.0728762 -0.0771944 -0.0397075 -0.0720518 0.010295 0.0902185 0.155676 0.136972 0.173801 -0.0203906 -0.0302642 -0.0752875 -0.0526765 0.102445 0.194919 -0.082757 -0.0269747 0.0725852 0.0516344 0.0541357 0.0525972 0.0865465 0.0505785 0.137907 0.161201 0.127139
internal_weight=13819.3 9451.58 4367.76 553.814 531.99 8919.59 1152.54 1000.91 286.996 295.418 3813.95 869.615 151.627 204.642 194.245 986.545 258.396 238.766 129.279 7767.06 92.4032 32.2928 22.3479 168.173 86.8149 82.3536 50.0984 127.246 2944.33 135.284
internal_count=152798 132333 20465 4901 3806 128527 14720 13868 2698 1676 15564 3712 852 2186 2126 13794 3225 1095 690 113807 1016 209 162 1098 426 512 323 578 11852 573
is_linear=0
shrinkage=0.08


Tree=7
num_leaves=31
num_cat=0
split_feature=21 14 14 2 21 14 2 14 2 16 2 14 2 4 7 7 5 4 4 3 7 3 1 2 4 1 19 14 14 17
split_gain=17333.7 1648.87 1084.29 711.789 373.222 169.196 166.469 728.562 91.6166 69.2134 91.7485 68.7281 641.046 98.5231 94.0839 67.1919 138.014 81.7819 59.3043 63.2031 57.695 50.0933 41.9335 61.5571 35.9908 30.3444 29.5151 42.4636 27.8942 46.9227
threshold=0.77670803666114818 0.35388994216918951 0.17902930825948718 0.51087471842765819 0.85906931757926952 0.62828946113586437 0.90443575382232677 0.13100686669349673 0.90521115064620983 1.0000000180025095e-35 0.88989898562431347 0.1863425895571709 0.6820855736732484 0.12916667014360431 0.72258296608924877 0.60182178020477306 0.31666667759418493 0.095454547554254546 0.095454547554254546 0.76506900787353527 0.75896826386451732 0.2237871661782265 0.32282878458499914 0.25158227980136877 0.63068181276321422 0.43951219320297247 2.5000000000000004 0.23669467866420749 0.089572194963693633 1.0000000180025095e-35
decision_type=2 2 2 2 2 2 2 2 2 2 2 2 2 2 2 2 2 2 2 2 2 2 2 2 2 2 2 2 2 2
left_child=1 6 4 5 28 20 11 -8 24 10 18 -1 14 -14 -13 16 17 -5 25 -20 21 -3 23 -7 -6 -4 27 -9 -2 -30
right_child=2 3 9 15 8 22 7 26 -10 -11 -12 12 13 -15 -16 -17 -18 -19 19 -21 -22 -23 -24 -25 -26 -27 -28 -29 29 -31
leaf_value=-0.084318725038168715 -0.073278704051155816 0.029581228917424918 0.046028132450037847 0.12008766024437373 0.0059793282024523855 0.10229080618671552 -0.079082674204217926 0.38306275489481578 0.12529758274013786 0.1506830321602009 0.14803607408864589 -0.080961264134936886 0.38805031104466464 0.1360865913688287 0.027286879027992747 0.16946685028046843 0.1441286401569522 -0.071849335988440594 0.017852354874656331 0.10553625613632667 0.12014080674770185 -0.06871774608222006 0.16246410393516306 -0.013960792241710795 0.083685770524810493 0.16592309162212363 0.16551203622994989 0.20160593325589074 0.073436223806124787 -0.086392859158890278
leaf_weight=6347.5105015709996 176.87268653512001 37.325069315731525 15.056774966418741 22.438658773899078 97.002960167825222 50.52252983301878 268.1968464627862 14.320227138698099 139.24907165765762 2357.002248249948 758.39115162193775 1249.9426842033863 12.405070178210734 49.822571136057377 53.59033615142107 148.12545842677355 130.84334773570299 38.731105014681816 58.582095921039581 516.18800874054432 12.08138833940029 298.68190832436085 19.244247660040855 68.915750153362751 62.870965570211411 131.51498012244701 26.334526672959328 19.483286149799824 24.269848585128784 22.799209631979465
leaf_count=100311 2536 427 71 142 716 302 4110 109 632 9475 3054 19118 79 349 608 645 539 337 279 2191 78 4081 113 605 351 536 107 86 210 277
internal_value=-0.0031712 -0.0673795 0.127439 0.0401926 0.0193869 -0.0218517 -0.0784411 -0.0226523 0.0778576 0.142169 0.128608 -0.0808159 -0.0645359 0.186316 -0.076511 0.128984 0.0977541 -0.00144186 0.108183 0.0965993 -0.0516224 -0.0577983 0.0528716 0.0352138 0.0365377 0.153607 0.229009 0.278477 -0.0587135 -0.00398145
internal_weight=13228.3 8868.52 4359.8 826.909 523.065 486.771 8041.61 328.335 299.123 3836.74 1479.73 7713.27 1365.76 62.2276 1303.53 340.139 192.013 61.1698 721.342 574.77 348.088 336.007 138.683 119.438 159.874 146.572 60.138 33.8035 223.942 47.0691
internal_count=152474 132146 20328 7269 4722 5606 124877 4412 1699 15606 6131 120465 20154 428 19726 1663 1018 479 3077 2470 4586 4508 1020 907 1067 607 302 195 3023 487
is_linear=0
shrinkage=0.08


Tree=8
num_leaves=31
num_cat=0
split_feature=14 0 2 14 10 14 11 10 4 14 0 2 2 12 16 0 8 19 7 4 4 7 14 7 3 11 5 1 18 19
split_gain=14027.7 1859.21 1214.11 929.25 584.837 336.802 156.108 119.694 117.708 85.9883 509.993 83.9806 78.5608 78.4533 70.2464 91.8028 51.6246 48.3096 45.6881 45.0373 41.0372 40.9652 50.7158 40.0177 39.2717 39.2715 38.3388 33.9922 29.2462 28.7532
threshold=0.32795698940753942 0.67935794591903698 0.86240702867507946 0.13840996474027636 1.0000000180025095e-35 0.61721614003181469 0.85993880033493053 1.0000000180025095e-35 0.4083333313465119 0.20942982286214831 0.73673227429389965 0.5604878067970277 0.48050633072853094 0.39036004245281225 1.0000000180025095e-35 0.77083849906921398 4.5000000000000009 3.5000000000000004 0.70972222089767467 0.10555555671453477 0.38750000298023229 0.676479071378708 0.68990385532379161 0.75896826386451732 0.23606811463832858 0.64169430732727062 0.15476191043853763 0.15450928360223773 1.0000000180025095e-35 1.5000000000000002
decision_type=2 2 2 2 2 2 2 2 2 2 2 2 2 2 2 2 2 2 2 2 2 2 2 2 2 2 2 2 2 2
left_child=2 5 6 4 13 11 7 9 -9 -1 -11 23 17 -4 15 21 -17 27 -8 -13 -21 22 -3 24 -2 -5 -18 -7 -15 -6
right_child=1 14 3 25 29 12 18 8 -10 10 -12 19 -14 28 -16 16 26 -19 -20 20 -22 -23 -24 -25 -26 -27 -28 -29 -30 -31
leaf_value=-0.083376289477546286 -0.0008972067917416461 -0.0032799500841658273 -0.079090989623784164 0.19853797238779272 0.065720092125061289 0.058794089371257144 -0.038613718354773272 -0.068223875759216485 0.044821970967632178 -0.080366928864430531 0.096354841823440535 0.2778021633781782 0.12962083982878098 -0.090781629228203112 0.14130347075326496 0.13455421596475611 0.15279261696160845 0.10418119104973941 0.13265120616769094 -0.065050969716348953 0.14229416943669043 0.16138773406609869 0.1168855584741835 0.095152053645346624 -0.072215885831776724 0.12790833017259651 0.084578360925137833 -0.034443119753790059 0.15930620127487891 0.13158492224924506
leaf_weight=6021.6599011979997 57.233171042054892 73.088886138051748 491.94482098519802 67.36173427850008 86.132982812821865 42.227904573082924 15.26895349472761 147.69417010620236 98.106223359704018 790.5501919016242 120.43296962976456 5.879435263574126 85.514544889330864 3.943530537188054 2348.1225309595466 952.49067180603743 65.639327421784401 43.265541188418865 28.719274777919054 13.145988218486311 11.412367090582846 18.962326366454363 32.461885392665863 10.568210229277609 361.71133814007044 199.88840509206057 268.14435457438231 61.431186892092228 12.412317231297493 83.580565318465233
leaf_count=102034 721 521 7965 325 454 299 221 2192 705 12864 734 43 364 48 9591 3858 269 232 123 128 51 95 134 73 5354 847 1119 539 70 343
internal_value=-0.00361875 0.110637 -0.0658866 0.0193711 -0.0304277 -0.00983002 -0.077045 -0.0779657 -0.0231039 -0.0799109 -0.0570041 -0.0494944 0.0686579 -0.0733602 0.132826 0.118717 0.125067 0.0331757 0.0732027 0.0789175 0.0313032 0.053126 0.0336767 -0.0585945 -0.0624728 0.145711 0.0979929 0.00353919 0.099008 0.0981572
internal_weight=12619 4451.3 8167.7 945.264 678.014 692.39 7222.43 7178.44 245.8 6932.64 910.983 459.951 232.439 508.301 3758.91 1410.79 1286.27 146.925 43.9882 30.4378 24.5584 124.513 105.551 429.513 418.945 267.25 333.784 103.659 16.3558 169.714
internal_count=152316 23391 128925 10052 8880 7804 118873 118529 2897 115632 13598 6370 1434 8083 15587 5996 5246 1070 344 222 179 750 655 6148 6075 1172 1388 838 118 797
is_linear=0
shrinkage=0.08


Tree=9
num_leaves=31
num_cat=0
split_feature=21 14 14 21 14 2 2 16 7 16 2 4 2 1 2 4 3 13 7 9 7 19 5 2 14 18 4 13 14 13
split_gain=13318.6 1218.61 1022.88 341.676 219.18 881.83 214.442 110.768 109.343 83.121 101.81 69.3809 103.139 63.3111 60.4783 60.3317 79.3618 48.7464 45.1303 44.4325 36.8459 30.0736 34.5865 28.9926 190.672 32.5172 25.9436 25.3485 24.4189 24.2792
threshold=0.76992610096931469 0.43874999880790716 0.15504807978868487 0.85906931757926952 0.20942982286214831 0.62258651852607738 0.56294015049934398 1.0000000180025095e-35 0.70972222089767467 1.0000000180025095e-35 0.88679084181785595 0.095454547554254546 0.73499399423599254 0.51754924654960643 0.77015754580497753 0.095454547554254546 0.6900656819343568 0.55081140995025646 0.60753968358039867 0.53529900312423717 0.47480064630508428 1.5000000000000002 0.58571431040763866 0.93582704663276683 0.10762548446655275 1.0000000180025095e-35 0.63068181276321422 0.93362700939178478 0.2639319002628327 0.90116673707962047
decision_type=2 2 2 2 2 2 2 2 2 2 2 2 2 2 2 2 2 2 2 2 2 2 2 2 2 2 2 2 2 2
left_child=1 4 3 17 23 8 7 18 29 10 15 28 -13 -10 26 -4 -17 -2 27 -9 -21 22 -16 -1 -25 -26 -5 -3 -7 -6
right_child=2 6 9 14 5 11 -8 19 13 -11 -12 12 -14 -15 21 16 -18 -19 -20 20 -22 -23 -24 24 25 -27 -28 -29 -30 -31
leaf_value=-0.082468384832616343 -0.073276817009114453 -0.059648561282075192 0.13244547558224701 -0.024543319548708805 -0.077306218088644865 0.40601003203164066 0.11953784112952547 0.11397705036789589 -0.00333703985707088 0.13234166117572138 0.12823295014506311 -0.010435498884651791 0.14907318427840163 0.21265429674412928 0.15257787533576594 -0.047345328113049895 0.082442697471989151 0.061767390785007613 0.072933459958370736 -0.030432946212345071 0.082496193803403076 0.11251838177828387 0.03781962589452513 -0.079741650700995884 -0.013958032664598925 0.25447002805912716 0.10078971100368128 0.048101964563919818 0.21187288390949782 0.12951038174725249
leaf_weight=5802.5943379029632 229.45957868173718 129.35777298733592 148.7207413688302 58.477293081581593 1010.4162094406784 5.2171686850488213 194.55929736793041 64.042772639542818 41.592523593455553 2296.8722098469734 789.64225625246763 35.047599758952856 99.880144774913788 10.977701794356106 19.896023094654083 31.875297576189041 557.85789606720209 18.484961587935686 22.858866810798645 39.068712580949068 35.10640736296773 110.94543221592903 108.29750499874353 133.36054389178753 3.6323085874319085 14.100151229649782 12.902275472879408 15.66530519723892 20.206645958125591 3.6459254547953597
leaf_count=105942 3780 1572 630 490 17299 39 839 383 474 9569 3250 362 459 64 97 178 2362 135 180 356 256 456 590 2361 38 81 77 124 95 44
internal_value=-0.00331231 -0.0668087 0.107956 0.00681827 -0.0752225 -0.0444345 0.0538659 0.0121244 -0.0707307 0.122722 0.108264 0.130483 0.107641 0.0417662 0.062734 0.0869107 0.0754276 -0.0632089 -0.0315418 0.0651622 0.0230154 0.0820229 0.0556305 -0.0815675 -0.0469712 0.199485 -0.00188864 -0.0480094 0.251711 -0.0765626
internal_weight=12064.8 7681.33 4383.43 558.463 7180.67 1226.98 500.659 306.1 1066.63 3824.97 1528.1 160.352 134.928 52.5702 310.519 738.454 589.733 247.945 167.882 138.218 74.1751 239.139 128.194 5953.69 151.093 17.7325 71.3796 145.023 25.4238 1014.06
internal_count=152582 130968 21614 5625 127258 18836 3710 2871 17881 15989 6420 955 821 538 1710 3170 2540 3915 1876 995 612 1143 687 108422 2480 119 567 1696 134 17343
is_linear=0
shrinkage=0.08


Tree=10
num_leaves=31
num_cat=0
split_feature=21 14 14 2 21 13 2 14 15 2 14 0 17 2 4 14 0 9 2 9 13 0 2 4 0 8 16 8 2 6
split_gain=11783.4 1162.09 889.329 392.596 275.641 145.324 117.654 405.525 83.4563 70.4628 59.4671 433.4 101.088 57.1174 47.3077 48.3649 42.8675 40.9894 36.4903 35.7794 33.4023 33.1586 35.4386 26.2202 23.3 19.2688 17.9677 28.8616 18.8847 17.7442
threshold=0.76992610096931469 0.35388994216918951 0.17902930825948718 0.56294015049934398 0.85906931757926952 0.8828207552433015 0.90443575382232677 0.10762548446655275 1.0000000180025095e-35 0.91704893112182628 0.1863425895571709 0.74059841036796581 1.0000000180025095e-35 0.90521115064620983 0.095454547554254546 0.78759399056434642 0.70926302671432506 0.53923079371452343 0.74115687608718883 0.43613053858280187 0.55888774991035473 0.74470448493957531 0.5673658847808839 0.81666666269302379 0.63294786214828502 9.5000000000000018 1.0000000180025095e-35 6.5000000000000009 0.6820855736732484 1.0000000180025095e-35
decision_type=2 2 2 2 2 2 2 2 2 2 2 2 2 2 2 2 2 2 2 2 2 2 2 2 2 2 2 2 2 2
left_child=1 6 4 5 20 16 10 -8 9 14 -1 18 -13 -6 -4 -16 19 25 -12 -3 29 22 -10 -22 -19 -7 27 28 -5 -2
right_child=2 3 8 26 13 17 7 -9 21 -11 11 12 -14 -15 15 -17 -18 24 -20 -21 23 -23 -24 -25 -26 -27 -28 -29 -30 -31
leaf_value=-0.082672285315825711 0.030620162975878332 0.010355346245196961 0.13145678815783288 0.051325572328819312 0.024512319125070119 0.27561591711720806 -0.081026211180327101 0.15304296423266092 0.028104449511609501 0.12170339354528591 -0.078044738787931292 0.19182932486868531 0.022459478776488368 0.092573393699488027 0.055885865167341758 0.13403285595969944 0.086914269246602185 -0.012100942878599362 0.12887340685618398 -0.059878498076742864 -0.016111929795517194 0.1244574777627645 0.11277222004145314 0.18148488116857958 0.092400628775335364 0.086577307157311365 0.13040712610315278 0.019646404243996576 0.13475427376137708 -0.071044341730977234
leaf_weight=5073.8464049473405 11.593756839632986 56.125691201537848 83.40466633439064 24.253545101732016 166.59559869766235 3.6312590166926375 193.15766596421599 62.762711953371763 47.092105261981487 363.22027266025543 1037.205681566149 44.40053978562355 45.83470644056797 149.93507041037083 395.49411033093929 58.136325836181641 15.872001353651283 58.718365930020809 5.4834099784493437 268.48905515298247 15.410028655081989 2685.1938799023628 96.416029796004295 5.9602192416787139 17.792599067091942 69.485062018036842 134.91771401464939 29.828543562442064 61.132182292640209 210.11203254014254
leaf_count=99856 175 694 356 165 1069 21 3668 338 225 1533 19437 271 385 654 1697 234 103 524 38 4050 120 11428 414 28 104 400 582 160 257 3643
internal_value=-0.00339661 -0.065905 0.101591 0.0290404 0.00754955 -0.0125804 -0.0767802 -0.0236224 0.115703 0.0944887 -0.0789721 -0.0624005 0.105798 0.0567517 0.0760822 0.065901 -0.0414583 0.0531331 -0.0769566 -0.0477351 -0.0565208 0.122455 0.0849885 0.0389983 0.0122009 0.0959657 0.110593 0.0873909 0.111057 -0.065728
internal_weight=11491.5 7202.94 4288.56 740.246 559.607 490.114 6462.69 255.92 3728.96 900.255 6206.77 1132.92 90.2352 316.531 537.035 453.63 340.487 149.627 1042.69 324.615 243.076 2828.7 143.508 21.3702 76.511 73.1163 250.132 115.214 85.3857 221.706
internal_count=152629 131053 21576 7060 5689 5896 123993 4006 15887 3820 119987 20131 656 1723 2287 1931 4847 1049 19475 4744 3966 12067 639 148 628 421 1164 582 422 3818
is_linear=0
shrinkage=0.08


Tree=11
num_leaves=31
num_cat=0
split_feature=21 14 14 2 21 14 2 14 16 2 4 2 3 14 14 17 20 14 4 20 1 16 2 4 1 4 5 1 3 2
split_gain=10487.9 1090.15 783.769 331.027 230.985 125.009 683.802 119.949 83.3729 93.149 69.6116 80.7525 46.6183 43.9205 41.5449 61.3367 41.0689 40.3096 39.6412 37.4932 35.7856 35.593 41.6029 47.4527 29.3416 29.2667 27.4891 26.9392 24.7059 24.3613
threshold=0.76992610096931469 0.35388994216918951 0.19292803853750232 0.50926244258880626 0.84465017914772045 0.1863425895571709 0.63224515318870556 0.56385868787765514 1.0000000180025095e-35 0.91704893112182628 0.10555555671453477 0.8078865408897401 0.82972848415374767 0.43874999880790716 0.089572194963693633 1.0000000180025095e-35 1.4978661537170412 0.23669467866420749 0.47222222387790685 0.89587974548339855 0.47413024306297308 1.0000000180025095e-35 0.6900656819343568 0.10555555671453477 0.3312236368656159 0.10555555671453477 0.58571431040763866 0.49615384638309484 0.23606811463832858 0.90521115064620983
decision_type=2 2 2 2 2 2 2 2 2 2 2 2 2 2 2 2 2 2 2 2 2 2 2 2 2 2 2 2 2 2
left_child=1 5 4 7 14 -1 18 27 9 13 17 -12 -6 25 -2 29 24 -8 20 26 -7 22 23 -5 -9 -4 -14 28 -3 -16
right_child=2 3 8 21 12 6 10 16 -10 -11 11 -13 19 -15 15 -17 -18 -19 -20 -21 -22 -23 -24 -25 -26 -27 -28 -29 -30 -31
leaf_value=-0.081429741080379148 -0.073084244612686811 0.0031549261904709248 0.12830410567735659 0.10227489556544027 -0.029342330334268234 -0.078531716702920931 0.4933678892399303 -0.0016131375332171813 0.11971823018318901 0.1190885772163942 0.011068314309262337 0.15070006342147124 0.11447120554492955 0.091047681741534117 0.016585448555299361 -0.082975481776767349 0.10258085458846516 0.20341207120291838 0.225096315016903 0.095560153551619856 -0.0011261672064006088 0.11943515532458938 0.10684788128970815 -0.032451157262292217 0.12085759799293035 0.044427406924192885 0.023805057062429726 0.12822631837091394 -0.065311688040623969 0.15558993756620548
leaf_weight=4918.5540280044079 171.20322893932462 39.966516397893429 29.633611135184765 27.467467531561852 40.421375568956137 942.68902625143528 3.9057439304888275 110.23107590898871 2164.8491604328156 607.08823391795158 43.095708422362804 68.865321882069111 25.218632824718952 575.6667539998889 18.142475087195635 27.977421745657921 43.534233078360558 14.314336001873015 2.8178154304623595 124.4769396558404 39.840188585221767 154.48319463059306 71.618158176541328 42.807545810937881 14.124010946601627 262.13226139172912 141.4070318415761 5.2623900659382334 216.17921354994178 14.53258942067623
leaf_count=103841 3213 517 134 162 441 18868 31 980 9603 2638 432 321 132 2388 177 392 234 66 17 534 609 699 303 354 94 1135 782 38 3613 109
internal_value=-0.0031055 -0.0648048 0.0961324 0.027836 0.00832532 -0.075946 -0.0517673 -0.0170586 0.109725 0.0950535 0.120553 0.0969534 0.0511637 0.0782321 -0.0529281 0.00396663 0.0357078 0.265568 -0.0745337 0.0623424 -0.075393 0.0928652 0.0639377 0.0202074 0.0122969 0.0529465 0.0375273 -0.0509478 -0.0546288 0.0784092
internal_weight=10962.5 6759.76 4202.75 725.674 563.38 6034.08 1115.53 429.297 3639.37 1474.52 130.181 111.961 331.524 867.433 231.856 60.6525 167.889 18.2201 985.347 291.103 982.529 296.376 141.893 70.275 124.355 291.766 166.626 261.408 256.146 32.6751
internal_count=152857 131179 21678 6994 5780 124185 20344 5476 15898 6295 850 753 1889 3657 3891 678 1308 97 19494 1448 19477 1518 819 516 1074 1269 914 4168 4130 286
is_linear=0
shrinkage=0.08


Tree=12
num_leaves=31
num_cat=0
split_feature=21 14 14 2 21 14 0 13 16 2 17 7 4 4 1 7 3 2 4 13 4 3 1 9 17 2 0 13 2 1
split_gain=9260.23 979.689 695.093 296.514 207.658 122.283 610.917 100.253 92.5483 92.8923 65.0033 61.635 60.0127 52.6442 41.9811 40.0251 84.9864 39.0375 34.6082 34.4908 33.2872 61.6814 31.9951 29.706 28.6515 28.3105 25.4942 24.3268 38.9767 21.5526
threshold=0.76992610096931469 0.35388994216918951 0.19292803853750232 0.51087471842765819 0.8660678267478944 0.1863425895571709 0.73673227429389965 0.92029970884323131 1.0000000180025095e-35 0.92031747102737438 1.0000000180025095e-35 0.56688311696052562 0.087121214717626586 0.47222222387790685 0.35781671106815344 0.57807540893554699 0.7320508360862733 0.91331186890602123 0.10555555671453477 0.52653238177299511 0.10555555671453477 0.76506900787353527 0.43951219320297247 0.65039682388305675 1.0000000180025095e-35 0.24048192799091342 0.66386345028877269 0.32025641202926641 0.81530213356018078 0.39504285156726843
decision_type=2 2 2 2 2 2 2 2 2 2 2 2 2 2 2 2 2 2 2 2 2 2 2 2 2 2 2 2 2 2
left_child=1 5 4 7 19 -1 13 11 9 20 -8 25 -12 -7 -13 16 18 -6 -5 27 22 -22 -4 -9 -21 -3 -10 28 -2 -15
right_child=2 3 8 15 17 6 10 23 26 -11 12 14 -14 29 -16 -17 -18 -19 -20 24 21 -23 -24 -25 -26 -27 -28 -29 -30 -31
leaf_value=-0.080834819299449412 -0.048157522151218171 -0.0046933241018676727 0.0043110466259693595 0.062351971254985997 0.024689645852405608 -0.07685612281915187 0.14876108482317099 0.084587151103193287 0.035861355940704255 0.1138223254461453 0.15789179338815967 -0.0039105150083703962 -0.012289157686003563 0.23172575362074785 0.15489809676143071 0.12240960381866414 0.1012557952357563 0.081173229131810964 -0.073266021559225236 0.075943119150936739 -0.0090398184469496767 0.072462190798705306 0.12083966832825714 -0.0088417725820417754 -0.070660547105043645 -0.068919973099313414 0.11578602135348762 -0.075707039662524858 0.1403704590072293 -0.012067508292662947
leaf_weight=4566.6566262319684 31.807994090020657 55.529365319758654 17.090314269065857 19.14184246212244 174.12301407009363 898.93689889088273 82.429051104933023 64.698791705071926 25.865964807569981 560.38939537107944 19.203170955181122 41.209032502025366 42.863273616880178 4.8263604752719385 14.367636177688835 122.44186439737678 111.14690541476011 142.31431800127029 32.471451617777348 23.389363318681717 65.224839799106121 668.78230312466621 128.19197865575552 32.833044469356537 13.430969595909117 210.15778835862875 2041.4309888482094 161.05889208987355 9.0053298883140069 4.4704413302242756
leaf_count=103752 544 642 83 120 1043 19366 434 354 117 2525 115 564 356 27 99 556 501 616 296 149 311 2782 559 248 148 3547 9423 3148 129 30
internal_value=-0.00347675 -0.0640231 0.0907744 0.0249417 0.00759708 -0.0751687 -0.0505893 -0.0179036 0.103941 0.0883676 0.1022 -0.0394701 0.0403643 -0.0748974 0.0371446 0.0878563 0.0618625 0.0500925 -0.0229693 -0.0487396 0.0721448 0.0652198 0.107132 0.0531353 0.0224664 -0.0554964 0.114786 -0.0617272 -0.00655942 0.114496
internal_weight=10385.5 6323.38 4062.11 703.998 555.13 5619.39 1052.73 418.796 3506.98 1439.68 144.495 321.264 62.0664 908.234 55.5767 285.202 162.76 316.437 51.6133 238.693 879.289 734.007 145.282 97.5318 36.8203 265.687 2067.3 201.872 40.8133 9.2968
internal_count=152584 131007 21577 6927 5777 124080 20328 5454 15800 6260 905 4852 471 19423 663 1473 917 1659 416 4118 3735 3093 642 602 297 4189 9540 3821 673 57
is_linear=0
shrinkage=0.08


Tree=13
num_leaves=31
num_cat=0
split_feature=21 14 14 3 21 14 2 15 0 14 12 2 6 1 2 14 14 17 0 13 2 16 0 11 19 1 2 8 9 13
split_gain=8245.94 910.879 618.398 261.239 175.062 124.797 750.203 99.8655 96.267 89.2876 64.7891 64.0834 63.2904 50.6266 48.7542 41.9756 40.3377 46.8941 37.7835 36.6456 34.7634 32.1949 38.3813 31.1941 27.6641 27.5023 49.054 25.7098 23.8028 16.2628
threshold=0.76992610096931469 0.35388994216918951 0.19292803853750232 0.5604878067970277 0.84465017914772045 0.13100686669349673 0.67962265014648449 1.0000000180025095e-35 0.77083849906921398 0.56385868787765514 0.36965656280517584 0.96580946445465099 1.0000000180025095e-35 0.52041664719581615 0.79277813434600841 0.74456521868705761 0.089572194963693633 1.0000000180025095e-35 0.74470448493957531 0.41542178392410284 0.58885449171066295 1.0000000180025095e-35 0.74470448493957531 0.78481063246727001 1.5000000000000002 0.32282878458499914 0.26158231496810919 4.5000000000000009 0.4803846031427384 0.7119928002357484
decision_type=2 2 2 2 2 2 2 2 2 2 2 2 2 2 2 2 2 2 2 2 2 2 2 2 2 2 2 2 2 2
left_child=1 5 4 9 16 29 8 11 -7 13 19 15 -10 28 -6 23 -2 27 20 -8 -9 22 -5 -4 -16 26 -11 -18 -3 -1
right_child=2 3 7 21 14 6 10 18 12 25 -12 -13 -14 -15 24 -17 17 -19 -20 -21 -22 -23 -24 -25 -26 -27 -28 -29 -30 -31
leaf_value=-0.081996659800862126 -0.071450826461952374 -0.0071387647375014476 0.077610197661780386 0.017629402034618765 -0.0053537423282380208 -0.077041271575439579 0.23610967995766918 0.014945999292756371 0.1674612491564747 0.064433197046081067 0.017428294493645542 0.11222309451661769 -0.029592877640251296 0.19136314474729918 0.038153577635483757 0.10511070750047158 0.10635893497589875 -0.079278328722178756 0.10961434716586001 0.12557057589217313 0.097647140150534023 0.11228783788847026 0.10521813239325395 0.036770738640608196 0.092935650939456896 0.096697237104984457 -0.029542092303491446 -0.048218301614418674 -0.065776972426887889 0.24829909386662685
leaf_weight=3778.9829007945955 151.80674346163869 58.203176315873861 193.77903740853071 71.691627383232117 93.564060870558023 1277.8760908469558 24.810983687639236 51.983324535191059 16.36188118159771 65.667036134749651 29.724240384995937 224.8507177978754 28.780439529567957 5.6070245057344428 131.17508900538087 119.38630674779415 25.857319548726082 24.289729349315166 2394.4970248416066 84.78678397834301 86.924324549734592 137.89762084931135 57.859793446958065 313.11327207833529 107.21514760702848 30.974776837974787 77.508243482559919 9.3859864920377714 185.53042852506042 0.95428793877363105
leaf_count=92664 3217 853 843 502 787 30008 156 246 135 393 244 1068 363 26 652 512 196 385 11393 566 408 659 252 1319 455 171 768 99 3357 17
internal_value=-0.00333377 -0.0628561 0.0865782 0.0234846 0.00734999 -0.0742359 -0.0543909 0.0992961 -0.0729853 -0.0156074 0.122184 0.0755876 0.0418296 -0.0463067 0.0435843 0.0624345 -0.0495637 0.00624748 0.107261 0.150595 0.0666979 0.0853845 0.056748 0.0523832 0.0627916 0.0283466 0.0135595 0.065192 -0.0517743 -0.0819133
internal_weight=9861.05 5933.22 3927.83 690.94 543.294 5242.28 1462.34 3384.53 1323.02 423.491 139.322 851.129 45.1423 249.341 331.954 626.279 211.34 59.533 2533.4 109.598 138.908 267.449 129.551 506.892 238.39 174.15 143.175 35.2433 243.734 3779.94
internal_count=152714 131134 21580 6981 5791 124153 31472 15789 30506 5568 966 3742 498 4236 1894 2674 3897 680 12047 722 654 1413 754 2162 1107 1332 1161 295 4210 92681
is_linear=0
shrinkage=0.08


Tree=14
num_leaves=31
num_cat=0
split_feature=21 14 14 3 21 16 8 14 0 17 13 4 4 1 3 4 16 7 0 14 13 19 4 16 4 3 7 17 8 0
split_gain=7351.81 828.023 572.015 273.989 157.16 116.071 107.271 97.6759 595.993 132.088 96.6389 73.211 72.2711 69.2887 52.8553 51.1884 47.0165 43.085 38.7989 36.6871 36.5835 35.3368 35.0837 33.8793 32.4706 30.0266 25.1127 21.5766 21.1227 21.0942
threshold=0.76992610096931469 0.32795698940753942 0.15504807978868487 0.5604878067970277 0.85906931757926952 1.0000000180025095e-35 4.5000000000000009 0.13100686669349673 0.74059841036796581 1.0000000180025095e-35 0.82378187775611889 0.087121214717626586 0.47222222387790685 0.48435972630977636 0.95587280392646801 0.095454547554254546 1.0000000180025095e-35 0.46699346601963049 0.74470448493957531 0.74456521868705761 0.52653238177299511 2.5000000000000004 0.10555555671453477 1.0000000180025095e-35 0.78888890147209179 0.18321678787469867 0.75138887763023388 1.0000000180025095e-35 7.5000000000000009 0.77747112512588512
decision_type=2 2 2 2 2 2 2 2 2 2 2 2 2 2 2 2 2 2 2 2 2 2 2 2 2 2 2 2 2 2
left_child=1 7 4 10 20 6 14 -1 12 15 13 -11 -9 26 29 -10 18 25 22 21 -2 -8 -5 -19 -6 -12 -3 28 -22 -4
right_child=2 3 5 16 24 -7 19 8 9 11 17 -13 -14 -15 -16 -17 -18 23 -20 -21 27 -23 -24 -25 -26 -27 -28 -29 -30 -31
leaf_value=-0.081661894037320812 -0.067191599799630006 -0.063949309648095379 0.01202893857649146 0.11783603551062589 0.019236059109650337 0.10706285127957774 0.0022468092966856884 -0.078176381655287147 0.30848619393206594 0.15666041579189424 0.084392085014601922 -0.043529106264416209 0.12428401479655252 0.15590927783528286 0.10617078196791044 0.1305072288414128 0.10814750009218388 0.0081756709601617239 0.09005533940532974 0.08509538527951431 0.12880750521065998 0.0562389680728358 -0.017284757028447197 0.10432851125783539 0.072884975167342131 -0.034175560469288796 0.064104757425851422 -0.079102703606302061 -0.1026893489575546 0.074496849850827357
leaf_weight=3502.6674879156053 167.69575125724077 269.15733396634459 38.219938479363918 15.046830426901577 210.91190252453089 1899.7137054502964 158.21851038560271 1108.9069328159094 11.920223649591206 15.340114336460827 16.266867659986019 49.157000541687012 11.400037195533512 9.915748503059147 588.96559000015259 78.125188734382391 143.94006774947047 43.690284423530102 65.043793648481369 96.953786492347717 13.958140406757598 152.21436663717031 67.323606766760349 50.630768794566393 109.78470298647881 85.611757926642895 10.171779725700615 7.0905941836535922 3.0789940245449534 364.89176969602704
leaf_count=92594 3710 5359 178 79 1242 9596 722 28169 80 104 86 599 93 61 2823 522 717 473 295 424 81 647 584 305 478 864 76 101 26 1626
internal_value=-0.0035901 -0.0623057 0.0819689 0.0142967 0.00334011 0.0941837 0.0767009 -0.0747609 -0.0558003 0.0914736 -0.0225114 0.00408434 -0.0761162 -0.051909 0.0908941 0.154068 0.0756251 0.0208277 0.0438691 0.0421373 -0.0539397 0.0287208 0.00739812 0.0597897 0.0376018 -0.015244 -0.0592862 0.0381656 0.0869708 0.0685741
internal_weight=9366.01 5554.32 3811.7 776.799 512.52 3299.18 1399.46 4777.52 1274.85 154.543 485.445 64.4971 1120.31 289.245 992.077 90.0454 291.354 196.2 147.414 407.387 191.823 310.433 82.3704 94.3211 320.697 101.879 279.329 24.1277 17.0371 403.112
internal_count=152714 131060 21654 8899 5638 16016 6420 122161 29567 1305 7224 703 28262 5496 4627 602 1675 1728 958 1793 3918 1369 663 778 1720 950 5435 208 107 1804
is_linear=0
shrinkage=0.08


Tree=15
num_leaves=31
num_cat=0
split_feature=21 14 14 3 21 7 14 0 11 16 4 13 4 14 4 0 4 18 14 18 4 8 7 3 19 0 16 4 8 0
split_gain=6603.26 735.295 562.378 186.614 149.644 133.062 109.822 574.603 108.814 100.211 91.5797 70.3757 65.1791 47.1069 44.9923 35.7324 34.7276 34.6269 31.3425 36.9433 30.8407 26.793 25.4172 22.9486 22.6875 21.6589 21.5738 20.8068 18.4814 18.4447
threshold=0.76709660887718212 0.35388994216918951 0.19292803853750232 0.75147059559822094 0.84465017914772045 0.57807540893554699 0.13100686669349673 0.73318040370941173 0.63333630561828624 1.0000000180025095e-35 0.88194444775581371 0.92029970884323131 0.47222222387790685 0.43874999880790716 0.095454547554254546 0.66386345028877269 0.73214286565780651 1.0000000180025095e-35 0.097167581319808974 1.0000000180025095e-35 0.087121214717626586 7.5000000000000009 0.34642857313156133 0.59594926238060009 1.5000000000000002 0.6317414939403535 1.0000000180025095e-35 0.10555555671453477 8.5000000000000018 0.94547370076179515
decision_type=2 2 2 2 2 2 2 2 2 2 2 2 2 2 2 2 2 2 2 2 2 2 2 2 2 2 2 2 2 2
left_child=1 6 4 5 18 11 -1 12 14 10 13 26 -8 17 -9 23 -6 -4 22 -20 -10 -14 -2 -11 -18 -7 -3 -27 -15 -21
right_child=2 3 9 -5 16 25 7 8 20 15 -12 -13 21 28 -16 -17 24 -19 19 29 -22 -23 -24 -25 -26 27 -28 -29 -30 -31
leaf_value=-0.081168763501687363 0.17069316083747388 -0.062087388761440487 0.0033819718615254908 0.093398321550156108 0.014263091518808935 0.026142606070833359 -0.076665349589860585 0.23960133929544106 0.099831200702288861 -0.040600948570571824 0.10870432505070704 0.035226449161196646 0.1695237478220864 0.08070596339351653 0.10687892922347841 0.10457916451469287 0.033786564936901707 0.056526249310107107 -0.078181517745971804 -0.012838055771353175 -0.028273479050476231 -0.11129419481923336 -0.072551239520964622 0.11265283191206173 0.097779768968307576 0.12562421245407404 -0.014450433855758891 0.021213141279690803 0.044758211350069521 0.10833799236974576
leaf_weight=3236.6213330961764 2.7996582053601733 202.70461446419358 120.75507250800729 159.11350339651108 196.03498358651996 40.729601316154003 1105.4416962899268 20.149379145354033 15.719907250255345 17.956206522881988 364.19358328729868 84.401136893779039 9.7344174236059171 534.28196635842323 86.616619162261486 1782.661763690412 69.93696266040206 224.05629156157374 21.911165416240692 14.150063857436178 51.204651787877083 2.7999045960605136 152.8516176007688 9.5948320329189283 71.917652472853661 50.253783963620663 86.940098561346531 16.137435283511877 110.45443472266197 18.615716762840748
leaf_count=92275 44 3483 566 771 1278 460 30000 117 120 84 1886 523 65 2428 618 9485 319 985 370 134 588 28 3715 46 316 297 1211 102 479 128
internal_value=-0.00349009 -0.0619521 0.0779083 0.0182929 0.00310365 -0.00654321 -0.0732984 -0.053577 0.0817944 0.0908697 0.0744059 -0.0290568 -0.0746085 0.0617827 0.131927 0.103182 0.0360801 0.0379148 -0.0498726 0.00223279 0.00181702 0.106795 -0.0681761 0.0127707 0.0662299 0.07207 -0.0477886 0.100245 0.0745475 0.0560075
internal_weight=8880.74 5168.57 3712.17 640.28 548.218 481.167 4528.29 1291.67 173.691 3163.95 1353.74 374.046 1117.98 989.548 106.766 1810.21 337.89 344.811 210.328 54.6769 66.9246 12.5343 155.651 27.551 141.855 107.121 289.645 66.3912 644.736 32.7658
internal_count=152921 130658 22263 6847 6304 6076 123811 31536 1443 15959 6344 5217 30093 4458 735 9615 1913 1551 4391 632 708 93 3759 130 635 859 4694 399 2907 262
is_linear=0
shrinkage=0.08


Tree=16
num_leaves=31
num_cat=0
split_feature=13 2 0 15 10 13 16 16 2 1 4 16 10 4 3 7 4 4 3 7 7 15 19 2 0 10 5 2 9 5
split_gain=5589.28 707.519 515.612 439.05 260.767 193.179 126.278 114.894 102.145 89.0152 477.248 62.2267 51.4927 49.6027 50.2852 46.2235 40.9732 39.5991 42.4504 44.9933 38.5308 36.1822 31.4621 30.153 28.3377 27.1592 26.1592 25.9568 26.5611 25.8772
threshold=0.68343880772590648 0.79277813434600841 0.69444721937179577 1.0000000180025095e-35 1.0000000180025095e-35 0.4944437593221665 1.0000000180025095e-35 1.0000000180025095e-35 0.91704893112182628 0.47871376574039465 0.080128207802772536 1.0000000180025095e-35 1.0000000180025095e-35 0.10555555671453477 0.75642716884613048 0.55505052208900463 0.47222222387790685 0.30384616553783422 0.23606811463832858 0.7470899522304536 0.61677488684654247 1.0000000180025095e-35 1.5000000000000002 0.93957647681236278 0.72222682833671581 1.0000000180025095e-35 0.31666667759418493 0.81120249629020702 0.39173060655593878 0.38750000298023229
decision_type=2 2 2 2 2 2 2 2 2 2 2 2 2 2 2 2 2 2 2 2 2 2 2 2 2 2 2 2 2 2
left_child=1 9 6 4 5 -3 20 8 13 16 15 12 -12 -4 -15 -11 -1 18 -8 -20 27 25 29 -7 -17 -18 -13 28 -2 -6
right_child=2 3 7 -5 22 23 17 -9 -10 10 11 26 -14 14 -16 24 21 -19 19 -21 -22 -23 -24 -25 -26 -27 -28 -29 -30 -31
leaf_value=-0.080133106480892544 0.017927728769689268 -0.073169879505083218 0.099212529146581602 0.11351145834201073 0.14355943542498867 0.015545063895401334 0.094617467089858798 0.10226552524168075 0.099699128605629586 -0.010996082273154191 -0.07551992777263343 -0.055948434137731304 -0.011539511451538025 -0.029214945843429298 0.050612296129584136 0.37010687208048487 -0.061146216404622228 0.1069185364466804 -0.012781157995688904 0.12078663169604389 0.039146599353109532 0.14553326146329082 0.085872351100860569 0.10719844088040939 0.17107431440595813 0.086777494300547084 0.13557667948005514 0.13529453963711233 -0.057877588346789487 0.015416960280245574
leaf_weight=2985.5934313610196 34.308788031339645 465.07448237016797 123.52828148007393 188.38911560922861 10.940449088811873 59.307148363441229 46.382291082292795 1658.05766190961 471.48311017453671 8.505465913563965 785.52606162801385 6.8399581462144878 89.699640955775976 55.048052038997412 611.68808445334435 5.0474846474826327 51.399997156113386 53.601614616811275 115.67197258025408 18.758311793208122 41.747787930071354 7.7239471301436415 90.871401846408844 37.497620955109596 49.243458673357964 9.3957571685314161 13.716886281967161 5.0767338275909415 214.71525888517499 129.10903036221862
leaf_count=89134 460 13224 625 1122 48 467 264 9322 2513 151 22328 117 977 315 2659 74 1454 274 1112 86 392 60 416 227 342 84 82 24 3930 677
internal_value=-0.00306477 -0.0571639 0.0752422 0.0037311 -0.0223555 -0.0517688 0.00267024 0.0884219 0.0702302 -0.072054 -0.0507857 -0.0657313 -0.0689627 0.0526485 0.0440215 0.162412 -0.0787294 0.0465284 0.0286258 0.0058568 -0.0320805 -0.0175641 0.0492135 0.0510473 0.189579 -0.0382852 0.0718498 -0.0437829 -0.0474337 0.0254273
internal_weight=8443.95 4993.88 3450.07 981.189 792.8 561.879 530.263 2919.81 1261.75 4012.69 958.579 895.783 875.226 790.264 666.736 62.7964 3054.11 234.414 180.813 134.43 295.849 68.5197 230.921 96.8048 54.2909 60.7958 20.5568 254.101 249.024 140.049
internal_count=152960 130984 21976 16181 15059 13918 6542 15434 6112 114803 24071 23504 23305 3599 2974 567 90732 1736 1462 1198 4806 1598 1141 694 416 1538 199 4414 4390 725
is_linear=0
shrinkage=0.08


Tree=17
num_leaves=31
num_cat=0
split_feature=21 14 14 2 21 16 2 14 2 9 11 1 4 2 4 3 17 4 16 1 14 17 3 0 1 19 2 4 14 2
split_gain=5289.19 627.584 533.917 170.811 132.402 99.3766 94.9292 86.8446 471.003 84.7889 79.0873 45.8603 42.8057 40.0302 38.8734 53.3978 38.7665 34.8765 33.209 32.2783 31.742 38.8258 29.4783 28.019 26.5824 26.0803 25.6991 42.4582 24.9192 22.2615
threshold=0.76194885373115551 0.32795698940753942 0.21132376790046695 0.50926244258880626 0.81478756666183483 1.0000000180025095e-35 0.92031747102737438 0.13100686669349673 0.63224515318870556 0.4803846031427384 0.62036165595054638 0.41728855669498449 0.47222222387790685 0.91331186890602123 0.095454547554254546 0.73746865987777721 1.0000000180025095e-35 0.10555555671453477 1.0000000180025095e-35 0.47413024306297308 0.089572194963693633 1.0000000180025095e-35 0.46841755509376531 0.67781531810760509 0.43951219320297247 1.5000000000000002 0.70396453142166149 0.095454547554254546 0.62828946113586437 0.89512962102890026
decision_type=2 2 2 2 2 2 2 2 2 2 2 2 2 2 2 2 2 2 2 2 2 2 2 2 2 2 2 2 2 2
left_child=1 7 4 9 20 6 14 -1 12 16 -10 28 19 -6 24 -16 -3 -12 26 -9 -2 29 -13 -7 -4 -15 27 -5 -11 -22
right_child=2 3 5 18 13 23 -8 8 10 11 17 22 -14 25 15 -17 -18 -19 -20 -21 21 -23 -24 -25 -26 -27 -28 -29 -30 -31
leaf_value=-0.080633419347067831 -0.073759138224239337 0.079911604456724877 0.0066509123833632154 0.079952988829261301 0.0063270383482788442 0.030151401826525395 0.097462206783935482 -0.077883170996187398 0.14795603203616001 -0.066603880478287525 0.1737529188079161 0.16649270570355523 0.19866590230147277 0.028836060500608246 -0.034032993275132636 0.050586050710529656 -0.0065976482105459533 -0.00691762061697445 0.096363340818185483 -0.0091709832665400701 -0.012044893602826115 -0.080015030460848471 -0.016999303288473308 0.099449353635999119 0.10664445473630858 0.093271836660928975 0.076490955724333953 -0.047557183358570836 -0.011264782036348524 0.11068745350686855
leaf_weight=2758.7135629076511 135.89869699627161 61.889179922640324 20.040848556905985 28.066787179559469 221.28614129498601 38.237735439091921 453.02697947621346 871.80703680962324 70.619679640978575 202.57525558769703 8.0180983021855337 10.250354755669834 3.6878934167325488 86.754175946116447 51.566237188875675 641.09853016585112 71.397843889892101 46.466847674921155 113.36786159127951 46.066512392833829 19.891589149832726 26.415211172774434 12.359856359660624 1593.1969752907753 112.69212238490582 74.916840512305498 57.093466773629189 41.314314909279346 70.098007757216692 18.032983589917421
leaf_count=91158 3925 583 114 189 1688 190 2552 27310 489 4717 42 78 29 487 269 2827 967 620 641 1024 227 511 145 9467 570 365 272 436 606 120
internal_value=-0.00303374 -0.0606316 0.0707357 0.0108616 0.000871773 0.0847379 0.0680368 -0.0731893 -0.0535687 -0.019392 0.0920856 -0.0432989 -0.0733417 0.0284349 0.0518865 0.0442865 0.0335712 0.0196702 0.0649213 -0.0744346 -0.0518429 -0.00555148 0.0661869 0.0978251 0.0915468 0.058695 0.0367375 0.0040246 -0.0523775 0.0463138
internal_weight=7966.85 4473.79 3493.06 668.413 583.196 2909.86 1278.42 3805.38 1046.67 428.57 125.105 295.283 921.561 382.957 825.398 692.665 133.287 54.4849 239.842 917.874 200.238 64.3398 22.6102 1631.43 132.733 161.671 126.475 69.3811 272.673 37.9246
internal_count=152618 129306 23312 8634 7323 15989 6332 120672 29514 7096 1151 5546 28363 2540 3780 3096 1550 662 1538 28334 4783 858 223 9657 684 852 897 625 5323 347
is_linear=0
shrinkage=0.08


Tree=18
num_leaves=31
num_cat=0
split_feature=21 14 14 13 16 3 2 7 14 2 7 11 13 13 4 3 17 4 13 7 19 2 9 17 0 2 11 4 7 17
split_gain=4768.96 542.939 530.675 151.797 135.364 111.444 110.526 93.6727 88.894 398.848 63.7693 57.7289 56.977 50.8731 40.4521 66.2582 39.8004 39.5645 26.9271 25.634 25.4807 25.378 27.4647 23.9716 22.3836 22.4062 19.2627 19.0588 16.9415 15.5726
threshold=0.75684094429016124 0.13840996474027636 0.35388994216918951 0.26115374267101293 1.0000000180025095e-35 0.7320508360862733 0.91010102629661571 0.58368945121765148 0.13100686669349673 0.63224515318870556 0.70972222089767467 0.63750296831130993 0.83124706149101268 0.52653238177299511 0.10555555671453477 0.96178188920021068 1.0000000180025095e-35 0.4083333313465119 0.41542178392410284 0.57807540893554699 1.5000000000000002 0.43534001708030706 0.31643131375312811 1.0000000180025095e-35 0.72222682833671581 0.48050633072853094 0.85993880033493053 0.10555555671453477 0.70119047164917003 1.0000000180025095e-35
decision_type=2 2 2 2 2 2 2 2 2 2 2 2 2 2 2 2 2 2 2 2 2 2 2 2 2 2 2 2 2 2
left_child=2 3 8 17 6 7 14 12 -1 10 26 18 -4 -5 19 -16 -12 -2 -11 -3 -19 22 -9 -14 25 28 -10 -13 -6 -15
right_child=1 4 5 13 24 -7 -8 21 9 11 16 27 23 29 15 -17 -18 20 -20 -21 -22 -23 -24 -25 -26 -27 -28 -29 -30 -31
leaf_value=-0.080350742425465055 -0.034698280867403647 -0.0048822962970166157 -0.055661867170792009 -0.077891447357410229 -0.042519967569295672 0.080876867730958757 0.091577137890049301 0.20482686611113818 -0.077619155766999348 0.18997837750365762 0.12069345454382586 0.13741046111954974 0.046512997074546536 0.065685312167836532 0.011689435606419296 0.061203847756282403 -0.033086718402017899 0.019938747581911692 0.088506131160488763 0.096872563459610359 0.070510951092916399 0.1029821046455251 -0.0031750384810641007 -0.017716243253874601 0.098390110545607798 0.083765700955261604 0.039185142336627621 -0.015837957844808452 0.10152143680370611 -0.076897132556674325
leaf_weight=2531.0441881958395 56.64817700535059 18.284708878025413 187.61817116290331 175.43942139297724 19.668379627168182 118.52192448824644 487.50802198052406 4.5486453324556342 864.32204356230795 22.548107039183378 16.073059117421508 5.9665571041405192 66.025652032345533 23.283948099240664 356.37903488241136 336.07295630499721 32.654450381174684 171.20754044130445 64.940723497420549 118.74087345227599 101.60277662426233 50.26616532728076 38.032446246594191 85.148248970508575 1490.2854366227984 59.929860226809978 9.1315495092421752 40.101511366665363 7.1167492642998686 6.2098870165646067
leaf_count=90230 806 121 3830 5394 118 647 2834 35 28888 145 252 31 511 146 1758 1520 706 922 482 634 494 298 444 851 9394 337 265 550 35 110
internal_value=-0.00317317 0.0665992 -0.0609951 -0.00748732 0.0802798 0.0121646 0.0613468 -0.00670279 -0.0722168 -0.0527163 -0.0714292 0.0764921 -0.0262126 -0.0615485 0.0435796 0.0357206 0.0176386 0.0261404 0.114658 0.0832944 0.0387734 0.0644871 0.0190444 0.0103361 0.096091 0.0565793 -0.076398 0.00401018 -0.00424849 0.0356648
internal_weight=7565.32 3428.38 4136.94 534.392 2893.99 550.161 1316.99 431.639 3586.78 1055.74 922.181 133.557 338.792 204.933 829.478 692.452 48.7275 329.458 87.4888 137.026 272.81 92.8473 42.5811 151.174 1577 86.715 873.454 46.0681 26.7851 29.4938
internal_count=152788 24623 128165 7872 16751 6616 6867 5969 121549 31319 30111 1208 5192 5650 4033 3278 958 2222 627 755 1416 777 479 1362 9884 490 29153 581 153 256
is_linear=0
shrinkage=0.08


Tree=19
num_leaves=31
num_cat=0
split_feature=21 14 15 2 14 14 2 13 21 11 4 0 1 2 0 4 14 5 4 4 9 16 4 14 18 1 16 3 16 8
split_gain=4261.78 596.485 357.176 152.477 126.048 91.4649 399.402 77.1765 67.26 58.3704 51.5639 48.3094 44.6018 38.7441 34.4533 51.6404 31.6628 31.4441 31.0547 31.3296 29.9731 28.6754 27.8134 26.5885 36.7526 25.8199 24.0877 22.2075 21.7275 30.9284
threshold=0.76992610096931469 0.30217391252517706 1.0000000180025095e-35 0.5604878067970277 0.28348214924335485 0.13100686669349673 0.63224515318870556 0.82378187775611889 0.80732533335685741 0.60413098335266124 0.88194444775581371 0.74924790859222423 0.53390806913375866 0.92031747102737438 0.73673227429389965 0.087121214717626586 0.78759399056434642 0.38750000298023229 0.36931818723678594 0.10555555671453477 0.4246212244033814 1.0000000180025095e-35 0.10555555671453477 0.089572194963693633 1.0000000180025095e-35 0.43951219320297247 1.0000000180025095e-35 0.95861870050430309 1.0000000180025095e-35 4.5000000000000009
decision_type=2 2 2 2 2 2 2 2 2 2 2 2 2 2 2 2 2 2 2 2 2 2 2 2 2 2 2 2 2 2
left_child=1 5 4 7 8 -1 14 12 23 -8 16 18 20 27 -7 -16 17 -6 19 25 -3 -9 -11 -2 -25 -4 -5 -10 29 -13
right_child=2 3 11 26 10 6 9 21 13 22 -12 28 -14 -15 15 -17 -18 -19 -20 -21 -22 -23 -24 24 -26 -27 -28 -29 -30 -31
leaf_value=-0.079702199961982134 -0.072775999072790878 0.0094547402746715369 -0.026225782207256687 0.039137644414769593 0.073897811260597787 -0.075784478034939082 0.13793760607660757 -0.01372602267360714 -0.017723108091870526 0.15792164220028765 0.099285318377029239 0.088948955879282934 0.12661505300781634 0.05152839954213672 0.13666152226510883 -0.059605957828454847 0.092940026651558372 0.024116165012079978 0.082051000093141577 -0.085206506343693464 -0.062668429714174106 0.045756365413636535 0.012859006688570365 -0.073297446155927717 0.053916705877279328 0.093525152520119448 0.091248838240498828 0.027465654179899799 0.096670864504002432 0.040994264680785521
leaf_weight=2408.5618613064289 79.064651569351554 44.339947823435068 21.723366871476173 124.27085503935814 109.16996939852834 742.19929123856127 58.122936874628067 91.504006218165159 151.02707858197391 9.6986812092363817 146.5451861768961 325.07142413780093 9.4217776395380479 169.84975863061845 12.311475805938242 28.305366707965732 75.937703207135201 317.00112201273441 59.047929771244526 18.78639343380928 219.11977709271014 119.75173375383019 66.183324990794063 25.868947327136993 33.17211027443409 24.541461497545242 104.5128459893167 129.09631442651153 1357.1618872955441 117.07440789788961
leaf_count=92512 2554 810 111 775 529 27063 383 1089 1314 52 952 1910 67 1001 106 454 380 1404 361 101 5561 747 793 385 257 130 643 700 9110 600
internal_value=-0.0028276 -0.0572804 0.0667569 0.00912308 0.0332159 -0.0715164 -0.0500118 -0.0163101 0.00639289 0.0776092 0.0575341 0.0883234 -0.0444139 0.0213816 -0.0718583 -0.000114816 0.0453486 0.0368685 0.0400466 0.00191862 -0.0505302 0.019992 0.0313998 -0.0424429 -0.00182241 0.0372968 0.0629431 0.00310237 0.0916531 0.0762512
internal_weight=7198.44 4038.3 3160.14 712.921 1236.73 3325.38 916.821 484.137 588.079 134.005 648.654 1923.41 272.882 449.973 782.816 40.6168 502.109 426.171 124.099 65.0512 263.46 211.256 75.882 138.106 59.0411 46.2648 228.784 280.123 1799.31 442.146
internal_count=152854 131055 21799 9692 9476 121363 28851 8274 6211 1228 3265 12323 6438 3015 27623 560 2313 1933 703 342 6371 1836 845 3196 642 241 1418 2014 11620 2510
is_linear=0
shrinkage=0.08


Tree=20
num_leaves=31
num_cat=0
split_feature=21 13 15 13 15 7 2 21 4 16 0 13 2 13 17 2 5 8 4 7 1 4 2 0 7 9 7 19 16 8
split_gain=3839.34 424.793 407.702 152.904 111.322 376.937 115.05 99.7827 66.4187 64.722 52.5417 51.815 36.2291 35.94 45.9522 34.541 33.5718 61.299 31.3425 31.3948 29.2641 24.6244 23.1693 27.1178 22.7435 23.0499 22.5726 22.0802 22.0175 28.3092
threshold=0.75684094429016124 0.72018960118293773 1.0000000180025095e-35 0.64161032438278209 1.0000000180025095e-35 0.72258296608924877 0.71503761410713207 0.84465017914772045 0.88194444775581371 1.0000000180025095e-35 0.74470448493957531 0.31608681380748754 0.82793453335762035 0.48579499125480657 1.0000000180025095e-35 0.81530213356018078 0.63333335518836986 1.5000000000000002 0.38750000298023229 0.66708755493164074 0.41421362757682806 0.10555555671453477 0.4403389841318131 0.51933774352073681 0.60753968358039867 0.5032467544078828 0.32274965941905981 2.5000000000000004 1.0000000180025095e-35 4.5000000000000009
decision_type=2 2 2 2 2 2 2 2 2 2 2 2 2 2 2 2 2 2 2 2 2 2 2 2 2 2 2 2 2 2
left_child=1 4 3 7 -1 6 -6 13 16 15 18 12 -7 -2 -15 24 -5 -18 19 21 -13 -4 23 26 25 -3 -11 -9 29 -12
right_child=2 9 10 8 5 11 -8 27 -10 22 28 20 -14 14 -16 -17 17 -19 -20 -21 -22 -23 -24 -25 -26 -27 -28 -29 -30 -31
leaf_value=-0.076618703551804015 -0.064287606526382671 0.012819280085184742 0.01082682922251881 0.061972475002132009 -0.069528968617349265 0.73699742745590524 0.092701590610080362 0.015165053254582735 0.098059999682368656 -0.0053766247351024242 0.086319966322187927 0.010214513276618454 0.22176337094848514 0.066162610922768761 -0.059679050544057331 0.087890797947225666 -0.074191349609637386 0.034813551929826499 0.08157168580581399 0.081435060880181029 0.12845978281012774 -0.10159860354127381 0.083357977893599847 -0.02036522392013234 0.032473762427382376 -0.051912308218865624 0.094954921953030208 0.069661418538463082 0.094833891850311242 0.040448554923647136
leaf_weight=2486.864148452878 163.29736115038395 49.001817721873522 36.739310974255204 236.85851922631264 607.19187440164387 1.3594035524874919 29.328367820009589 273.26673975214362 155.41184215247631 21.823330707848072 324.1825926117599 16.923227354884148 2.4432319030165672 36.901075523346663 37.386429600417614 20.392952859401703 37.235065624117851 291.47962661832571 62.249323531985283 24.454060025513172 64.25285517051816 18.874007934704423 81.509160215035081 45.281717343255877 41.105844547972083 125.04871177859604 41.914312260225415 57.61482148617506 1290.7791515402496 117.2445775102824
leaf_count=99411 5480 682 224 1187 22210 34 275 1633 1056 157 1999 393 20 313 531 108 166 1318 394 131 553 123 513 459 339 2389 280 281 9207 634
internal_value=-0.00253172 -0.0586252 0.0619025 0.0272777 -0.0685921 -0.0409261 -0.062054 -0.00374706 0.0517394 0.0164259 0.0857204 0.117329 0.405954 -0.0433012 0.00283069 -0.0116162 0.0390111 0.0224661 0.0389933 0.00589023 0.103809 -0.027328 0.0510942 0.0269719 -0.0210477 -0.0336879 0.0606021 0.0246542 0.0895594 0.0741364
internal_weight=6798.42 3634.44 3163.97 1289.45 3208.36 721.499 636.52 568.466 720.985 426.078 1874.52 84.9787 3.80264 237.585 74.2875 235.549 565.573 328.715 142.317 80.0674 81.1761 55.6133 190.529 109.019 215.156 174.051 63.7376 330.882 1732.21 441.427
internal_count=152500 127823 24677 11965 122896 23485 22485 8238 3727 4927 12712 1000 54 6324 844 3518 2671 1484 872 478 946 347 1409 896 3410 3071 437 1914 11840 2633
is_linear=0
shrinkage=0.08


Tree=21
num_leaves=31
num_cat=0
split_feature=21 14 14 2 15 21 13 14 2 7 2 9 3 7 17 1 8 12 14 11 14 17 19 3 7 13 11 1 17 7
split_gain=3428.71 511.397 370.406 134.57 96.9314 88.8554 73.7237 69.9034 302.441 63.5774 56.1406 48.8426 48.5347 77.6798 40.0446 39.2498 36.9668 36.7757 32.5442 32.3036 24.8346 27.7848 24.2794 26.4484 22.4156 21.8577 19.5594 18.3075 16.7083 16.5479
threshold=0.76194885373115551 0.29520697891712194 0.21807064861059192 0.56294015049934398 1.0000000180025095e-35 0.81478756666183483 0.78171369433403026 0.11651583760976793 0.6820855736732484 0.72258296608924877 0.99450549483299266 0.53529900312423717 0.73746865987777721 0.60753968358039867 1.0000000180025095e-35 0.52803984284400951 13.500000000000002 0.28271847963333135 0.71825397014617931 0.78481063246727001 0.10762548446655275 1.0000000180025095e-35 1.5000000000000002 0.70064935088157665 0.75896826386451732 0.42436611652374273 0.64521294832229625 0.43951219320297247 1.0000000180025095e-35 0.63968253135681163
decision_type=2 2 2 2 2 2 2 2 2 2 2 2 2 2 2 2 2 2 2 2 2 2 2 2 2 2 2 2 2 2
left_child=1 7 5 6 10 20 15 -1 9 -9 18 16 13 -6 -11 29 -8 25 19 -4 -2 26 28 -24 -13 -10 -22 -15 -7 -3
right_child=2 3 4 -5 12 22 11 8 17 14 -12 24 -14 27 -16 -17 -18 -19 -20 -21 21 -23 23 -25 -26 -27 -28 -29 -30 -31
leaf_value=-0.079668636491643227 -0.067190780385777776 -0.063060282808050538 0.055485440069590886 0.061885810469715481 -0.04048193994403184 0.029357043068500698 0.13801313301296189 -0.07544741744897461 0.17821887586243357 0.11350092542926948 0.094628539993477048 -0.029723810159335846 0.08903046598717429 0.011733862483749751 -0.037440655048709082 0.11359056032637027 0.02797679175081064 0.025989131047854844 0.076778380483626757 0.012180841311099063 0.13848209632811964 -0.077649012875912901 -0.074614441475934878 0.058452085783067959 0.076072489293945 0.075812914447145385 0.0015887431818351384 0.086406162152291244 -0.013265618910380018 0.010784270042301522
leaf_weight=1979.6332286633551 120.00996894389391 199.07974274083972 178.53533791750669 197.803661249578 48.795631362125278 110.24342236667871 25.963219027966261 695.10224466212094 26.221279764547944 18.162379506975412 139.15706695616245 116.37941197492182 1506.3107606545091 24.876509934663773 29.551173048093915 9.1101474389433843 78.978339137509465 41.902266219258308 111.91970244050026 288.2272749915719 10.190591655671598 17.844765665009618 10.320793112739919 129.62614946439862 14.4033280685544 27.152148947119713 19.389928391203284 135.30517943948507 126.29147502779961 21.521249817684293
leaf_count=88214 4297 6108 854 1311 277 734 189 28936 190 295 1024 1616 10891 138 759 70 631 417 585 1316 66 317 211 712 71 241 156 927 888 334
internal_value=-0.00268582 -0.0565933 0.0603465 0.0066091 0.0736885 0.00066325 -0.0168827 -0.07147 -0.0521041 -0.0693155 0.0490057 0.0145479 0.0840181 0.0478892 0.0200159 -0.0491361 0.0552005 0.082084 0.0380346 0.0287447 -0.0478225 0.00118906 0.0222266 0.0486387 -0.0180723 0.126123 0.048749 0.0748094 0.00659981 -0.0558562
internal_weight=6458.01 3480.96 2977.04 663.239 2433.13 543.917 465.435 2817.72 838.091 742.816 717.839 235.724 1715.29 208.977 47.7136 229.711 104.942 95.2757 578.682 466.763 167.435 47.4253 376.482 139.947 130.783 53.3734 29.5805 160.182 236.535 220.601
internal_count=152775 129382 23393 10330 16012 7381 9019 119052 30838 29990 3779 2507 12233 1342 1054 6512 820 848 2755 2170 4836 539 2545 923 1687 431 222 1065 1622 6442
is_linear=0
shrinkage=0.08


Tree=22
num_leaves=31
num_cat=0
split_feature=21 14 14 16 2 2 12 14 14 0 17 4 7 4 4 3 3 4 14 4 17 4 5 1 0 0 7 9 1 3
split_gain=3077.79 440.061 381.609 137.593 131.035 110.627 94.1612 71.4925 52.8691 262.217 67.2136 45.0424 44.9133 37.7987 35.9823 54.7114 35.8672 34.6888 34.6128 33.3525 29.9666 29.3127 69.3129 28.9378 27.8375 26.4057 24.1456 23.1402 23.7423 19.1969
threshold=0.75684094429016124 0.2639319002628327 0.16441441327333453 1.0000000180025095e-35 0.5604878067970277 0.92031747102737438 0.10733487084507944 0.56385868787765514 0.11651583760976793 0.74059841036796581 1.0000000180025095e-35 0.095454547554254546 0.676479071378708 0.087121214717626586 0.095454547554254546 0.75642716884613048 0.23606811463832858 0.47222222387790685 0.061553031206130988 0.4083333313465119 1.0000000180025095e-35 0.10555555671453477 0.31666667759418493 0.52041664719581615 0.72222682833671581 0.86624246835708629 0.72258296608924877 0.42980295419692999 0.32282878458499914 0.59299960732460033
decision_type=2 2 2 2 2 2 2 2 2 2 2 2 2 2 2 2 2 2 2 2 2 2 2 2 2 2 2 2 2 2
left_child=1 8 6 5 7 14 19 12 -1 17 11 -11 16 -12 23 -16 -3 -10 -8 -2 -20 -6 26 -4 29 -21 -23 -9 -29 -5
right_child=2 4 3 24 21 -7 18 27 9 10 13 -13 -14 -15 15 -17 -18 -19 20 25 -22 22 -24 -25 -26 -27 -28 28 -30 -31
leaf_value=-0.079577138121042487 -0.038795737618411798 0.010777211869504578 0.014595918534312965 0.0011586179206428285 0.1132416708100535 0.086783949474895178 -0.081002644067180829 0.062289564901026724 -0.075766284552831339 0.28704827518094311 0.12822428758477603 0.091712308838410958 0.046152255887773386 -0.057251271873458631 -0.041166931258088381 0.034249076179854433 -0.064751539233028552 0.076998925152975378 0.027986206599947355 0.15715125272437375 -0.081624589450310023 -0.084392995284881173 0.069985626628894876 0.10072887826156388 0.091718805578147627 0.025554978589217771 0.081154884528585131 -0.021847404548414426 0.06260799884371003 0.080615869361219825
leaf_weight=1808.5422559790313 53.18897583335638 47.713142577558756 35.861496346071362 37.55608082935214 43.222336197271943 366.51825959980488 108.8625976908952 56.207240995019674 601.32557188719511 8.8854458127170783 9.1744785904884321 50.458783563226461 32.399611515924335 30.113663909956813 68.383252419531345 617.41467703506351 256.89805524051189 9.6659827511757594 46.984030641615391 10.127712685614823 24.177064390853047 31.341953432187438 113.2574864551425 82.147299591451883 1160.9385856464505 267.8164103012532 6.8755482658743849 84.408111102879047 28.495009869337082 40.387056335806847
leaf_count=87022 797 1101 225 211 260 2650 4445 315 27110 56 76 433 361 563 414 2976 8422 102 565 131 780 395 721 510 9359 1335 37 842 170 274
internal_value=-0.00275968 -0.0567117 0.0567092 0.0700297 -0.000642198 0.0503593 -0.00607363 -0.0220974 -0.0723161 -0.0538107 0.0672253 0.120959 -0.0433963 -0.0139394 0.0337504 0.0267291 -0.052921 -0.0733495 -0.0526414 0.0192434 -0.00925419 0.0551313 0.0385499 0.0745541 0.0886116 0.0303501 -0.05461 0.0203479 -0.000532161 0.0423302
internal_weight=6139.35 3218.98 2920.36 2409.21 700.818 1170.32 511.157 506.121 2518.17 709.624 98.6324 59.3442 337.011 39.2881 803.807 685.798 304.611 610.992 180.024 331.133 71.1611 194.697 151.475 118.009 1238.88 277.944 38.2175 169.11 112.903 77.9431
internal_count=152658 127986 24672 16619 12624 6775 8053 11211 115362 28340 1128 489 9884 639 4125 3390 9523 27212 5790 2263 1345 1413 1153 735 9844 1466 432 1327 1012 485
is_linear=0
shrinkage=0.08


Tree=23
num_leaves=31
num_cat=0
split_feature=21 14 15 14 1 21 14 2 13 7 7 5 4 3 7 11 5 1 4 4 13 4 14 2 19 4 4 17 11 3
split_gain=2759.56 401.957 362.847 98.9547 89.4476 72.3225 65.9211 236.853 65.099 54.1329 53.8802 55.9138 51.2435 46.9775 82.3404 43.5297 38.3343 35.3803 32.0357 31.6839 31.4892 28.2063 28.9835 27.9585 24.9167 24.7157 24.1014 23.9639 21.4883 25.7244
threshold=0.75684094429016124 0.29520697891712194 1.0000000180025095e-35 0.28348214924335485 0.3312236368656159 0.81478756666183483 0.11651583760976793 0.63224515318870556 0.81040117144584667 0.70972222089767467 0.55631315708160411 0.31666667759418493 0.88194444775581371 0.83424907922744762 0.60753968358039867 0.58922752737998974 0.095454547554254546 0.12034482508897783 0.087121214717626586 0.10555555671453477 0.48220618069171911 0.16025641560554507 0.78759399056434642 0.91010102629661571 3.5000000000000004 0.10555555671453477 0.080128207802772536 1.0000000180025095e-35 0.85993880033493053 0.2237871661782265
decision_type=2 2 2 2 2 2 2 2 2 2 2 2 2 2 2 2 2 2 2 2 2 2 2 2 2 2 2 2 2 2
left_child=1 6 3 5 8 20 -1 9 28 -8 11 26 21 14 19 -9 -11 -10 -12 -4 -2 -5 -23 -7 -19 -17 -6 -22 -3 -30
right_child=2 4 13 12 10 23 7 15 17 16 18 -13 -14 -15 -16 25 -18 24 -20 -21 27 22 -24 -25 -26 -27 -28 -29 29 -31
leaf_value=-0.079272355576287576 -0.067439174807891411 -0.062161999072181534 0.017991381613142527 0.082633261131706701 0.010889994757678051 0.00080043941997715625 -0.075614639771000358 0.12153398906414048 0.074391424798102318 0.098633915071954001 0.12679385751095074 0.064657117627230254 0.092980655366638437 0.08659046383876641 0.072500428697141683 0.14095176520551753 -0.054046263933144156 -0.025674736432739313 0.03960356508500161 -0.096916518201023871 0.036940973294309211 0.017591346883305017 0.081308163931441163 0.043172322701404822 0.057151428242211894 -0.0022613609033320034 -0.085644708227513688 -0.058686742264574744 0.22336106109513851 -0.018479794741232587
leaf_weight=1676.0650048032403 118.78297613374889 177.18520849384367 37.236449172720313 64.042290357872844 29.281090484932065 256.36748905107379 586.52195266634226 42.995608353987336 44.88210946880281 19.971268938854337 53.460862386971712 55.70366295427084 113.52057860791683 1265.8835066948086 254.78863601014018 8.9556195847690088 22.249732200056314 106.12043443322182 54.426886796951294 26.137194193899632 43.396292736753821 363.5565264634788 52.257622927427292 163.05055552348495 29.765313692390919 55.554275831207633 38.075895320624113 27.335974089801311 3.5518734008073833 13.56705805659294
leaf_count=87047 4992 5677 237 394 448 1847 28389 344 331 492 364 364 942 10345 1917 57 552 1295 423 176 355 1687 282 940 188 833 698 501 49 356
internal_value=-0.00287726 -0.0558747 0.0545325 0.0213958 0.00237174 -0.00126008 -0.0705073 -0.0505539 -0.0217457 -0.0693166 0.0415397 0.00535923 0.0446456 0.0796836 0.0522032 0.0591794 0.0181741 0.0128085 0.0828084 -0.0294001 -0.0422751 0.0332109 0.025599 0.0172727 -0.00753195 0.0176203 -0.0436796 -1.63712e-05 -0.0538926 0.0316979
internal_weight=5804.69 3018.33 2786.36 1202.31 606.02 608.933 2412.31 736.248 375.072 628.743 230.948 123.061 593.377 1584.05 318.162 107.506 42.221 180.768 107.888 63.3736 189.515 479.856 415.814 419.418 135.886 64.5099 67.357 70.7323 194.304 17.1189
internal_count=152522 127907 24615 11940 10193 8635 117714 30667 7896 29433 2297 1510 3305 12675 2330 1234 1044 1814 787 413 5848 2363 1969 2787 1483 890 1146 856 6082 405
is_linear=0
shrinkage=0.08


Tree=24
num_leaves=31
num_cat=0
split_feature=21 14 15 14 14 0 4 21 0 4 17 17 4 16 14 17 2 11 14 11 4 4 12 11 2 11 4 1 1 4
split_gain=2461.38 393.255 333.804 90.8959 88.6956 239.605 68.7645 58.7797 48.8734 48.5359 42.4782 38.5707 33.6032 33.2225 32.9297 38.6951 30.8415 37.3929 26.8569 30.3845 25.7014 27.1254 23.8975 23.7965 23.5687 23.4883 22.414 21.0354 20.9025 22.5913
threshold=0.75684094429016124 0.36939570307731634 1.0000000180025095e-35 0.28348214924335485 0.15075758099555972 0.73318040370941173 0.38750000298023229 0.83008873462677013 0.74924790859222423 0.88194444775581371 1.0000000180025095e-35 1.0000000180025095e-35 0.47222222387790685 1.0000000180025095e-35 0.089572194963693633 1.0000000180025095e-35 0.88047617673873912 0.93501552939414989 0.74456521868705761 0.78481063246727001 0.36931818723678594 0.10555555671453477 0.31835016608238226 0.57253298163414013 0.92031747102737438 0.85993880033493053 0.087121214717626586 0.47871376574039465 0.53001201152801525 0.21825397014617923
decision_type=2 2 2 2 2 2 2 2 2 2 2 2 2 2 2 2 2 2 2 2 2 2 2 2 2 2 2 2 2 2
left_child=1 4 3 7 -1 12 10 14 20 18 -3 22 25 16 23 -16 17 -10 19 -5 21 -4 -7 -2 -9 -6 -13 -14 -12 -30
right_child=2 6 8 9 5 11 -8 24 13 -11 28 26 27 -15 15 -17 -18 -19 -20 -21 -22 -23 -24 -25 -26 -27 -28 -29 29 -31
leaf_value=-0.077542124672930937 0.053106445138180844 0.032977123923658452 0.032871541758108191 0.052957703610126597 -0.070850935436039472 0.12082207424463731 0.079212253347011097 0.0023012456421809225 0.050315735323825737 0.091671446678672872 -0.029844567240779118 0.076328110608828562 0.13307142623814314 0.089485192112617351 0.037507376379579807 -0.067100800845678862 0.08487505643119056 -0.071638516531707053 0.070857788645822858 0.0059658451312643683 0.073609082890010377 -0.069453948296077359 0.019501600153029052 -0.076857169414332335 0.043263154660249915 0.06720339849683718 -0.031428261590399846 -0.095525559183827227 0.10849531803003207 -0.070315050905501733
leaf_weight=1689.3197415526956 9.8942774496972543 143.29119321890175 53.791880212724209 136.90138655900955 550.02587244100869 53.159650795161724 82.669779233634472 252.69509372115135 172.85870112478733 106.99079602956772 213.25426502712071 18.477516883984208 8.6270371675491315 990.86599231883883 60.612586319446564 36.115594636648893 184.08098483458161 17.742289535701275 91.997978731989861 246.84375604242086 52.913878984749317 23.967601636424661 20.699567846953869 101.66489751264453 139.5434505045414 8.00209718570113 37.279419587925076 3.6731530316174021 14.681116327643396 6.5349462367594233
leaf_count=93631 252 1659 338 677 26951 353 558 1689 1066 951 3766 129 52 9097 485 687 1464 103 529 1163 415 158 153 4779 736 286 466 30 92 53
internal_value=-0.00281669 -0.0545744 0.052229 0.0204772 -0.0676205 -0.0436745 0.0131239 -0.00136479 0.0773393 0.042986 -0.001339 0.0545091 -0.0659882 0.081812 -0.0357112 -0.00155039 0.0615198 0.0389635 0.032037 0.0227302 0.0305993 0.00133202 0.0924263 -0.0653306 0.0168739 -0.0688712 0.00428156 0.0648065 -0.0223105 0.0534184
internal_weight=5529.18 2849.7 2679.48 1183.26 2389.26 699.944 460.431 600.526 1496.22 582.734 377.762 129.616 570.328 1365.55 208.287 96.7282 374.682 190.601 475.743 383.745 130.673 77.7595 73.8592 111.559 392.239 558.028 55.7569 12.3002 234.47 21.2161
internal_count=152768 128179 24589 11948 122051 28420 6128 8628 12641 3320 5570 1101 27319 11730 6203 1172 2633 1169 2369 1840 911 496 506 5031 2425 27237 595 82 3911 145
is_linear=0
shrinkage=0.08


Tree=25
num_leaves=31
num_cat=0
split_feature=21 14 15 2 14 13 14 0 21 0 4 4 4 4 7 16 8 11 16 4 3 9 8 14 18 14 4 14 10 1
split_gain=2192.41 365.319 328.057 89.8568 79.1046 65.6452 60.4261 218.691 54.6484 52.9416 50.2663 46.9692 45.5249 39.7478 32.0081 31.5487 34.9997 35.5345 28.1104 26.9928 55.9665 26.7109 28.1314 26.6611 25.9474 25.7253 24.6686 24.7913 23.784 22.1072
threshold=0.75684094429016124 0.26201373338699346 1.0000000180025095e-35 0.5604878067970277 0.27429467439651495 0.81040117144584667 0.11651583760976793 0.7646366059780122 0.81478756666183483 0.74924790859222423 0.88194444775581371 0.087121214717626586 0.47222222387790685 0.47222222387790685 0.67208993434906017 1.0000000180025095e-35 4.5000000000000009 0.93501552939414989 1.0000000180025095e-35 0.10555555671453477 0.75642716884613048 0.57247900962829601 12.500000000000002 0.097167581319808974 1.0000000180025095e-35 0.1863425895571709 0.11805555596947671 0.78759399056434642 1.0000000180025095e-35 0.31866537034511572
decision_type=2 2 2 2 2 2 2 2 2 2 2 2 2 2 2 2 2 2 2 2 2 2 2 2 2 2 2 2 2 2
left_child=1 6 4 5 8 14 -1 13 23 18 26 25 -13 -8 -3 16 -11 -18 -4 -5 -21 22 -7 28 -25 -9 29 -28 -2 -6
right_child=2 3 9 19 10 21 7 11 -10 15 -12 12 -14 -15 -16 -17 17 -19 -20 20 -22 -23 -24 24 -26 -27 27 -29 -30 -31
leaf_value=-0.078719331769542836 -0.075447678245517485 -0.054452281251626683 -0.038339771461362353 0.10703360307370163 -0.08882080842043584 0.12457700561058521 -0.07196688959350242 0.36759711480327217 0.013864546313538154 0.076491844788701885 0.091507780844365949 -0.043717242793938418 0.090377219006309503 0.070384510518941221 0.036362331763238512 0.088500132806332441 0.037647591839935921 -0.11326693934434495 0.048315367256889119 -0.058091403739149262 0.060182095410938184 -0.015123525551458343 0.02223051453471718 -0.063551877956591174 0.032722121845797689 0.13420345682996254 0.014819491820904283 0.073921688930300378 0.10092166578600388 0.094544511257730571
leaf_weight=1444.2658074460924 94.974167615175247 240.09024756029248 31.754452627152205 38.459889736026525 4.5912221111357203 21.693823006004095 495.18893302604556 4.0645398404449216 418.86829006299376 254.70503238961101 99.480125822126865 25.485687207430601 44.488700449466705 12.880171013996003 27.70486849732697 930.0338172391057 92.222192751243711 11.197919785976408 97.586910979822278 33.882954962551594 104.81323140487075 95.046349320560694 82.754027577117085 28.762933930382133 47.512148274108768 11.788995377719401 362.54235487617552 51.928611233830452 5.1593136359006158 50.419609554111958
leaf_count=87231 4844 9096 212 255 32 171 27067 32 2778 1983 942 493 344 130 355 9136 574 60 700 437 723 1157 626 557 360 61 1706 300 113 332
internal_value=-0.00263844 -0.0532857 0.0499876 -0.000783923 0.0185211 -0.0191771 -0.0698862 -0.0484054 -0.00186588 0.0758321 0.0398509 0.0697074 0.0415381 -0.0683581 -0.045057 0.0807312 0.0605555 0.0213072 0.0270408 0.0477323 0.0312883 0.0155633 0.0434879 -0.0392165 -0.0035823 0.194041 0.0289052 0.0222243 -0.0663604 0.0792408
internal_weight=5264.35 2682.61 2581.74 644.445 1164.24 467.289 2038.16 593.897 595.277 1417.5 568.962 85.8279 69.9744 508.069 267.795 1288.16 358.125 103.42 129.341 177.156 138.696 199.494 104.448 176.409 76.2751 15.8535 469.482 414.471 100.133 55.0108
internal_count=152807 128178 24629 12820 11964 11405 115358 28127 8652 12665 3312 930 837 27197 9451 11753 2617 634 912 1415 1160 1954 797 5874 917 93 2370 2006 4957 364
is_linear=0
shrinkage=0.08


Tree=26
num_leaves=31
num_cat=0
split_feature=21 15 13 15 1 7 13 4 21 3 7 4 5 8 21 7 5 3 3 4 4 7 9 1 19 4 13 7 17 7
split_gain=1966.77 309.517 294.755 90.3007 227.738 81.3383 77.9491 63.4542 61.3015 53.8891 71.7032 44.8402 38.82 49.0147 37.6783 32.9141 38.3621 34.1157 30.0237 25.9099 24.8085 22.1011 20.5031 19.025 18.1698 17.7052 24.7176 17.3617 14.4957 19.6837
threshold=0.75455355644226085 1.0000000180025095e-35 0.72767147421836864 1.0000000180025095e-35 0.44151847064495092 0.57807540893554699 0.63654914498329174 0.88194444775581371 0.83008873462677013 0.83424907922744762 0.60050505399703991 0.47222222387790685 0.63333335518836986 1.5000000000000002 0.63708037137985241 0.50035613775253307 0.31666667759418493 0.28759399056434637 0.84680575132370006 0.11805555596947671 0.38750000298023229 0.56085857748985302 0.3551971316337586 0.32282878458499914 2.5000000000000004 0.88194444775581371 0.4212701171636582 1.0000000180025095e-35 1.0000000180025095e-35 0.34642857313156133
decision_type=2 2 2 2 2 2 2 2 2 2 2 2 2 2 2 2 2 2 2 2 2 2 2 2 2 2 2 2 2 2
left_child=2 6 3 25 11 18 8 12 28 10 19 -5 21 -14 -7 16 17 27 -6 -3 -21 -8 -17 -24 -10 -1 -27 -4 -2 -30
right_child=1 9 15 4 5 14 7 -9 24 -11 -12 -13 13 -15 -16 22 -18 -19 -20 20 -22 -23 23 -25 -26 26 -28 -29 29 -31
leaf_value=-0.074792359365697586 -0.020246838392465775 0.011819299527849032 -0.02658078141427889 -0.067946992589559704 -0.051309254133652921 0.42724155694308474 -0.017144989382839284 0.091416660961123386 0.0060319270817786198 0.081839049883633261 0.063721229702604618 0.12250120322940257 -0.081112486856449909 0.017702132181548418 0.10833590148932273 0.13286834921301266 0.062733582064573065 -0.056085059008291215 0.083561653044165476 -0.13855415119046749 0.036415773860528175 0.059566265248242399 0.000657907371660796 0.062789447152674663 0.056852901201037566 -0.054848530038296074 0.1046827666987936 0.046557071935662046 0.17361803565325509 -0.071385483076090439
leaf_weight=1586.0752185238525 86.787758559919894 34.789620615541935 36.907155599445105 393.09097395185381 37.373278189450502 2.4613379277288905 27.455124765634537 108.78661839663982 285.96131723932922 1056.4295057915151 223.29180103726685 8.0746681801974756 36.393731109797955 273.99661505222321 64.664291926659644 14.897430211305617 42.477219827473164 90.681390825659037 14.725674731656907 19.826911021023992 7.0234056040644637 193.05469705909491 59.399594804272056 67.253157023340464 53.437568210065365 25.831804975867271 8.1853821324184519 47.515933951362967 2.148348511196672 90.739609071984887
leaf_count=97689 2729 228 469 21325 1365 43 166 1074 1858 10339 1921 63 167 1313 686 110 306 1759 169 140 49 1062 871 514 284 1486 103 483 45 3779
internal_value=-0.00282142 0.0473492 -0.0530022 -0.0642549 -0.0352625 0.0618157 0.0170642 0.0357551 -0.00596966 0.0735115 0.0426358 -0.0641136 0.0243495 0.00611597 0.120029 0.0140654 -0.00546894 -0.0220137 -0.0131882 -0.0337468 -0.0927862 0.0500151 0.0440922 0.03365 0.0140336 -0.0735676 -0.0164613 0.0145835 -0.0437548 -0.0657189
internal_weight=4999.74 2500.12 2499.61 2140.48 520.39 119.225 1158.76 639.687 519.075 1341.36 284.932 401.166 530.9 310.39 67.1256 359.132 217.582 175.104 52.099 61.6399 26.8503 220.51 141.55 126.653 339.399 1620.09 34.0172 84.4231 179.676 92.888
internal_count=152595 25154 127441 122929 23651 2263 12477 3782 8695 12677 2338 21388 2708 1480 729 4512 3017 2711 1534 417 189 1228 1495 1385 2142 99278 1589 952 6553 3824
is_linear=0
shrinkage=0.08


Tree=27
num_leaves=31
num_cat=0
split_feature=21 14 15 2 14 14 7 3 7 21 4 11 14 14 0 4 4 2 4 4 3 14 3 19 14 5 3 4 7 19
split_gain=1778.12 331.152 276.842 126.197 68.2646 67.8793 54.0794 52.7022 61.8394 47.1911 43.2594 30.2918 29.9497 25.81 116.641 26.3939 29.1759 24.9875 24.6963 24.0925 61.4128 23.5486 25.3341 20.1534 19.7711 19.3923 40.8011 17.5161 17.3775 17.2652
threshold=0.75684094429016124 0.20942982286214831 1.0000000180025095e-35 0.56294015049934398 0.28348214924335485 0.49074074625968939 0.67208993434906017 0.83424907922744762 0.6587406098842622 0.81478756666183483 0.88194444775581371 0.85122913122177135 0.13100686669349673 0.11651583760976793 0.7646366059780122 0.095454547554254546 0.47222222387790685 0.92031747102737438 0.10555555671453477 0.095454547554254546 0.75642716884613048 0.065591398626565947 0.93643954396247875 3.5000000000000004 0.21583850681781772 0.63333335518836986 0.90366768836975109 0.38750000298023229 0.55012077093124401 1.5000000000000002
decision_type=2 2 2 2 2 2 2 2 2 2 2 2 2 2 2 2 2 2 2 2 2 2 2 2 2 2 2 2 2 2
left_child=1 13 4 5 9 6 11 8 18 21 25 -3 -9 -1 -15 -16 -17 -11 -4 -5 -21 -2 -23 -7 -8 28 -27 -20 -6 -19
right_child=2 3 7 19 10 23 24 12 -10 17 -12 -13 -14 14 15 16 -18 29 27 20 -22 22 -24 -25 -26 26 -28 -29 -30 -31
leaf_value=-0.078170312416687815 -0.069639923618912483 -0.066397960274150791 0.013437784840311568 0.09775891947072067 -0.017740938779373095 -0.0055110244244073519 0.30164392640388971 -0.064404290662746486 0.062984718244431984 -0.0024107045405009886 0.088574900080505947 0.018712416557906227 0.081407418858840008 -0.072711512229604119 0.17849382342144432 -0.058193497873648969 0.08363438737170642 0.015598086505663031 -0.12149793787759251 -0.053741993138410729 0.058134630781472872 -0.050447167963741095 0.037033280694802849 0.053853954506996753 0.027704645975196902 -0.05836130297329617 0.027116352871912483 0.02484646764303939 0.055706462050242801 0.070421267043413796
leaf_weight=1245.7263193624094 79.283719751052558 311.54541405662894 43.62847825884819 42.111914919689298 23.455540914088488 165.1729963645339 1.7654602406546462 9.0985873006284219 201.26660984940827 267.03371807560325 88.501217558979988 29.278457229025662 986.62655697390437 288.90456443000585 9.6961137168109399 14.706551957875488 25.17074067518115 88.962095344439149 20.214735919609669 41.928140855394304 125.08515295013785 44.743548609316349 40.241615077480674 47.016918007284403 37.547290054149926 42.443721249699593 226.25609438121319 7.0633680820465079 170.32462994009256 62.657533645629883
leaf_count=87133 4467 16323 301 311 132 1907 36 106 1808 1888 969 869 10260 18290 57 378 234 508 147 742 922 760 653 291 647 181 1119 50 956 399
internal_value=-0.00272823 -0.0516477 0.0458624 -0.00974265 0.017142 -0.0286051 -0.0488386 0.0715477 0.0403509 -0.00194176 0.037332 -0.0590866 0.080075 -0.0728476 -0.0532581 0.0601131 0.031329 0.0123164 -0.0238945 0.0436834 0.0300484 -0.03828 -0.009024 0.00764303 0.0400067 0.027526 0.0136143 -0.0836036 0.0468162 0.038254
internal_weight=4787.46 2385.66 2401.8 801.452 1133.9 592.327 380.137 1267.9 272.173 582.922 550.981 340.824 995.725 1584.2 338.478 49.5734 39.8773 418.653 70.9066 209.125 167.013 164.269 84.9852 212.19 39.3128 462.48 268.7 27.2781 193.78 151.62
internal_count=152844 128140 24704 22048 12032 20073 17875 12672 2306 8675 3357 17192 10366 106092 18959 669 612 2795 498 1975 1664 5880 1413 2198 683 2388 1300 197 1088 907
is_linear=0
shrinkage=0.08


Tree=28
num_leaves=31
num_cat=0
split_feature=21 14 16 20 2 16 8 14 2 14 7 2 17 4 13 0 9 2 7 3 3 13 8 2 3 17 6 9 13 4
split_gain=1621.67 304.316 292.671 95.0307 86.8003 61.634 51.3005 54.7373 39.3347 37.2066 144.394 41.9848 39.5839 33.7376 31.2674 28.5284 27.3765 27.8434 27.2559 27.2007 26.36 24.4998 22.7339 21.8985 20.7319 19.6023 18.3692 18.1197 16.5527 45.8243
threshold=0.75684094429016124 0.22792208194732669 1.0000000180025095e-35 1.2424533367156985 0.60495716333389293 1.0000000180025095e-35 4.5000000000000009 0.21132376790046695 0.91704893112182628 0.11651583760976793 0.72258296608924877 0.7320508360862733 1.0000000180025095e-35 0.087121214717626586 0.32025641202926641 0.71884274482727062 0.42980295419692999 0.41060766577720648 0.60576921701431286 0.91715687513351452 0.95587280392646801 0.98227471113204967 13.500000000000002 0.48050633072853094 0.96178188920021068 1.0000000180025095e-35 1.0000000180025095e-35 0.74388790130615245 0.22660961002111438 0.4083333313465119
decision_type=2 2 2 2 2 2 2 2 2 2 2 2 2 2 2 2 2 2 2 2 2 2 2 2 2 2 2 2 2 2
left_child=1 9 3 6 5 18 7 14 24 28 11 -11 -12 -8 -2 23 22 -18 21 -15 -9 -3 -7 -4 27 -20 -14 -5 29 -1
right_child=2 4 15 8 -6 16 13 20 -10 10 12 -13 26 19 -16 -17 17 -19 25 -21 -22 -23 -24 -25 -26 -27 -28 -29 -30 -31
leaf_value=-0.06444830680803762 0.015827237371492144 -0.053861830584729237 -0.026669687054679425 -0.044317510018787649 0.046163421369421413 0.19883613854694582 0.051556211281387494 0.025033322614481126 0.077725782596319862 -0.07638726582943732 0.11504450237046486 0.044202055501336435 0.07313141101541222 -0.060110872681978476 -0.038923069948776166 0.085860580914774706 -0.028711022002096343 0.051170888623742077 0.076193909413362862 -0.008937132194211923 0.074197102135811627 0.17523567180497654 0.043340428529747781 0.06809769033173424 0.052006875610982085 -0.022741438330634193 -0.077540553656187644 0.02493002234081252 -0.079176805297168557 0.19911978646109629
leaf_weight=24.004755380563441 189.22140394151211 290.50874711945653 25.683966493234038 28.815535304136574 154.59508633054793 6.8789650285616508 38.060572990216315 165.87893824465573 194.72090652026236 321.23549883626401 37.775616066530347 19.605727581307292 8.3735791658982635 108.34768492355943 103.14786299876869 793.87842317670584 91.767983540892601 40.14103530254215 18.463964546099305 172.0143626043573 120.49861352145672 3.0185013487935057 48.051814137026668 39.768874689936638 184.3642503330484 41.90730200894177 13.571779979392886 150.44860070664436 1126.8236923469231 5.1226493669673792
leaf_count=1778 1310 11935 158 177 1322 58 285 967 1943 21901 411 206 235 1720 3510 9404 2149 576 284 1840 1021 15 500 308 1082 866 452 940 85153 314
internal_value=-0.00236526 -0.0507003 0.0446543 0.0227973 -0.00669932 -0.0218126 0.00667125 0.0208609 0.0487091 -0.0703567 -0.0493452 -0.0694508 0.0654022 -0.019119 -0.00348867 0.0816752 0.015359 -0.00440228 -0.0414372 -0.0287135 0.0457199 -0.0515059 0.0628131 0.0309106 0.0331709 0.00751698 -0.0200494 0.0137989 -0.0776377 -0.0180945
internal_weight=4566.7 2251.85 2314.85 1455.52 695.333 540.738 897.169 578.747 558.349 1556.51 400.562 340.841 59.721 318.423 292.369 859.331 186.84 131.909 353.899 280.362 286.378 293.527 54.9308 65.4528 363.628 60.3713 21.9454 179.264 1155.95 29.1274
internal_count=152820 128155 24665 14795 17705 16383 10653 6808 4142 110450 23205 22107 1098 3845 4820 9870 3283 2725 13100 3560 1988 11950 558 466 2199 1150 687 1117 87245 2092
is_linear=0
shrinkage=0.08


Tree=29
num_leaves=31
num_cat=0
split_feature=21 14 16 4 2 7 14 1 4 14 9 13 2 14 10 13 2 3 19 7 4 3 2 21 10 7 12 14 16 9
split_gain=1402.64 305.035 276.796 88.932 80.7535 69.847 67.1692 48.9799 53.5485 47.5363 43.4251 41.4384 36.4178 123.569 41.9692 35.0442 28.1618 26.2729 26.2627 24.8565 27.1768 24.0394 20.6976 20.6521 20.2493 19.1199 17.8934 16.3015 13.4125 19.8943
threshold=0.75684094429016124 0.22401433438062671 1.0000000180025095e-35 0.38750000298023229 0.92031747102737438 0.50035613775253307 0.15075758099555972 0.41728855669498449 0.095454547554254546 0.28348214924335485 0.53529900312423717 0.94352909922599804 0.73879599571228038 0.10762548446655275 1.0000000180025095e-35 0.53975278139114391 0.24048192799091342 0.48050633072853094 1.5000000000000002 0.57807540893554699 0.10555555671453477 0.87026646733284008 0.86526826024055492 0.8521724045276643 1.0000000180025095e-35 0.78351852297782909 0.27625313401222235 0.097167581319808974 1.0000000180025095e-35 0.81302964687347423
decision_type=2 2 2 2 2 2 2 2 2 2 2 2 2 2 2 2 2 2 2 2 2 2 2 2 2 2 2 2 2 2
left_child=1 12 4 5 9 11 18 10 -9 23 -7 16 -1 14 15 -14 -3 25 24 22 -21 -16 -11 27 -6 -4 -15 -2 29 -5
right_child=2 3 17 28 6 7 -8 8 -10 19 -12 -13 13 26 21 -17 -18 -19 -20 20 -22 -23 -24 -25 -26 -27 -28 -29 -30 -31
leaf_value=-0.075007219523541141 -0.06232543509457443 -0.0034484025552795985 -0.040853006444207092 -0.028583096889850956 -0.058755794485711992 0.044642340088520374 0.076090480695721552 0.11670248490458712 -0.027955013125652212 -0.043310360723499287 -0.041003161288176868 0.029388967525787058 -0.076057753185245353 0.11280706437467312 0.066934503373470303 0.63214710111913441 -0.064666958968178312 0.08285147077448049 0.056625747592966999 0.07382495042993592 0.021607313799773788 0.65418710641082145 0.058827877593709492 0.0021152119223925899 0.013472633403576397 0.09549211747021126 0.0094899322630201972 -0.010742681593105206 0.095724064698858954 0.068054032496403738
leaf_weight=1217.4473539497703 74.74914800003171 60.872115670703351 19.299914250150326 19.645011875778437 38.743187766522169 60.943814762867987 256.89435295015574 50.471625958569348 24.244456877931952 57.510061256587505 100.15618387144059 46.69699727371335 176.18456111475825 30.00381784979254 1.0784249939024437 0.44831372518092294 229.06841119937599 766.50184283964336 52.296551704406738 73.864037316292524 467.64350195787847 0.76088525913655747 16.29550264030695 237.39568088948727 69.23027791082859 9.9894147887825948 16.69928474817425 82.470436433330178 44.262221362441778 44.557435724884272
leaf_count=95221 3786 1558 123 122 1660 1259 2658 403 341 336 3367 277 13993 317 67 29 9880 9564 497 585 2510 37 98 1392 291 101 241 926 405 291
internal_value=-0.00221302 -0.04871 0.0422059 -0.00457701 0.0211252 -0.0171618 0.0507351 0.0162261 0.0697629 0.00889448 -0.00860364 -0.0405501 -0.0695408 -0.0399855 -0.0703015 -0.0742603 -0.0518143 0.08001 0.0100933 0.0227939 0.02873 0.309869 -0.0207593 -0.0127785 -0.0124445 0.00564884 0.0758647 -0.0352674 0.0618428 0.0384845
internal_weight=4346.42 2123.54 2222.88 680.918 1427.09 572.454 417.164 235.816 74.7161 1009.93 161.1 336.638 1442.62 225.175 178.472 176.633 289.941 795.791 160.27 615.313 541.508 1.83931 73.8056 394.615 107.973 29.2893 46.7031 157.22 108.465 64.2024
internal_count=152335 127808 24527 17903 14739 17085 5106 5370 744 9633 4626 11715 109905 14684 14126 14022 11438 9788 2448 3529 3095 104 434 6104 1951 224 558 4712 818 413
is_linear=0
shrinkage=0.08


Tree=30
num_leaves=31
num_cat=0
split_feature=21 14 15 7 19 3 7 14 18 2 9 14 0 2 5 12 21 2 14 2 1 13 12 21 13 13 14 1 5 13
split_gain=1242.24 283.266 239.408 95.0349 76.3351 62.5629 54.3827 53.43 38.7395 34.6876 31.5438 31.3045 107.646 31.0149 31.0909 27.7137 24.1127 20.7893 19.7162 18.3542 18.6655 18.1894 30.3266 17.8512 17.2328 17.3093 50.147 16.7221 19.6581 16.3879
threshold=0.75684094429016124 0.20942982286214831 1.0000000180025095e-35 0.67208993434906017 2.5000000000000004 0.87585616111755382 0.6587406098842622 0.43874999880790716 1.0000000180025095e-35 0.79814815521240245 0.42980295419692999 0.11651583760976793 0.74059841036796581 0.92031747102737438 0.58571431040763866 0.25681874155998236 0.85906931757926952 0.92390406131744396 0.70294117927551281 0.45748709142208105 0.4205263108015061 0.97329768538475048 0.90645834803581249 0.64701479673385631 0.7119928002357484 0.22660961002111438 0.053342817351222045 0.11583184450864793 0.31666667759418493 0.43379870057106024
decision_type=2 2 2 2 2 2 2 2 2 2 2 2 2 2 2 2 2 2 2 2 2 2 2 2 2 2 2 2 2 2
left_child=1 11 7 4 9 6 18 8 16 10 -3 24 -13 14 -10 29 -2 21 -4 20 -5 22 -9 -21 25 26 -1 -6 -29 -14
right_child=2 3 5 19 27 -7 -8 17 13 -11 -12 12 15 -15 -16 -17 -18 -19 -20 23 -22 -23 -24 -25 -26 -27 -28 28 -30 -31
leaf_value=-0.031252078447480403 -0.046729122676691742 0.0031193851652059801 -0.069552902478733122 -0.021730413234540748 0.096508480817299028 0.078288478617166035 0.055157132896687257 0.031471446566691118 0.043620686745217158 0.064926559735882045 -0.053138333117576687 -0.071153598753080291 0.15351334860304339 0.050103099739513483 -0.015407812828652664 -0.0054235192470570119 -0.0025705560546683708 0.076268054113260361 0.012737764631153203 0.23125644059019654 0.14861625705875431 0.080246441473394797 -0.055139586133392378 0.06369838782004951 0.61682426060868634 -0.07928780765869671 0.70758032070194132 -0.0040696281779143261 0.062699005145158054 0.025063781072813485
leaf_weight=27.234250037930909 126.68501174636185 77.887442814186215 33.309324575588107 28.906538038514555 19.720684433355927 774.38636593706906 219.43188774771988 195.96002988889813 81.685275666415691 19.960412554442883 352.33024248294532 228.96864979714155 18.470620533451442 128.1535552283749 189.79399806912988 25.836033753119409 210.87003387510777 75.306620702147484 42.293852373957634 4.2548840027302495 4.800363475456833 37.435198441147804 29.809549070894718 93.280917878262699 0.22882892191409965 968.75748201552778 0.60091327596455713 87.674515997990966 41.617405908182263 9.6925474572926742
leaf_count=2096 4017 2343 273 520 132 9705 2307 1019 856 128 16566 18089 160 1605 2038 520 1209 854 295 62 35 218 153 762 10 85037 17 1093 361 148
internal_value=-0.00280266 -0.0479875 0.0395407 -0.00823684 -0.0217419 0.066345 0.0349965 0.0128928 0.00081094 -0.03817 -0.0429533 -0.070675 -0.0471914 0.0176656 0.00235325 0.0544137 -0.0191433 0.039204 -0.0235179 0.0534207 0.00252948 0.0285994 0.0200357 0.0710079 -0.0773413 -0.0775007 -0.015302 0.0278888 0.0174223 0.109307
internal_weight=4155.34 2010.22 2145.12 730.433 599.191 1069.42 295.035 1075.7 737.188 450.178 430.218 1279.79 282.968 399.633 271.479 53.9992 337.555 338.511 75.6032 131.243 33.7069 263.205 225.77 97.5358 996.821 996.593 27.8352 149.013 129.292 28.1632
internal_count=152628 128079 24549 22002 20623 12580 2875 11969 9725 19037 18909 106077 18917 4499 2894 828 5226 2244 568 1379 555 1390 1172 824 87160 87150 2113 1586 1454 308
is_linear=0
shrinkage=0.08


Tree=31
num_leaves=31
num_cat=0
split_feature=21 16 14 19 14 0 7 5 3 8 14 3 17 0 1 5 9 3 13 13 21 5 7 1 8 9 3 3 14 8
split_gain=1120.93 263.745 251.524 72.3073 48.4955 133.761 47.6555 51.7179 47.3054 44.2005 37.7848 35.0511 31.13 30.133 30.0101 27.8522 23.9175 23.6826 21.9971 21.8147 31.2008 32.377 21.4138 23.2494 20.9601 20.3146 18.0614 17.5026 17.451 17.2793
threshold=0.75455355644226085 1.0000000180025095e-35 0.26201373338699346 2.5000000000000004 0.11651583760976793 0.74059841036796581 0.56957069039344799 0.31666667759418493 0.23606811463832858 4.5000000000000009 0.21132376790046695 0.92403846979141246 1.0000000180025095e-35 0.71884274482727062 0.3312236368656159 0.095454547554254546 0.69604039192199718 0.95587280392646801 0.32025641202926641 0.22660961002111438 0.69910156726837169 0.86607143282890331 0.72258296608924877 0.48435972630977636 8.5000000000000018 0.62605932354927074 0.77015754580497753 0.59299960732460033 0.56385868787765514 4.5000000000000009
decision_type=2 2 2 2 2 2 2 2 2 2 2 2 2 2 2 2 2 2 2 2 2 2 2 2 2 2 2 2 2 2
left_child=2 3 4 9 19 22 7 8 -4 10 18 29 -7 27 -8 -11 -17 -12 -2 20 -1 -22 26 -24 -13 -26 -6 -3 -10 -5
right_child=1 13 6 11 5 12 14 -9 28 15 17 24 -14 -15 -16 16 -18 -19 -20 -21 21 -23 23 -25 25 -27 -28 -29 -30 -31
leaf_value=-0.045344393787079371 0.012765972817722062 -0.015122912744506029 0.023607467134814764 0.029158767705267569 -0.073971912458329778 0.080772521870957292 -0.0090095211663769621 0.054218287567330777 -0.059825283205243607 0.039205043657936318 0.01924919292443179 0.064531915993342542 -0.01664269865421962 0.082600893041242726 0.065837446015089021 -0.0059754082441776215 -0.054092436068387276 0.067448341939129353 -0.033811239864163935 -0.078179324683543924 0.066901495605637865 0.56147114818753574 0.00053302030452068421 0.3773016888575505 0.061214295945722051 -0.031052957694450999 0.029667769879751116 0.071542600026547568 -0.014173127448633029 -0.026778057878445814
leaf_weight=22.392008143477145 185.13910545408726 33.458015762269497 85.612047202885151 103.65243831183761 314.6043145833537 55.286455870606005 54.652522158809006 57.961855177767575 169.30129418708384 42.464737287722528 167.42203092761338 289.47077711019665 33.847904716618359 648.7524399869144 91.994448458775878 129.24165489245206 135.35899695102125 106.90073517337441 99.914036239497364 891.609623670578 3.754727321676909 1.0939810639247296 12.255124566145239 1.1462325211614359 29.229436706751585 31.982070909813046 11.142846412956713 26.908212017267942 78.407901665195823 53.630479145795107
leaf_count=1853 1318 211 1336 693 26251 477 1173 521 7923 379 1022 2746 630 9350 839 1796 1913 1016 3727 84542 209 31 548 19 169 179 242 262 825 350
internal_value=-0.00249688 0.0379444 -0.0471958 0.0174995 -0.0656619 -0.0434292 -0.000951463 -0.0155287 -0.0276571 0.00344968 0.0168371 0.0414644 0.04378 0.0775704 0.0379434 -0.020938 -0.0305901 0.0380319 -0.00355982 -0.0760247 -0.00550339 0.178488 -0.0663494 0.0327585 0.0555381 0.0130061 -0.0704267 0.0235082 -0.0453749 0.0100854
internal_weight=3968.59 2083.53 1885.06 1374.41 1347.13 428.283 537.93 391.283 333.321 866.441 559.376 507.965 89.1344 709.119 146.647 307.065 264.601 274.323 285.053 918.85 27.2407 4.84871 339.149 13.4014 350.682 61.2115 325.747 60.3662 247.709 157.283
internal_count=152550 25131 127419 15308 114802 28167 12617 10605 10084 11171 7083 4137 1107 9823 2012 4088 3709 2038 5045 86635 2093 240 27060 567 3094 348 26493 473 8748 1043
is_linear=0
shrinkage=0.08


Tree=32
num_leaves=31
num_cat=0
split_feature=21 16 14 2 16 13 14 0 0 14 18 7 1 20 3 18 2 2 7 21 7 13 0 13 2 13 21 12 14 18
split_gain=995.054 270.763 246.761 73.4695 51.6317 48.3615 46.2869 113.627 30.8226 29.7142 27.6444 26.9689 26.8403 26.835 25.7883 20.933 20.6674 20.3781 21.6887 20.0097 19.3135 19.1203 18.4468 17.036 16.6217 16.2022 20.3753 15.0277 14.8167 14.7438
threshold=0.75455355644226085 1.0000000180025095e-35 0.2639319002628327 0.92031747102737438 1.0000000180025095e-35 0.52897891402244579 0.11651583760976793 0.73318040370941173 0.74059841036796581 0.43874999880790716 1.0000000180025095e-35 0.51124340295791637 0.26138716936111456 0.89587974548339855 0.24440020322799685 1.0000000180025095e-35 0.91010102629661571 0.74115687608718883 0.70972222089767467 0.88804689049720775 0.32274965941905981 0.29800449311733251 0.9384731948375703 0.93887132406234752 0.59755185246467601 0.22660961002111438 0.72443383932113659 0.30567033588886267 0.8834841549396516 1.0000000180025095e-35
decision_type=2 2 2 2 2 2 2 2 2 2 2 2 2 2 2 2 2 2 2 2 2 2 2 2 2 2 2 2 2 2
left_child=2 3 6 9 11 13 25 17 24 15 -9 16 14 21 20 19 23 18 -8 -2 -6 -5 28 -4 -3 26 -1 -12 -11 -13
right_child=1 8 4 5 12 -7 7 10 -10 22 27 29 -14 -15 -16 -17 -18 -19 -20 -21 -22 -23 -24 -25 -26 -27 -28 -29 -30 -31
leaf_value=-0.041722170691900907 -0.044961575822233805 -0.001797102666287628 -0.051509752851030662 0.012584535746562368 -0.021483690182313175 0.069174865741945951 -0.074057897811652826 -0.021871748118372308 0.082954666154504919 0.0030985222223999459 0.09216754682637246 -0.013069087246254121 0.064738192875327144 0.057698116479997924 -0.024778582528951737 0.0054954775708512382 0.09750234367329666 0.070189162227621851 0.02675622756961709 -0.00047897250105938304 0.085132628572749225 -0.058196422149064668 0.045864079717024699 0.051741578056433708 0.074770538103942477 -0.078288702893908421 0.16756113863358743 -0.0016237024165678554 0.070458056777899222 0.042316012357941808
leaf_weight=24.31874878611416 146.30713200662285 45.474230851978064 169.90006656572223 73.022283684462309 16.108855850994587 217.98733372986317 294.88879161141813 34.833368351683021 596.7220516577363 260.12759394943714 43.088215994648635 85.417037775740027 86.226314372383058 54.233841099776328 70.670076554641128 306.72895263228565 6.7281938120722762 6.8425282482057801 14.320710644125937 116.0605112016201 33.462920784950256 36.701971907168627 120.72656371444464 10.882256183773277 30.193188115954399 826.73752549383789 3.3925826204940668 14.650700307451187 22.725189298391342 48.074295510537922
leaf_count=2010 3574 285 6642 337 166 2634 26347 699 9266 1589 370 1949 1062 549 1485 3324 54 78 612 627 277 1712 771 81 352 84647 127 157 157 775
internal_value=-0.00303246 0.0353546 -0.0464891 0.014755 -0.000532164 0.0444866 -0.0656812 -0.0435356 0.0768553 0.00308019 0.0344129 -0.0206056 0.0306766 0.0116628 0.00625077 -0.00869478 -0.0401707 -0.0663669 -0.0693888 -0.0252843 0.0504866 -0.0110912 0.0196843 -0.0452945 0.0287553 -0.0762718 -0.0161005 0.0683689 0.00851038 0.00687677
internal_weight=3817.55 2027.01 1790.54 1354.62 527.47 381.945 1263.07 408.624 672.389 972.676 92.5723 321.002 206.468 163.958 120.242 569.097 187.511 316.052 309.21 262.368 49.5718 109.724 403.579 180.782 75.6674 854.449 27.7113 57.7389 282.853 133.491
internal_count=152715 25177 127538 15274 12491 5232 115047 28263 9903 10042 1226 9501 2990 2598 1928 7525 6777 27037 26959 4201 443 2049 2517 6723 637 86784 2137 527 1746 2724
is_linear=0
shrinkage=0.08


Tree=33
num_leaves=31
num_cat=0
split_feature=14 4 7 15 1 4 15 10 14 3 0 4 1 5 9 17 1 1 4 5 0 14 14 14 2 14 13 3 14 5
split_gain=841.357 314.202 160.93 80.1215 71.5083 164.212 71.4802 69.6267 128.349 67.7833 40.8351 39.5017 41.2352 39.4925 36.959 35.7271 30.4526 28.7451 28.6017 21.753 18.7935 17.2573 29.701 17.2069 38.686 16.981 17.4748 15.3818 13.9235 12.6508
threshold=0.32795698940753942 0.47222222387790685 0.70119047164917003 1.0000000180025095e-35 0.57275134325027477 0.16025641560554507 1.0000000180025095e-35 1.0000000180025095e-35 0.089572194963693633 0.87841832637786876 0.85785016417503368 0.074175827205181136 0.53001201152801525 0.23611111193895343 0.44136746227741247 1.0000000180025095e-35 0.39077411592006689 0.79449471831321727 0.88194444775581371 0.11805555596947671 0.9364452362060548 0.17902930825948718 0.061553031206130988 0.75499999523162853 0.87585616111755382 0.065591398626565947 0.3081014752388001 0.93127068877220165 0.13714733719825747 0.19090909510850909
decision_type=2 2 2 2 2 2 2 2 2 2 2 2 2 2 2 2 2 2 2 2 2 2 2 2 2 2 2 2 2 2
left_child=1 4 9 7 -1 21 18 8 -3 11 16 12 14 -13 -2 -10 -9 -7 19 -4 29 22 -6 24 -11 -5 -27 -21 -28 -8
right_child=2 3 6 25 5 17 20 10 15 23 -12 13 -14 -15 -16 -17 -18 -19 -20 27 -22 -23 -24 -25 -26 26 28 -29 -30 -31
leaf_value=-0.071905405393875757 0.037596357762923964 -0.075110773558743363 0.071414702432022137 -0.084885325589254337 -0.034082685055732545 -0.062800677729010004 0.077376304192893916 0.67514019084279375 0.040334236109495179 -0.056631291962002978 0.018198725319805407 -0.092391527696960574 0.092941731075403849 0.0049532765418486661 -0.023546395473544087 -0.035459208102319437 0.14194763089340698 0.054689933899719614 0.083727552308348052 -0.0066866300735762656 0.081635655144192965 0.12748500133956975 0.3987012554278786 0.0840846044699496 0.065697509238444557 0.24164901168288186 -0.017688081449320537 0.029040402788749343 0.084901690844190678 0.043589087266241451
leaf_weight=1005.2878982154652 89.164418248459697 191.24166320450604 48.266340162605047 4.1383217154070726 1.3678906010463858 133.11731580272317 110.91545163094997 0.737648019567131 133.36424479167908 23.981891397386789 254.24722009152174 64.73880170751363 29.690102785825729 45.362529986537993 217.88389433268458 56.735882051289082 9.7054560333490354 14.809852994978426 54.151075828820467 134.89478995278478 432.71535893902183 23.9589814376086 3.9323823330923915 62.999437861144543 53.356874741613865 4.1267095040529957 9.5838731871917826 180.08673205971718 72.64115640707314 196.70465740934014
leaf_count=96730 1124 18195 394 125 94 8693 1269 24 1133 153 1302 1259 254 397 5396 1170 179 296 836 651 6831 170 50 800 636 31 148 1012 758 2459
internal_value=-0.00154237 -0.0380983 0.0386606 0.00291838 -0.0636461 -0.0167861 0.0559628 -0.0069568 -0.0288376 0.00454594 0.024567 -0.0106868 0.00291421 -0.0522848 -0.00579102 0.0177135 0.17961 -0.051038 0.029489 0.0214034 0.0708887 0.156382 0.287009 0.0530474 0.0277647 0.0734199 0.0810065 0.0137399 0.0729442 0.0557714
internal_weight=3663.91 1919 1744.91 736.522 1182.47 177.186 1157.73 646.032 381.342 587.178 264.69 446.84 336.738 110.101 307.048 190.1 10.4431 147.927 417.399 363.248 740.335 29.2593 5.30027 140.338 77.3388 90.4901 86.3517 314.982 82.225 307.62
internal_count=152569 129098 23471 23065 106033 9303 13452 22003 20498 10019 1505 8430 6774 1656 6520 2303 203 8989 2893 2057 10559 314 144 1589 789 1062 937 1663 906 3728
is_linear=0
shrinkage=0.08


Tree=34
num_leaves=31
num_cat=0
split_feature=14 21 16 8 3 14 7 3 3 5 8 7 5 17 9 17 12 7 7 13 0 0 13 11 7 13 21 8 8 1
split_gain=784.311 245.854 166.825 93.3255 87.1778 68.5704 117.399 57.9758 39.9349 38.6816 61.5783 41.1579 38.157 25.9311 25.8894 25.5181 27.5578 23.6934 21.9925 21.0428 38.6123 20.6495 20.5399 19.5503 19.3593 19.0419 20.1742 18.4428 16.1784 15.5867
threshold=0.28348214924335485 0.76992610096931469 1.0000000180025095e-35 4.5000000000000009 0.5604878067970277 0.11651583760976793 0.72258296608924877 0.9529346525669099 0.77015754580497753 0.86607143282890331 1.5000000000000002 0.58368945121765148 0.81666666269302379 1.0000000180025095e-35 0.59491634368896495 1.0000000180025095e-35 0.12135372683405878 0.50035613775253307 0.96237373352050792 0.66521108150482189 0.77747112512588512 0.47047936916351324 0.75503447651863109 0.85993880033493053 0.54994553327560436 0.22660961002111438 0.69540250301361095 6.5000000000000009 7.5000000000000009 0.91458967328071605
decision_type=2 2 2 2 2 2 2 2 2 2 2 2 2 2 2 2 2 2 2 2 2 2 2 2 2 2 2 2 2 2
left_child=1 5 3 7 17 19 8 9 23 11 -11 -2 14 -8 22 29 -17 21 -15 25 -21 -4 -5 -7 -16 26 -1 -14 -10 -3
right_child=2 15 4 12 -6 6 13 -9 28 10 -12 -13 27 18 24 16 -18 -19 -20 20 -22 -23 -24 -25 -26 -27 -28 -29 -30 -31
leaf_value=-0.055286066193435408 -0.019275716213880946 0.0089563456827472937 0.044077617840421413 -0.038627427588424544 0.078822446132805507 -0.069380648853258883 0.075164981467316483 0.068779552835347466 0.055333907823873311 -0.14827660423611153 0.0288126381750302 0.04794468570879875 -0.021011571334265559 0.067264500988172826 -0.069782427443241923 0.0017784178261380915 -0.058723585278002012 0.046788066876244566 -0.062428154270083053 0.010847688891448519 1.1112907444252131 -0.034266990884643578 0.026655265968758449 0.14096477774616561 -0.022342484641940937 -0.077600384841510092 0.094626278339220687 0.056934223831704947 -0.080562385881854701 0.050163268128393022
leaf_weight=18.681896367110316 84.006176026538014 223.75757412519306 31.082664917223155 46.153652220033109 579.38438362907618 283.17541005369276 60.464899395592511 218.01562133431435 25.760114924050868 22.28999125957489 28.808613270521164 190.4667347446084 27.429826222360134 13.809702379629014 82.461041447706521 171.86486850120127 66.951997055672109 86.763687191531062 21.236155775375664 0.86813167855143436 0.26677459478378296 70.069334969855845 92.992281917482615 2.8564436901360741 165.63499697390944 745.23198121692985 8.2965591531246883 66.595041550695896 7.1663496848195782 79.66420032363385
leaf_count=1771 2261 2283 342 1884 9766 27823 607 2663 240 113 221 1475 156 310 2730 1253 2186 1047 639 78 4 1276 1003 161 1354 87174 341 395 188 1010
internal_value=-0.0018342 -0.0402566 0.0352568 0.0141373 0.0634654 -0.0606327 -0.0343769 0.0368526 -0.0576758 0.015473 -0.0484364 0.027371 -0.0115194 0.0434298 -0.0226192 0.00437861 -0.0151832 0.0161162 -0.0113232 -0.0747042 0.269521 -0.0101927 0.00500149 -0.06728 -0.0381104 -0.0752102 -0.00918422 0.0341951 0.0257565 0.0197753
internal_weight=3522.21 1730.05 1792.15 1024.85 767.3 1187.81 414.469 543.587 318.958 325.572 51.0986 274.473 481.267 95.5108 387.242 542.239 238.817 187.916 35.0459 773.345 1.13491 101.152 139.146 286.032 248.096 772.21 26.9785 94.0249 32.9265 303.422
internal_count=152754 126068 26686 14255 12431 119336 29968 6733 28412 4070 334 3736 7522 1556 6971 6732 3439 2665 949 89368 82 1618 2887 27984 4084 89286 2112 551 428 3293
is_linear=0
shrinkage=0.08


Tree=35
num_leaves=31
num_cat=0
split_feature=21 16 14 17 19 2 7 5 3 0 2 2 7 1 3 4 5 19 9 4 13 16 13 1 8 7 3 3 5 4
split_gain=715.735 225.89 216.644 77.4646 55.8812 42.0708 42.2439 36.4637 67.3904 50.3075 34.1133 31.4064 30.6824 25.5439 33.3607 27.7489 30.1622 25.1399 24.4146 23.5173 21.9235 21.5899 46.6392 21.5046 21.128 20.5903 17.4936 15.1024 19.4876 17.6429
threshold=0.75455355644226085 1.0000000180025095e-35 0.1863425895571709 1.0000000180025095e-35 2.5000000000000004 0.81120249629020702 0.51387086510658275 0.58571431040763866 0.95861870050430309 0.92634469270706188 0.91331186890602123 0.60107529163360607 0.77806639671325695 0.28165064752101904 0.26442842185497289 0.074175827205181136 0.15476191043853763 1.5000000000000002 0.46225070953369146 0.087121214717626586 0.93362700939178478 1.0000000180025095e-35 0.39798456430435186 0.37176080048084265 1.5000000000000002 1.0000000180025095e-35 0.57284301519393932 0.95861870050430309 0.76388889551162731 0.78888890147209179
decision_type=2 2 2 2 2 2 2 2 2 2 2 2 2 2 2 2 2 2 2 2 2 2 2 2 2 2 2 2 2 2
left_child=2 4 21 13 7 6 20 9 24 19 27 12 -3 14 25 18 -17 -10 -15 -2 -5 -1 -23 -8 -9 -4 -16 28 -6 -29
right_child=1 11 3 5 10 -7 23 8 17 -11 -12 -13 -14 15 26 16 -18 -19 -20 -21 -22 22 -24 -25 -26 -27 -28 29 -30 -31
leaf_value=-0.07202901944933976 0.046219625160790243 -0.025098198991847204 -0.022173295888633655 -0.068342466079342301 0.017925267258711082 0.071875973022477016 -0.029667235392904827 -0.10532661086877809 -0.0088365023952236884 0.079628175499434406 0.066775664088359554 0.081236732594213559 0.077364348860975818 0.38585107349088105 -0.044380883656100704 -0.052963505408904689 0.052561429314888566 0.035487195173846409 0.09264052626829633 -0.011160050338174646 0.0085423550978893439 0.17451921118794958 -0.063124630201624815 0.031126136537767905 -0.038655638611023196 0.077024775367972739 0.079442438246671063 0.051045373702764837 -0.049078043876876178 -0.016040442056783101
leaf_weight=821.8297845502384 62.217637948691845 37.850981304422021 19.68790409527719 203.36428418383002 124.42011930607259 23.845232645049691 93.158094617538154 44.719185393303633 263.90684862155467 74.222697639837861 147.90736918151379 482.49327671341598 36.975998762995005 1.915607695467769 75.214083847589791 23.192387482151389 68.643597561866045 118.748610409908 35.480810317210853 172.34057605266571 26.872476942837238 7.2323694750666645 19.633660935796797 62.038285751827061 95.139553051441908 41.875402525067329 8.0873549096286279 127.10389748308808 35.76712947152555 31.259731221012771
leaf_count=98601 558 262 574 13088 865 216 4250 651 4339 581 2043 9088 558 30 4180 838 669 1100 695 2418 195 218 2117 914 1572 846 94 877 222 197
internal_value=-0.00226139 0.0311587 -0.0427274 -0.0092023 0.0128645 -0.0312445 -0.0376241 0.000429217 -0.0124509 0.0222247 0.0350259 0.073758 0.025534 0.0237108 0.000644114 0.0495677 0.025912 0.00491837 0.10766 0.00406017 -0.0593687 -0.069722 0.000849393 -0.00536566 -0.0599734 0.0453013 -0.0323594 0.0202841 0.00296455 0.0378032
internal_weight=3387.14 1855.07 1532.07 683.376 1297.75 409.278 385.433 831.295 522.514 308.781 466.458 557.32 74.827 274.097 144.865 129.232 91.836 382.655 37.3964 234.558 230.237 848.696 26.866 155.196 139.859 61.5633 83.3014 318.551 160.187 158.364
internal_count=152856 25331 127525 26589 15423 18663 18447 11219 7662 3557 4204 9908 820 7926 5694 2232 1507 5439 725 2976 13283 100936 2335 5164 2223 1420 4274 2161 1087 1074
is_linear=0
shrinkage=0.08


Tree=36
num_leaves=31
num_cat=0
split_feature=13 2 16 15 2 21 3 4 15 8 9 5 9 5 16 7 15 1 15 7 13 0 8 13 5 10 11 3 4 11
split_gain=622.079 209.758 143.86 108.648 93.1252 64.8727 63.7771 45.2551 40.5792 38.2059 49.3673 37.3274 29.4593 58.4236 26.6345 26.5846 60.8722 29.3143 26.4518 24.3172 23.0256 21.7822 20.513 18.4104 17.0676 15.2443 14.06 32.0369 13.7195 13.7059
threshold=0.68343880772590648 0.66360858082771312 1.0000000180025095e-35 1.0000000180025095e-35 0.92031747102737438 0.76992610096931469 0.73746865987777721 0.11805555596947671 1.5000000000000002 4.5000000000000009 0.59491634368896495 0.86607143282890331 0.86996778845787059 0.86607143282890331 1.0000000180025095e-35 0.60182178020477306 1.0000000180025095e-35 0.3312236368656159 1.0000000180025095e-35 0.50271162390708934 0.4944437593221665 0.51519224047660839 9.5000000000000018 0.31437556445598608 0.35416667163372045 1.0000000180025095e-35 0.85993880033493053 0.2237871661782265 0.57738095521926891 0.56595146656036388
decision_type=2 2 2 2 2 2 2 2 2 2 2 2 2 2 2 2 2 2 2 2 2 2 2 2 2 2 2 2 2 2
left_child=1 8 4 5 9 7 19 -3 15 12 18 -12 -2 -14 29 26 25 -18 -11 21 -9 -4 -16 -5 -7 -17 -1 -28 -26 -10
right_child=2 3 6 23 -6 24 -8 20 14 10 11 -13 13 -15 22 16 17 -19 -20 -21 -22 -23 -24 -25 28 -27 27 -29 -30 -31
leaf_value=-0.076089731905810504 0.053041045566102278 0.15121940035472758 0.034465726957952574 0.21101427731835734 0.068616773179081603 0.059727786579540219 0.080567119477297208 -0.065842208452898676 0.37050687433919144 0.053755518276057269 -0.049626880561422011 0.016880424211270756 0.022314906877784681 -0.089235404766841081 0.086035985251768587 -0.069365029722361013 -0.048646304051277095 0.078151763250254469 -0.018185524163016404 0.051429973020767267 0.0057699329105407073 -0.042285455505825124 0.42039894881899031 0.057385258793805224 -0.033216044404824105 -0.017122757060792384 0.52756822715346041 -0.027690972295167562 0.0051070805926957206 -0.020816835666136381
leaf_weight=568.47440970502794 123.73483821284026 6.9345209295861414 48.140164874494076 5.2159009464085093 162.82280187681317 30.131054786965251 429.61129127815366 209.97938278829679 0.59984761383384722 83.102042427286506 215.01111146993935 72.127207070589066 186.46662252303213 35.821319997310638 3.0732526183128348 230.48970781778917 17.959004420321435 33.317025161348283 53.942523795180023 115.46269182767719 33.291338873561472 46.547837479971349 1.9004349019378421 116.43316754326224 75.703947798348963 42.309140901081264 0.78359588235616584 4.395000908523798 284.33001173473895 12.710738280788062
leaf_count=68576 1164 84 403 50 2431 307 8692 24303 16 1126 2693 426 2027 177 57 26482 1244 688 843 1348 658 561 43 1649 1195 1121 23 186 3472 706
internal_value=-0.00246555 -0.0363462 0.0336821 -0.00533508 0.0136473 -0.0185012 0.062901 -0.0502978 -0.0621439 0.00202661 -0.014066 -0.0329207 0.0217543 0.00433877 0.0558404 -0.0645469 -0.0462308 0.0337418 0.0254386 0.0267862 -0.0560422 -0.00326452 0.213795 0.0639724 0.00188938 -0.0612626 -0.0748943 0.0563277 -0.00295108 -0.00318165
internal_weight=3250.82 1678.03 1572.79 762.019 933.028 640.37 639.762 250.205 916.012 770.206 424.183 287.138 346.023 222.288 18.2843 897.728 324.075 51.276 137.045 210.151 243.271 94.688 4.97369 121.649 390.165 272.799 573.653 5.1786 360.034 13.3106
internal_count=152751 130860 21891 31718 10887 30019 11004 25045 99142 8456 5088 3119 3368 2204 822 98320 29535 1932 1969 2312 24961 964 100 1699 4974 27603 68785 209 4667 722
is_linear=0
shrinkage=0.08


Tree=37
num_leaves=31
num_cat=0
split_feature=19 0 14 13 14 16 4 2 4 3 3 7 13 1 4 1 0 9 2 4 13 8 14 9 8 7 4 3 7 0
split_gain=553.673 199.163 135.682 115.46 99.8604 73.6824 60.514 64.3349 41.298 40.1522 34.0289 29.9111 29.9075 23.129 25.412 22.4015 21.2433 20.0317 19.7071 18.6337 31.2495 23.2499 17.778 17.0636 47.4281 15.8049 19.4572 13.8007 12.646 12.0413
threshold=2.5000000000000004 0.73318040370941173 0.10762548446655275 0.22660961002111438 0.2639319002628327 1.0000000180025095e-35 0.080128207802772536 0.9529346525669099 0.88194444775581371 0.75642716884613048 0.73746865987777721 0.54734298586845409 0.5071096420288087 0.41421362757682806 0.10555555671453477 0.53001201152801525 0.92634469270706188 0.71902412176132213 0.25677657127380377 0.47222222387790685 0.22660961002111438 7.5000000000000009 0.13840996474027636 0.60630899667739879 6.5000000000000009 0.69484126567840587 0.10555555671453477 0.26158231496810919 0.33650793135166174 0.89117714762687694
decision_type=2 2 2 2 2 2 2 2 2 2 2 2 2 2 2 2 2 2 2 2 2 2 2 2 2 2 2 2 2 2
left_child=1 4 3 28 19 8 15 9 16 -8 25 18 -5 27 -15 17 23 -4 -6 -1 21 -21 -22 29 -25 26 -7 -13 -3 -2
right_child=5 2 6 12 11 10 7 -9 -10 -11 -12 13 -14 14 -16 -17 -18 -19 -20 20 22 -23 -24 24 -26 -27 -28 -29 -30 -31
leaf_value=-0.074061761930014292 0.0068093489052085997 0.12692122217355331 0.097880337645814844 -0.075106274648562121 0.0036569788651908287 0.031008496038357786 -0.059253905752265988 0.073257347416309529 0.075231735887306611 0.0086665869137635236 0.081782768431080316 0.077188309229807295 0.049851968065773279 0.13788067678122448 -0.035107299809739104 0.10037959733393641 0.035343931873596808 -0.046551821176939734 -0.048248664417899156 0.48250436517367734 -0.080652223565640016 -0.0095418421151087195 0.083949256091728236 0.015323574924017066 -0.072989801243007621 0.077335206653219246 -0.073539153486460021 -0.017731787853992535 0.0018045354079567249 0.080326017134414743
leaf_weight=597.97308325720951 34.50440539047122 5.2714657681062809 10.512895390857013 260.84234930388629 66.740041404031217 76.2948007453233 65.275037693791091 88.876506056636572 90.118561392650008 379.9110339358449 359.00038772821426 11.636341989971696 12.862799519207327 17.892786555923525 7.8058023434132329 75.77819861471653 194.6935109840706 14.794082282576708 156.79458212479949 1.4007953014224797 14.571812178939583 1.0950392019003627 5.8997189346700898 123.85943026142195 56.751492914743721 37.345388568937778 13.392693730071185 62.22573456261307 269.01268705818802 24.301074189133942
leaf_count=81841 448 87 103 33220 1615 549 1177 1384 1538 3272 7851 213 403 132 116 835 1869 155 6997 39 2051 45 57 1307 640 561 88 1587 2290 181
internal_value=-0.00201268 -0.025173 -0.00330703 -0.0324735 -0.0525771 0.046753 0.0218571 0.011114 0.0259499 -0.0012922 0.0691909 -0.0165066 -0.0692339 0.0199662 0.0853365 0.0786159 0.0157193 0.0134474 -0.0327514 -0.0713458 -0.000632675 0.266621 -0.0332155 -0.00023954 -0.0124262 0.0336056 0.0153968 -0.00277793 0.00420915 0.0371897
internal_weight=3137.43 2127.17 1183.14 547.989 944.036 1010.26 635.148 534.063 524.228 445.186 486.033 323.095 273.705 99.5607 25.6986 101.085 434.11 25.307 223.535 620.94 22.9674 2.49583 20.4715 239.416 180.611 127.033 89.6875 73.8621 274.284 58.8055
internal_count=152651 137619 42926 36000 94693 15032 6926 5833 5983 4449 9049 10660 33623 2048 248 1093 4445 258 8612 84033 2192 84 2108 2576 1947 1198 637 1800 2377 629
is_linear=0
shrinkage=0.08


Tree=38
num_leaves=31
num_cat=0
split_feature=14 4 2 16 7 7 13 14 17 1 4 4 1 14 0 7 3 4 11 3 0 1 15 4 0 5 17 5 9 5
split_gain=516.176 174.717 150.591 102.055 62.4667 61.9977 44.6784 102.08 39.0178 35.7195 107.142 34.9828 44.5008 30.8072 25.9846 28.8392 25.6974 32.8976 25.0137 24.8867 22.931 25.2928 18.9742 23.4471 18.7975 17.989 17.0959 16.3558 50.7694 11.3274
threshold=0.24068965017795566 0.47222222387790685 0.90443575382232677 1.0000000180025095e-35 0.70119047164917003 0.57807540893554699 0.25410278141498571 0.061553031206130988 1.0000000180025095e-35 0.51564025878906261 0.080128207802772536 0.080128207802772536 0.3312236368656159 0.8441295623779298 0.74470448493957531 0.60753968358039867 0.83752354979515087 0.087121214717626586 0.62438398599624645 0.96178188920021068 0.86834043264389049 0.31866537034511572 1.0000000180025095e-35 0.88194444775581371 0.95790162682533275 0.86607143282890331 1.0000000180025095e-35 0.73214286565780651 0.96362435817718517 0.58571431040763866
decision_type=2 2 2 2 2 2 2 2 2 2 2 2 2 2 2 2 2 2 2 2 2 2 2 2 2 2 2 2 2 2
left_child=1 9 3 5 16 13 20 -8 18 -1 14 12 -7 26 15 -11 17 -5 -9 -13 21 -3 23 27 -12 -23 -2 -4 -29 -22
right_child=2 6 22 4 -6 11 7 8 -10 10 24 19 -14 -15 -16 -17 -18 -19 -20 -21 29 25 -24 -25 -26 -27 -28 28 -30 -31
leaf_value=-0.073528381529782832 -0.010195341314296162 0.47206065259524499 0.067325528421005781 0.021217275748540328 0.078208387234391705 -0.027413482519573314 -0.079284276085234626 0.093581162252715497 -0.05157282900972341 0.14201117957491721 -0.058388187759862417 -0.013770656308866216 0.083193734447599949 0.073740119305765711 0.12575943745722423 0.75679551283378743 0.080352941025148075 -0.06506670621426261 0.014350812875975822 0.023502231140172875 0.054894940780682938 0.036664478412080294 0.08134492003735172 0.0853029327933498 0.078518656538749051 0.22786419745989608 -0.052476622700291811 0.014869075147431235 -0.26270629196961365 0.0051991093745095774
leaf_weight=585.19181661074981 92.36247924156487 1.1185939759016061 25.913234114646912 163.50180400256068 203.26144512463361 32.145568986423314 130.27316892426461 37.685009975917637 40.037970170378685 1.0193571541458393 148.99827010603622 245.61169837508351 84.408862450160086 16.690167635679245 14.347588839475064 0.93741170596331347 35.345966771245003 34.194799189455807 78.884247722569853 215.00745322369039 33.995134748052806 13.898259486537428 282.74264692701399 52.575918063521385 6.7073937025852493 4.071972095873206 181.421207848005 45.201257735490799 4.6510992646217337 215.01850493531674
leaf_count=83782 2729 18 239 2899 4191 974 16972 740 1563 39 14047 1572 833 98 148 17 651 515 810 1304 198 298 6394 1029 96 49 8724 356 26 1479
internal_value=-0.00135006 -0.0391165 0.0275453 0.014235 0.0457961 -0.00163582 -0.00501869 -0.0269618 0.0165624 -0.0641081 -0.0320595 0.0135349 0.0526884 -0.0317802 0.163057 0.43653 0.0175259 0.00629308 0.0399647 0.00362755 0.0184614 0.102965 0.0697653 0.0442548 -0.0524906 0.0799895 -0.0382128 0.0157704 -0.011028 0.0119835
internal_weight=3027.22 1312.18 1715.04 1303.95 436.304 867.647 554.983 286.88 156.607 757.202 172.01 577.174 116.554 290.474 16.3044 1.95677 233.043 197.697 116.569 460.619 268.102 19.0888 411.084 128.342 155.706 17.9702 273.784 75.7656 49.8524 249.014
internal_count=152790 120256 32534 24490 8256 16234 22127 20085 3113 98129 14347 4683 1807 11551 204 56 4065 3414 1550 2876 2042 365 8044 1650 14143 347 11453 621 382 1677
is_linear=0
shrinkage=0.08


Tree=39
num_leaves=31
num_cat=0
split_feature=21 14 16 2 13 4 8 4 14 4 3 8 1 3 21 4 3 5 4 12 19 3 5 5 1 3 19 21 13 15
split_gain=450.588 184.368 167.903 70.6772 55.0925 49.3698 43.8598 43.3686 42.9772 33.0766 30.6849 24.9013 23.8246 30.9952 23.0709 21.4541 20.711 20.1699 50.8022 24.6998 23.4016 21.7444 18.3531 18.0439 17.9643 17.3889 15.7402 15.7241 15.2537 19.7168
threshold=0.75684094429016124 0.15075758099555972 1.0000000180025095e-35 0.49295215308666235 0.74637374281883251 0.074175827205181136 4.5000000000000009 0.38750000298023229 0.20942982286214831 0.88194444775581371 0.7320508360862733 4.5000000000000009 0.41728855669498449 0.46234817802906042 0.66264078021049511 0.11805555596947671 0.84680575132370006 0.86607143282890331 0.73214286565780651 0.54677084088325512 1.5000000000000002 0.96580946445465099 0.73214286565780651 0.23611111193895343 0.47413024306297308 0.18321678787469867 1.5000000000000002 0.56483092904090892 0.25410278141498571 1.0000000180025095e-35
decision_type=2 2 2 2 2 2 2 2 2 2 2 2 2 2 2 2 2 2 2 2 2 2 2 2 2 2 2 2 2 2
left_child=1 28 6 4 12 14 8 16 26 22 15 -9 25 -14 -5 24 -7 18 21 -20 -19 -8 -10 -17 -4 -3 -2 -6 29 -1
right_child=2 3 10 5 27 7 17 11 9 -11 -12 -13 13 -15 -16 23 -18 20 19 -21 -22 -23 -24 -25 -26 -27 -28 -29 -30 -31
leaf_value=-0.033721629356714196 -0.013407754177833867 0.035076752876034227 -0.00063379561343520816 0.18728448837516895 0.085240035229484673 -0.05615648785302077 -0.022260166970876568 0.066277427451460702 0.042757283592957274 0.083355375778688359 0.079133704155325238 -0.013013848879000783 0.18728044715904305 -0.046517083317581406 0.063476569930018698 -0.12557038497301096 0.13036299099268037 -0.020950575272938449 -0.014659216864351487 -0.12777107991713177 0.041257627201274502 0.028937758009720427 0.005837132957057992 0.031521735851237714 0.086829758601901619 -0.06325011803623791 0.025850909780527582 -0.0024361897028486248 -0.073593496521421817 0.20938244805355777
leaf_weight=27.484309054445479 203.14389871573076 12.113484382629393 27.490532131865621 11.971023281104861 14.097417401149867 64.902492682915181 160.34391754539683 66.55784559994936 212.82761053927243 84.896926652640104 350.40084473416209 40.940694660879672 5.9513085312210015 9.3003553934395295 49.314727735240012 9.8200736688449997 4.0476886262185863 68.570869203656912 18.513234044425189 37.14607609808445 88.847509323619306 79.371984069235623 144.79833601042628 8.9393789954483491 33.155336812138557 231.38711192412302 96.366834654472768 183.42572955135256 553.28559374157339 2.3150101900100699
leaf_count=3196 3987 907 215 337 193 2729 1982 655 1673 1807 8814 420 158 482 702 76 45 1280 241 178 609 648 1129 125 621 24846 1143 2905 90227 22
internal_value=-0.00187243 -0.0374288 0.0260778 -0.00956736 -0.0279954 0.025801 0.0106528 0.00431547 0.022626 0.0384652 0.0689581 0.0360794 -0.0522833 0.0447124 0.0876601 0.0240553 -0.0452069 -0.00896872 -0.021295 -0.0901481 0.01416 -0.0053081 0.0278088 -0.0507118 0.0471829 -0.0583586 -0.000776377 0.00382135 -0.0705906 -0.0148357
internal_weight=2901.73 1277.09 1624.63 694.01 456.275 237.734 1194.83 176.449 742.034 442.523 429.806 107.499 258.752 15.2517 61.2858 79.4053 68.9502 452.794 295.375 55.6593 157.418 239.716 357.626 18.7595 60.6459 243.501 299.511 197.523 583.085 29.7993
internal_count=152352 127824 24528 34379 29491 4888 14677 3849 9739 4609 9851 1075 26393 640 1039 1037 2774 4938 3049 419 1889 2630 2802 201 836 25753 5130 3098 93445 3218
is_linear=0
shrinkage=0.08


Tree=40
num_leaves=31
num_cat=0
split_feature=19 0 14 13 14 16 4 8 3 4 18 4 7 1 3 9 8 2 4 5 7 13 13 5 0 9 3 1 4 5
split_gain=390.165 160.185 95.2342 102.962 93.2914 59.4951 43.0057 44.1078 41.2718 34.406 33.4459 19.9219 19.7308 33.6203 19.2856 16.6935 19.3803 18.4101 16.3847 23.6363 15.9488 15.2523 15.243 35.7819 15.1861 17.8358 13.8576 12.2126 12.0411 13.8853
threshold=2.5000000000000004 0.7646366059780122 0.097167581319808974 0.22660961002111438 0.20942982286214831 1.0000000180025095e-35 0.080128207802772536 4.5000000000000009 0.73746865987777721 0.88194444775581371 1.0000000180025095e-35 0.88194444775581371 0.5273268222808839 0.3551971316337586 0.91715687513351452 0.46225070953369146 11.500000000000002 0.48528139293193823 0.78888890147209179 0.76388889551162731 0.73463204503059398 0.5071096420288087 0.22660961002111438 0.73214286565780651 0.93336662650108349 0.94804319739341747 0.2014492750167847 0.53923079371452343 0.10555555671453477 0.19090909510850909
decision_type=2 2 2 2 2 2 2 2 2 2 2 2 2 2 2 2 2 2 2 2 2 2 2 2 2 2 2 2 2 2
left_child=1 4 3 -3 22 9 27 11 20 18 12 -8 26 -14 -9 16 -12 -17 24 -20 28 -5 23 -1 -2 -26 -6 -4 -7 -30
right_child=5 2 6 21 10 8 7 14 -10 -11 15 -13 13 -15 -16 17 -18 -19 19 -21 -22 -23 -24 -25 25 -27 -28 -29 29 -31
leaf_value=-0.031395932837844774 0.0069507936107133976 0.0047699078479382538 0.021277969152694955 -0.075362419274687661 0.013368940756179977 0.01997971374049182 0.020073721139909635 -0.052397315659676591 0.08012386760920398 0.071836177703635137 0.27553859421433313 0.069173447289795589 -0.044359595445104198 0.05058557540535407 0.0015278781650518369 -0.03398827981153385 0.042293885096168139 0.033741466404652323 -0.12475552757719849 0.0052117380462384441 0.075237509234277952 0.043763576824459749 -0.074997846872639898 0.40447605037930412 0.054236060955282155 -0.019050261731439137 -0.060393562077105195 0.095548510763557318 -0.11846236311167506 0.060618830107161098
leaf_weight=17.038369787391279 239.11652887566015 268.64172700094059 18.837240403518081 192.33253083564341 18.227726860903203 79.180020448751748 247.71576661476865 68.78121683979407 293.05489966552705 77.39968128176406 2.4380785175599149 67.24427433963865 62.464139108546078 38.6309625627473 110.85370180150494 59.461355565581471 35.141527947504073 45.216466995887458 12.663635064382104 30.584110368508846 30.226710498332977 7.1337487301789215 442.59980402700603 1.2971512069925655 111.65355862677097 26.249987412709743 154.15821119770408 57.182387641631067 8.9710314422845823 4.0094427540898314
leaf_count=1793 2641 2250 188 29677 598 586 2764 1128 7927 1552 48 1267 3068 657 955 3618 862 707 89 320 543 277 76572 35 1079 322 10511 765 65 21
internal_value=-0.00155465 -0.0220695 -0.000815448 -0.02756 -0.0472522 0.0414785 0.0211246 0.0125143 0.0638288 0.022821 -0.0197731 0.0305566 -0.0361385 -0.00807868 -0.0191198 0.0116882 0.0574263 -0.00473185 0.013794 -0.0328448 0.0248106 -0.071102 -0.0720368 -0.000560056 0.0191439 0.040286 -0.0525941 0.0771447 0.00827157 -0.0631473
internal_weight=2828.51 1915.4 1038.72 468.108 876.674 913.11 570.615 494.595 415.442 497.668 415.738 314.96 273.481 101.095 179.635 142.257 37.5796 104.678 420.268 43.2477 122.387 199.466 460.935 18.3355 377.02 137.904 172.386 76.0196 92.1605 12.9805
internal_count=152885 137740 39271 32204 98469 15145 7067 6114 9142 6003 20069 4031 14834 3725 2083 5235 910 4325 4451 409 1215 29954 78400 1828 4042 1401 11109 953 672 86
is_linear=0
shrinkage=0.08


Tree=41
num_leaves=31
num_cat=0
split_feature=19 0 14 13 14 4 4 8 0 15 14 4 4 3 3 11 9 19 7 0 4 1 9 5 4 13 14 8 9 8
split_gain=358.521 146.208 86.1551 86.0223 78.7178 46.0609 41.3201 36.6326 21.7335 24.9234 21.5255 38.4168 18.9312 21.1986 18.6932 17.98 17.9386 17.1763 16.2784 17.5817 17.3718 37.987 12.9902 24.5575 12.2893 12.0728 11.9122 11.3268 10.1301 12.5486
threshold=2.5000000000000004 0.7646366059780122 0.12060606107115747 0.25410278141498571 0.2639319002628327 0.88194444775581371 0.087121214717626586 4.5000000000000009 0.9384731948375703 1.0000000180025095e-35 0.061553031206130988 0.080128207802772536 0.47222222387790685 0.70659971237182628 0.95587280392646801 0.90304511785507213 0.57735043764114391 3.5000000000000004 0.47232905030250555 0.45786494016647344 0.074175827205181136 0.3312236368656159 0.88603895902633678 0.76388889551162731 0.47222222387790685 0.22660961002111438 0.053342817351222045 12.500000000000002 0.5604878067970277 5.5000000000000009
decision_type=2 2 2 2 2 2 2 2 2 2 2 2 2 2 2 2 2 2 2 2 2 2 2 2 2 2 2 2 2 2
left_child=1 4 3 -3 12 8 -4 14 17 22 -5 -12 15 -14 -8 -1 -9 28 19 27 21 -20 -10 -24 -22 -15 -7 -6 -2 -30
right_child=5 2 6 10 18 26 7 16 9 -11 11 -13 13 25 -16 -17 -18 -19 20 -21 24 -23 23 -25 -26 -27 -28 -29 29 -31
leaf_value=-0.070863491209241097 0.0366172899237324 0.0031128343102740704 0.078515743384576883 -0.078732206468709723 0.068453176771862453 0.0045753888935090989 0.012310441634298664 0.036885875711193117 0.039618152969534984 0.074868243620383468 0.5454492148127813 -0.026940265323547902 0.47717280697533521 0.09605019562830977 0.053289675169674595 0.57127616877106246 -0.029980348514933152 0.034274826088900319 -0.014631457248159813 -0.047543012107444799 -0.070989890252306703 0.078330799734110113 0.068313001680573499 -0.08445163101902918 0.038370983548971629 -0.03748197610929694 0.083836305695807398 -0.028254718754123286 0.012994095214962269 -0.033801796100202938
leaf_weight=473.813629262615 45.168023128062487 281.87915263744071 68.954293632879853 160.49717573169619 15.370620610658081 13.153141783084719 172.7828909875825 31.563760619144887 73.103314489591867 128.69803005643189 0.76240389887243409 47.833338862750679 0.56666606804355879 5.1469441922381511 121.22632894385606 0.27923350501805444 137.69444473553449 279.65460793534294 86.306480384897441 126.33810232579708 29.033749225083739 41.736144750844687 11.110087528824808 17.101015055552125 8.5020866952836496 27.410996178630739 156.83839053474367 15.636158334556965 87.704091281630099 63.031000317074358
leaf_count=84028 550 2829 911 27223 544 218 1557 320 622 3078 71 3515 25 129 1732 8 1085 3768 3078 5546 766 459 113 198 61 3271 4315 380 1281 933
internal_value=-0.00186696 -0.0217975 -0.00155823 -0.0257278 -0.0467436 0.0403209 0.0207381 0.0121383 0.0313144 0.0515032 -0.0646081 -0.0179602 -0.0664 -0.00792932 0.0292071 -0.0704853 -0.0175109 0.0215497 -0.0158693 -0.0342949 0.00164011 0.0156701 0.0218229 -0.0242899 -0.046219 -0.0163725 0.0777035 0.0196851 0.00338435 -0.00657395
internal_weight=2728.9 1853.33 1023.19 490.972 830.141 875.562 532.222 463.267 705.57 230.012 209.093 48.5957 507.217 33.1246 294.009 474.093 169.258 475.558 322.923 157.345 165.578 128.043 101.314 28.2111 37.5358 32.5579 169.992 31.0068 195.903 150.735
internal_count=152614 137538 39243 33638 98295 15076 5605 4694 10543 4011 30809 3586 87461 3425 3289 84036 1405 6532 10834 6470 4364 3537 933 311 827 3400 4533 924 2764 2214
is_linear=0
shrinkage=0.08


Tree=42
num_leaves=31
num_cat=0
split_feature=19 21 14 2 16 17 7 21 15 14 13 11 14 8 3 15 1 7 13 13 7 1 11 10 11 1 13 15 14 11
split_gain=311.032 145.721 78.3518 56.9752 40.4709 39.6993 33.5196 33.2185 24.5872 24.331 38.1296 27.4046 21.9487 17.787 17.7745 17.5015 49.6211 21.475 17.4827 16.8857 16.6245 19.2336 15.9298 15.8616 15.6978 14.6032 13.7123 12.8466 11.7313 13.9972
threshold=2.5000000000000004 0.69664767384529125 0.26201373338699346 0.91331186890602123 1.0000000180025095e-35 1.0000000180025095e-35 0.73463204503059398 0.80732533335685741 1.5000000000000002 0.097167581319808974 0.22660961002111438 0.64521294832229625 0.22792208194732669 4.5000000000000009 0.82972848415374767 1.0000000180025095e-35 0.44862772524356848 0.55505052208900463 0.98227471113204967 0.48579499125480657 0.54734298586845409 0.13680927455425265 0.85993880033493053 1.0000000180025095e-35 0.66531845927238475 0.29459981620311743 0.51630628108978283 1.0000000180025095e-35 0.95119047164917003 0.92668560147285473
decision_type=2 2 2 2 2 2 2 2 2 2 2 2 2 2 2 2 2 2 2 2 2 2 2 2 2 2 2 2 2 2
left_child=1 2 15 4 28 9 14 12 20 10 -3 -11 23 -13 -6 -1 22 -18 27 -12 21 -4 -17 -7 -14 -22 -10 -9 29 -2
right_child=3 5 8 -5 6 7 -8 18 26 11 19 13 24 -15 -16 16 17 -19 -20 -21 25 -23 -24 -25 -26 -27 -28 -29 -30 -31
leaf_value=-0.074475606507855743 0.012267672078471804 0.015352467946185734 0.011047788855452137 0.069955022891736343 0.0042567566472545958 -0.074057428172533399 0.078815260137671331 -0.011121230215026541 0.26610286547668716 0.078189412491561208 -0.076461834298863426 0.033102075369567892 0.033543535647376985 -0.007423571340486366 0.078295712110341337 -0.066896850791711912 -0.0086983224679526711 0.15540623247262328 0.080758772209757551 0.060917316258557078 -0.011903990720533948 -0.052760129589944631 0.26882291720847479 0.058674224145086225 -0.032748208662794591 0.075770486177415983 0.055234355160310646 0.038398204834830307 0.10391123996717029 -0.030178699559253026
leaf_weight=390.11283573089167 293.41629038983956 122.64908603159711 45.875997534487396 245.54485542187467 98.035771127790213 102.66859261645004 123.11026960611343 273.20696458872408 2.2567245834507075 53.78541468642652 54.585829538293183 163.36928344797343 29.296538468450308 120.39605624089018 26.324038257822394 91.872336931061 10.106804001610728 10.309403943829237 15.977639652788637 6.3971286178566507 30.833073008339852 88.670590844936669 0.91355010587721963 6.1046891333535305 104.07420873409137 20.074721317272633 15.732984573114662 38.219122217968106 7.8567860983312121 59.86559266410768
leaf_count=77441 3276 982 1568 6488 746 14419 3476 2172 34 665 8675 2073 274 1358 633 16081 902 226 243 221 1175 5634 66 219 1795 376 417 728 58 378
internal_value=-0.00232044 -0.0212077 -0.0495048 0.0374262 0.0243023 -0.00287217 0.0492235 -0.0174722 -0.00760841 0.0130827 -0.0103526 0.0258318 -0.0399379 0.0159078 0.0199291 -0.0664396 -0.0387462 0.0741682 -0.000856793 -0.0620507 -0.0162704 -0.0310037 -0.0635914 -0.0666081 -0.0181864 0.0226691 0.0816868 -0.00504406 0.00722514 0.0050749
internal_weight=2651.64 1797.49 706.759 854.154 608.609 1090.73 247.47 569.548 203.444 521.183 183.632 337.551 242.144 283.765 124.36 503.315 113.202 20.4162 327.404 60.983 185.454 134.547 92.7859 108.773 133.371 50.9078 17.9897 311.426 361.139 353.282
internal_count=152799 137744 103920 15055 8567 33824 4855 19850 9204 13974 9878 4096 16707 3431 1379 94716 17275 1128 3143 8896 8753 7202 16147 14638 2069 1551 451 2900 3712 3654
is_linear=0
shrinkage=0.08


Tree=43
num_leaves=31
num_cat=0
split_feature=21 14 16 7 13 4 14 2 3 11 5 2 9 5 5 4 11 4 1 13 14 1 1 9 13 9 9 4 7 21
split_gain=283.354 140.227 136.273 55.757 37.313 35.2272 38.7709 35.1728 30.5375 26.6094 23.2097 44.5372 38.8056 31.9262 25.2294 22.7608 21.5398 21.1145 36.3434 20.4028 19.7267 18.5303 18.177 15.636 13.8387 13.6856 13.4812 13.2661 13.5437 11.1002
threshold=0.75684094429016124 0.11651583760976793 1.0000000180025095e-35 0.57807540893554699 0.72767147421836864 0.88194444775581371 0.15894736349582675 0.79814815521240245 0.71516755223274242 0.63920342922210704 0.63333335518836986 0.82793453335762035 0.88516482710838329 0.86607143282890331 0.86607143282890331 0.087121214717626586 0.90304511785507213 0.080128207802772536 0.36285266280174261 0.25410278141498571 0.053342817351222045 0.10566188395023347 0.42724868655204779 0.31643131375312811 0.67700320482254039 0.66384181380271923 0.45199692249298101 0.11805555596947671 0.59951692819595348 0.69540250301361095
decision_type=2 2 2 2 2 2 2 2 2 2 2 2 2 2 2 2 2 2 2 2 2 2 2 2 2 2 2 2 2 2
left_child=1 19 5 4 7 10 -7 16 22 17 11 15 13 -12 -14 -2 -3 18 -5 20 29 25 26 -11 -21 -6 -4 -24 -29 -1
right_child=2 3 8 9 21 6 -8 -9 -10 23 12 -13 14 -15 -16 -17 -18 -19 -20 24 -22 -23 27 -25 -26 -27 -28 28 -30 -31
leaf_value=-0.057338880299766928 0.04035966590410741 -0.056700631580615488 0.096895918815158494 -0.027096137737113519 0.093892062821740341 0.0081038027847380352 0.082600256629038415 0.04461228737203822 0.077350694315276788 0.11492143442059037 -0.026187048354255775 0.061835947681710107 -0.00028672398315577539 0.017856445847122843 -0.078240233758922501 -0.012732914293855315 0.54496167238171667 0.030167093836681244 0.17174004573379151 -0.075444946749381597 0.23448337437101255 -0.011071527567436472 0.079007387891158548 -0.0069427559130721874 0.30948648745452778 -0.011270082816982665 -0.053334642408225455 -0.14601762335850027 0.049571437057722031 0.061813220689148358
leaf_weight=16.951751553919173 68.72508456883952 232.87315723532811 4.5229401104152229 8.272028458304705 20.692960391752422 103.54150123987347 78.69138746522367 24.734622971154749 275.92733043432236 7.1561811072751871 163.83129758806899 103.99020626908168 41.769256566185504 294.99623761000112 73.028292709495872 208.32916380977258 0.38144075125455756 57.16094340570271 20.372449998278171 373.32053928589448 2.0826545585878184 182.36540051735938 30.131900081411004 115.41201773611829 0.59869297314435144 12.830795741174368 24.699282146058977 3.8158194795250875 5.5780847109854221 7.0995226232334963
leaf_count=2726 734 31019 37 877 154 1902 1949 216 8898 133 1516 979 506 3763 867 2562 13 1043 233 83800 58 3472 642 3537 36 213 186 22 93 406
internal_value=-0.00133076 -0.0324474 0.0214002 -0.010397 -0.0255624 0.00804117 0.0402727 -0.0460977 0.0654647 0.0240919 0.00188863 0.0171933 -0.00827788 0.00213005 -0.0498767 0.000437041 -0.0557167 0.0582598 0.11432 -0.0700523 -0.00171433 -0.00102258 0.0177592 0.000172321 -0.0748286 0.0536426 -0.0300823 0.0531293 -0.0298772 -0.0221672
internal_weight=2563.88 1082.31 1481.58 682.252 473.878 1136.9 182.233 257.989 344.675 208.374 954.67 381.044 573.625 458.828 114.798 277.054 233.255 85.8054 28.6445 400.053 26.1339 215.889 68.748 122.568 373.919 33.5238 29.2222 39.5258 9.3939 24.0513
internal_count=152592 127936 24656 40910 35087 14778 3851 31248 9878 5823 10927 4275 6652 5279 1373 3296 31032 2153 1110 87026 3190 3839 980 3670 83836 367 223 757 115 3132
is_linear=0
shrinkage=0.08


Tree=44
num_leaves=31
num_cat=0
split_feature=19 21 14 2 1 17 16 7 7 21 14 14 11 14 12 11 14 3 8 3 15 0 1 9 5 7 15 10 2 12
split_gain=237.934 116.123 76.0503 53.5648 51.0086 35.6825 32.2696 31.453 28.147 28.0965 26.6668 22.084 21.6213 19.0663 36.4197 27.257 17.2219 17.0128 16.529 13.6924 12.5581 12.2578 19.1174 18.226 22.0647 15.6786 14.2498 11.5153 11.3881 10.8046
threshold=2.5000000000000004 0.69789814949035656 0.13840996474027636 0.91331186890602123 0.40138889849185949 1.0000000180025095e-35 1.0000000180025095e-35 0.73463204503059398 0.54120370745658886 0.81478756666183483 0.3514705896377564 0.22792208194732669 0.85993880033493053 0.065591398626565947 0.091287881135940566 0.62438398599624645 0.78759399056434642 0.8589511811733247 4.5000000000000009 0.46234817802906042 1.0000000180025095e-35 0.9384731948375703 0.73401361703872692 0.9506097435951234 0.76388889551162731 0.99230769276618969 3.5000000000000004 1.0000000180025095e-35 0.73879599571228038 0.36681957542896276
decision_type=2 2 2 2 2 2 2 2 2 2 2 2 2 2 2 2 2 2 2 2 2 2 2 2 2 2 2 2 2 2
left_child=1 2 -1 6 10 13 21 17 28 11 12 27 -4 14 -3 -15 -11 -8 -17 -10 -5 22 26 -23 -25 -24 -2 -7 -6 -16
right_child=3 5 4 20 8 9 7 -9 19 16 -12 -13 -14 15 29 18 -18 -19 -20 -21 -22 23 25 24 -26 -27 -28 -29 -30 -31
leaf_value=-0.074299335277902293 0.0075366686835930657 0.013500271656613312 -0.059105292176880965 0.03918505875409687 -0.047586009623962811 -0.072774504183373362 0.0024398647964889463 0.076585511721278338 0.22471323835308718 -0.0063897468912984421 -0.0052747472485370692 -0.016234489497671412 0.15786768482864083 0.08564931188354255 -0.076962559631210181 0.031453500106331529 0.062350395045106297 0.080435620366817548 -0.0067099966834069215 0.078626895870637634 0.080762273590016184 0.041957459499689931 0.010041191131856251 0.062534125117908457 -0.15554527400090457 -0.10947070812893114 -0.15920892423272626 0.037389121743544439 0.068178566118292261 0.24105715016109278
leaf_weight=308.21410735324025 226.19821770163253 118.27017309237272 154.85262443963438 67.397970909252763 17.626487874891613 94.422918879892677 97.056285530328751 107.07644708454609 4.8828319916501668 287.09057417418808 122.77500101970509 135.22449816577137 2.9962146091274908 40.184247558005154 43.07749458681792 173.37387784291059 25.388748535886407 21.945356242358685 124.99896727595478 25.816531942691654 149.89877909049392 92.040304349269718 11.465612732805313 5.1849127286113781 6.9484979556873441 18.140543075278401 3.3283029571175566 6.4900795649737111 7.8652909100055686 0.69474794622510572
leaf_count=73083 2484 1004 25112 1225 1574 14334 781 3494 68 2520 3788 2070 150 813 7937 2334 445 599 1571 509 5201 838 116 49 69 160 26 204 70 29
internal_value=-0.00184506 -0.0188717 -0.0455836 0.0339155 -0.0193062 -0.00245005 0.0213984 0.0451282 0.0502674 -0.0165428 -0.0332374 -0.037369 -0.0549868 0.0129945 -0.00957281 0.0237958 -0.000804654 0.0168232 0.0154655 0.101862 0.0678665 0.00663176 -0.00268528 0.029808 -0.0623544 -0.0631872 0.00511874 -0.0656895 -0.0118677 -0.071915
internal_weight=2500.93 1694.25 645.029 806.681 336.815 1049.22 589.384 226.078 56.1911 548.617 280.624 236.137 157.849 500.6 162.042 338.557 312.479 119.002 298.373 30.6994 217.297 363.306 259.133 104.174 12.1334 29.6062 229.527 100.913 25.4918 43.7722
internal_count=152657 137615 104354 15042 31271 33261 8616 4874 2221 19573 29050 16608 25262 13688 8970 4718 2965 1380 3905 577 6426 3742 2786 956 118 276 2510 14538 1644 7966
is_linear=0
shrinkage=0.08


Tree=45
num_leaves=31
num_cat=0
split_feature=14 2 2 15 14 7 14 12 14 17 13 2 9 2 9 8 7 1 17 7 8 19 8 21 5 15 2 5 9 12
split_gain=220.525 122.449 75.0576 43.1581 33.0325 37.7952 29.6225 29.4869 61.1836 25.8043 24.7636 19.2609 17.6702 17.563 16.5746 31.8674 16.4104 14.9511 19.9181 12.2852 11.8551 11.5509 11.5172 11.4336 10.7687 10.6475 11.1662 17.2534 34.9698 10.3068
threshold=0.36939570307731634 0.6820855736732484 0.91704893112182628 1.0000000180025095e-35 0.82085561752319347 0.50035613775253307 0.20942982286214831 0.091287881135940566 0.061553031206130988 1.0000000180025095e-35 0.22660961002111438 0.96039214730262767 0.43613053858280187 0.87585616111755382 0.53923079371452343 8.5000000000000018 0.56179654598236095 0.4205263108015061 1.0000000180025095e-35 0.43042929470539099 27.500000000000004 1.5000000000000002 3.5000000000000004 0.87301599979400646 0.58571431040763866 1.0000000180025095e-35 0.99450549483299266 0.73214286565780651 0.95505049824714672 0.46182984113693243
decision_type=2 2 2 2 2 2 2 2 2 2 2 2 2 2 2 2 2 2 2 2 2 2 2 2 2 2 2 2 2 2
left_child=1 6 4 7 5 13 10 21 -9 12 -1 -10 19 -2 20 -16 -14 18 -6 -8 -7 24 -5 -23 -3 26 27 -4 -29 -11
right_child=2 3 25 22 17 14 9 8 11 29 -12 -13 16 -15 15 -17 -18 -19 -20 -21 -22 23 -24 -25 -26 -27 -28 28 -30 -31
leaf_value=-0.014714839343410627 -0.030112394225240108 0.044177512588618149 0.082328996482195119 0.074086056723957641 0.062444839049020082 0.063616523391848687 -0.02555350873339985 -0.077069473156366405 -0.013406926986372228 -0.027269403640382394 -0.070654092961893109 0.047786814199912597 -0.048928089036300568 0.086729033849270568 0.022210531377117641 -0.027248104755481565 0.033387112002072727 0.064124457154708617 -0.020594171355638079 0.17239480832440346 -0.083882113924863666 0.1399134015487456 0.019299015074935835 0.027263787112279815 -0.0089215437375322754 0.079570267929444868 0.079895272511850288 0.0099369301546815021 -0.26950809136700565 -0.075516982180715952
leaf_weight=58.874687502160668 178.67351286578923 29.028298331424594 13.341183450073002 50.140183046460152 33.964585380628705 60.255882159806788 2.8521796483546478 102.7543971745763 190.51694348966703 65.479018416721374 362.44932653498836 39.794721253216267 27.601518025621772 8.6312516015022975 397.78299955930561 105.48660429753363 35.354343324434012 104.72762623243034 40.567926118150353 6.7682191915810108 3.7017176710069171 6.2946603102609506 48.128041940741241 68.711095578968525 154.77594194724225 141.31872054003179 25.536925777792931 18.697323344647888 3.384879767894744 49.956535600591451
leaf_count=2423 4003 349 174 981 304 703 249 21533 3458 6629 84851 710 2935 106 5166 1194 723 2240 295 316 43 105 724 449 1041 5274 813 200 19 4905
internal_value=-0.00241102 -0.0249191 0.0233346 -0.00184412 0.0137641 0.0064301 -0.0510543 -0.00999571 -0.0257361 -0.0246491 -0.0628373 -0.00283348 0.0127289 -0.0247282 0.0167189 0.0118439 -0.00270205 0.0446338 0.0172468 0.113709 0.0550796 0.0102608 0.0472534 0.0367176 -0.000535582 0.0675154 0.0395698 0.0104989 -0.0328979 -0.0481493
internal_weight=2435.55 1299.48 1136.07 690.144 933.792 754.532 609.336 591.876 333.066 188.012 421.324 230.312 72.5763 187.305 567.227 503.27 62.9559 179.26 74.5325 9.6204 63.9576 258.81 98.2682 75.0058 183.804 202.279 60.9603 35.4234 22.0822 115.436
internal_count=152915 132381 20534 29350 14054 11215 103031 27645 25701 15757 87274 4168 4223 4109 7106 6360 3658 2839 599 565 746 1944 1705 554 1390 6480 1206 393 219 11534
is_linear=0
shrinkage=0.08


Tree=46
num_leaves=31
num_cat=0
split_feature=19 2 16 14 4 7 8 3 16 4 14 4 1 10 5 4 7 5 1 4 0 8 4 3 4 12 11 4 3 2
split_gain=196.632 113.889 83.8425 79.6314 69.56 38.4901 35.698 35.4857 26.8141 23.5672 23.4115 22.9915 22.723 21.953 17.5784 16.5342 15.3976 15.1388 14.2561 59.5473 23.1717 14.0337 12.7595 17.0543 12.2151 11.4041 10.3584 10.3043 9.04524 15.6353
threshold=3.5000000000000004 0.62258651852607738 1.0000000180025095e-35 0.20942982286214831 0.16025641560554507 0.66708755493164074 4.5000000000000009 0.23606811463832858 1.0000000180025095e-35 0.074175827205181136 0.15504807978868487 0.30384616553783422 0.3450328409671784 1.0000000180025095e-35 0.86607143282890331 0.73214286565780651 1.0000000180025095e-35 0.15476191043853763 0.47413024306297308 0.11805555596947671 0.71234518289566051 7.5000000000000009 0.30384616553783422 0.50806662440299999 0.47222222387790685 0.75694981217384349 0.85993880033493053 0.11805555596947671 0.92907443642616283 0.79277813434600841
decision_type=2 2 2 2 2 2 2 2 2 2 2 2 2 2 2 2 2 2 2 2 2 2 2 2 2 2 2 2 2 2
left_child=1 3 4 18 -3 7 10 16 14 12 -6 -11 -7 -8 15 -2 -5 27 22 20 -20 -17 26 -24 -9 -23 -1 -10 29 -16
right_child=8 2 -4 5 6 9 13 24 17 11 -12 -13 -14 -15 28 21 -18 -19 19 -21 -22 25 23 -25 -26 -27 -28 -29 -30 -31
leaf_value=-0.078100031397160166 0.017248910972941386 0.092497154809075097 0.070519468247930359 -0.029253940375575271 -0.011702891265732381 -0.011764814064911868 -0.039400262587828895 -0.043784374751777398 0.041931377288408227 -0.076848259480388342 0.020284363017053872 0.028205981625237617 0.088290111066349056 0.00837539357467257 -0.13800313935167638 0.025892835445778778 0.044967068206965569 0.078359391790471578 0.50875926862629361 -0.057240404060581583 0.12827285663216606 -0.041626226500843681 0.72259232720219035 -0.021014532911484429 0.11188149895141075 -0.21436048909031505 0.16897275653558819 -0.069367089468328494 0.057067608422642774 0.037562999946397391
leaf_weight=263.01704185735434 111.535478096921 46.204695484600961 109.41982915601693 27.400601290166378 298.65004966990091 21.346757953986526 267.14716138015501 262.95896595949307 51.088976020924747 22.378227490466088 287.32241788366809 32.984704773873091 45.468988281674683 79.984147727955133 4.2636267933994558 6.0248978934250763 51.531601060647517 159.44483498856425 1.3426850149407972 43.655081267934293 4.3209860939532518 4.8194614471867663 0.19914502743631857 22.41320332698524 3.2662704214453688 4.9674100428819656 1.0904842359013844 5.9431128203868857 109.32252360181883 13.607410291675476
leaf_count=67746 1093 1024 3159 948 17830 456 16162 17557 615 327 3086 292 596 707 25 57 1234 6331 128 7005 176 35 40 3895 22 24 53 75 1845 132
internal_value=-0.0012429 -0.0127567 0.00410327 -0.0356053 -0.00331753 -0.0142477 -0.008062 -0.0279073 0.0450088 0.0243411 0.00398156 -0.0142579 0.0563239 -0.0283921 0.027406 0.00639539 0.0192019 0.0657067 -0.0653078 -0.0255778 0.218475 -0.0701649 -0.0721418 -0.0144657 -0.0418745 -0.129299 -0.0770799 0.0303334 0.048442 -0.00432313
internal_weight=2363.12 1892.1 1088.73 803.375 979.308 467.336 933.104 345.157 471.018 122.179 585.972 55.3629 66.8157 347.131 254.541 127.347 78.9322 216.477 336.039 49.3188 5.66367 15.8118 286.72 22.6123 266.225 9.78687 264.108 57.0321 127.194 17.871
internal_count=152675 142443 41968 100475 38809 21432 37785 19761 10232 1671 20916 619 1052 16869 3211 1209 2182 7021 79043 7309 304 116 71734 3935 17579 59 67799 690 2002 157
is_linear=0
shrinkage=0.08


Tree=47
num_leaves=31
num_cat=0
split_feature=16 21 3 14 17 7 4 13 5 8 1 0 19 8 13 1 9 0 1 2 1 7 19 10 4 14 0 5 19 4
split_gain=185.398 137.572 79.5163 69.7516 27.3123 23.1287 22.316 38.7896 20.618 41.7988 38.4174 36.2924 27.9899 16.4387 15.5765 14.2279 18.4182 18.0027 13.7836 13.4035 13.0413 13.0172 14.0759 12.3386 12.5374 24.6151 12.181 11.5638 9.52785 9.52013
threshold=1.0000000180025095e-35 0.75455355644226085 0.7320508360862733 0.11651583760976793 1.0000000180025095e-35 0.47232905030250555 0.88194444775581371 0.55081140995025646 0.63333335518836986 1.5000000000000002 0.74239632487297069 0.9411999285221101 1.5000000000000002 5.5000000000000009 0.96820342540740978 0.44543650746345526 0.53529900312423717 0.84149953722953807 0.12034482508897783 0.61610352993011486 0.25962962210178381 0.5449495017528535 1.5000000000000002 1.0000000180025095e-35 0.88194444775581371 0.053342817351222045 0.45786494016647344 0.86607143282890331 6.5000000000000009 0.16025641560554507
decision_type=2 2 2 2 2 2 2 2 2 2 2 2 2 2 2 2 2 2 2 2 2 2 2 2 2 2 2 2 2 2
left_child=1 3 5 23 21 18 8 -8 11 10 -10 13 -11 -3 19 16 20 -18 -2 -6 -7 26 -23 24 -1 -26 -5 -25 -20 -17
right_child=2 6 -4 4 14 15 7 -9 9 12 -12 -13 -14 -15 -16 29 17 -19 28 -21 -22 22 -24 27 25 -27 -28 -29 -30 -31
leaf_value=-0.075031585635702502 0.034039271193684176 0.017661042529450312 0.075612704699174499 0.05809920781097562 -0.047460210701328984 0.033757555337106469 0.001251858149907211 0.080677271655202776 0.015661504646675335 -0.023784005017524791 -0.11027553417546945 0.072543063610629774 0.014577310981230072 -0.020584932581149795 0.10410781060215231 0.08567428613896079 -0.010601321859193269 -0.45487144879006963 -0.04031241633446931 -0.0015306873483225503 0.15230957497431394 0.062338386077138611 -0.0081042229272314543 -0.01267448288998026 -0.040082767100381299 0.33392888975754853 -0.025123104840251719 0.29959726014686627 0.12640727830485762 -0.0089010190912309269
leaf_weight=284.5884351786226 24.066956849303097 202.06046725995839 240.29151269351132 13.093676902586592 198.13894424377941 30.020256795920432 101.52081268141046 64.263485478237271 23.443015941418707 207.68142337701283 45.768173359101638 58.782833010191098 294.12566678458825 111.67642034799792 5.033704385161399 37.129602612694725 55.401842433027923 0.5899598584510376 74.185690715443343 51.164971432415769 7.4030197623651466 41.505356295732781 32.269038742175326 12.58281697100028 5.919596556806936 1.3907835984136907 80.198980869026855 0.80767290480434972 2.260672301054 8.3424056721851212
leaf_count=83183 712 2375 9363 847 22943 633 2002 1875 243 3741 627 627 2378 1507 32 799 2162 11 3744 1005 151 1493 621 1526 1427 122 6531 18 14 160
internal_value=-0.00118337 -0.0127536 0.0431017 -0.03981 -0.0187142 0.0104697 0.00497045 0.0320398 0.000214238 -0.00933751 -0.0676185 0.0148557 -0.00129917 0.00404717 -0.0352208 0.0316233 0.0137587 -0.0152824 -0.0187599 -0.038034 0.0572093 0.00641507 0.0315267 -0.0689296 -0.0723743 0.0310721 -0.0134428 0.00616078 -0.0353822 0.0683233
internal_weight=2315.71 1836.02 479.692 726.694 421.405 239.4 1109.32 165.784 943.538 571.018 69.2112 372.52 501.807 313.737 254.338 138.887 93.4151 55.9918 100.513 249.304 37.4233 167.067 73.7744 305.289 291.899 7.31038 93.2927 13.3905 76.4464 45.472
internal_count=152872 135123 17749 119748 33472 8386 15375 3877 11498 6989 870 4509 6119 3882 23980 3916 2957 2173 4470 23948 784 9492 2114 86276 84732 1549 7378 1544 3758 959
is_linear=0
shrinkage=0.08


Tree=48
num_leaves=31
num_cat=0
split_feature=16 21 4 13 4 19 7 4 4 3 5 11 0 5 15 7 21 17 7 4 15 13 13 15 17 13 3 7 21 0
split_gain=169.978 115.039 76.2067 42.2488 31.6917 33.5194 28.8906 29.9502 25.3125 38.634 24.6952 20.7893 18.2249 16.8419 15.108 34.5389 14.7144 14.6434 19.6102 14.1745 13.7002 16.6219 15.6248 12.9391 13.5559 12.7326 12.0173 10.8516 9.6498 9.23147
threshold=1.0000000180025095e-35 0.69910156726837169 0.36931818723678594 0.75503447651863109 0.88194444775581371 1.5000000000000002 0.69484126567840587 0.074175827205181136 0.064583335071802153 0.73746865987777721 0.63333335518836986 0.85122913122177135 0.74470448493957531 0.38750000298023229 1.0000000180025095e-35 0.63029098510742199 0.64616540074348461 1.0000000180025095e-35 0.35873016715049749 0.30384616553783422 1.5000000000000002 0.70431393384933483 0.65015336871147167 1.0000000180025095e-35 1.0000000180025095e-35 0.64533194899559032 0.40936473011970526 0.50035613775253307 0.66360375285148632 0.56537368893623363
decision_type=2 2 2 2 2 2 2 2 2 2 2 2 2 2 2 2 2 2 2 2 2 2 2 2 2 2 2 2 2 2
left_child=1 3 6 11 8 25 7 20 12 19 -11 14 27 -9 -1 -16 23 18 -13 -10 21 -2 -22 24 -5 -6 -8 -3 -28 -25
right_child=2 4 -4 16 5 -7 26 13 9 10 -12 17 -14 -15 15 -17 -18 -19 -20 -21 22 -23 -24 29 -26 -27 28 -29 -30 -31
leaf_value=-0.065933497201377325 -0.046654022699626645 -0.047514799486645234 0.078313610909237247 0.16153436608141433 -0.012435005669046784 0.068947744957924717 -0.032237112506350682 -0.099174140169067129 -0.074854311643074226 0.016245833668155695 -0.01254990017620365 -0.085418577666457871 0.059603757310736277 0.1077991232219785 -0.051829582772600392 0.068243714079557385 -0.028240203677629784 -0.028302480135513796 0.52274649945355089 -0.017141381653351273 0.25685467795626243 0.016650806310174081 0.041181035756712732 -0.02301576165794102 0.03262701590371507 0.07966837210571899 0.19092337872430068 0.023886110970497296 0.064079621669441783 0.21246220325796958
leaf_weight=307.02050913823768 36.922301396261901 21.636214238358662 204.78902536071837 8.9020165600813925 80.820806342177093 81.806100762449205 7.8241979898884884 25.373001651139933 71.145403662929311 277.60070160916075 608.22170354472473 0.50213636620901447 62.456842926563695 2.7931767867412409 88.523010686505586 18.543588656233624 32.727299008518457 1.4484027060680091 1.0465572290122507 44.129796700319275 2.3055958035401991 94.450302313547581 31.817636881023645 15.954997829161586 12.626098125241697 10.901821298524736 4.158750280737876 36.781883996678516 49.844635342014953 1.1417383793741454
leaf_count=81682 5027 733 8639 162 2739 2161 153 1035 5555 6120 14210 20 980 42 15282 938 837 85 42 1867 54 961 283 329 369 274 51 624 1442 33
internal_value=-0.0013896 -0.012573 0.0419548 -0.0456586 -9.89463e-05 0.0317173 0.0128112 -0.00238899 -0.00501978 -0.00919516 -0.00352584 -0.0553902 0.0295611 -0.0786491 -0.0569097 -0.0310333 0.011227 0.154549 0.32556 -0.0527606 0.0105899 -0.00114103 0.0557534 0.044668 0.0859311 -0.00148793 0.0604228 -0.00255853 0.0738477 -0.00729029
internal_weight=2244.22 1783.94 460.279 488.436 1295.5 173.529 255.49 193.662 1121.97 1001.1 885.822 417.084 120.875 28.1662 414.087 107.067 71.3521 2.9971 1.54869 115.275 165.496 131.373 34.1232 38.6249 21.5281 91.7226 61.8276 58.4181 54.0034 17.0967
internal_count=152729 135042 17687 99779 35263 5174 9048 7402 30089 27752 20330 98049 2337 1077 97902 16220 1730 147 62 7422 6325 5988 337 893 531 3013 1646 1357 1493 362
is_linear=0
shrinkage=0.08


Tree=49
num_leaves=31
num_cat=0
split_feature=16 21 4 13 15 7 7 21 9 8 5 4 11 13 4 9 5 0 1 4 7 8 1 9 10 4 9 1 13 9
split_gain=150.785 114.496 69.8414 27.8409 28.1084 27.836 25.3739 30.4802 25.6799 23.1128 19.8055 40.1562 27.5359 18.0436 24.1809 17.994 17.8522 16.18 18.6479 21.9797 18.1946 15.8966 14.5955 17.7326 12.2545 13.6264 11.9014 11.5695 11.5313 10.4957
threshold=1.0000000180025095e-35 0.75455355644226085 0.36931818723678594 0.4944437593221665 1.0000000180025095e-35 0.77062767744064342 0.50035613775253307 0.53898185491561901 0.38673019409179693 4.5000000000000009 0.86607143282890331 0.73214286565780651 0.78481063246727001 0.61341515183448803 0.88194444775581371 0.70638945698738109 0.63333335518836986 0.44080047309398657 0.27823315560817724 0.069047622382640853 0.38947165012359625 6.5000000000000009 0.47413024306297308 0.53529900312423717 1.0000000180025095e-35 0.38750000298023229 0.64549729228019725 0.12034482508897783 0.66521108150482189 0.85857143998146068
decision_type=2 2 2 2 2 2 2 2 2 2 2 2 2 2 2 2 2 2 2 2 2 2 2 2 2 2 2 2 2 2
left_child=1 3 6 4 24 -6 15 8 -8 13 11 -11 -13 -3 16 21 -15 20 -19 -20 -5 26 23 -9 -1 -26 -2 -23 -22 -12
right_child=2 9 -4 17 5 -7 7 22 -10 10 29 12 -14 14 -16 -17 -18 18 19 -21 28 27 -24 -25 25 -27 -28 -29 -30 -31
leaf_value=-0.068820737982401237 0.33382209621363473 -0.0013517529790541337 0.076711500309911487 -0.026777319711870504 -0.038880801791310086 0.092441157799244875 1.5186836900314507 0.055934761327355823 0.29881424107083027 -0.0078117296552811678 0.015937810238236184 -0.0079873127221211111 -0.12567041049997107 0.036878210197078862 0.079501100509899322 -0.055368443586846582 -0.00094293915219098438 -0.046922783230711862 0.029226825944902255 -0.031095972509590411 -0.027913308404744219 0.063095589928029008 0.066936579401889879 -0.019270172714693938 -0.068172566343493252 0.099249953237960181 0.038753987412468785 -0.016606670720949714 0.15129967947959913 -0.1864266259316387
leaf_weight=258.7383780258242 1.6313388862181448 289.75109879113734 191.74473517527804 13.195542673114689 34.253074787324294 14.791091850725932 0.149983542971312 34.863700257847086 0.41895998478867114 229.76194262737408 144.69605903420597 19.786979706492275 35.652767442166805 156.35478817066178 46.156637396663427 43.925214164890349 163.29007656872272 156.93685587402433 62.001255506649613 102.67739646299742 3.0328331431373945 14.994795875158159 51.614399957004935 47.275689422152936 6.4651386071927828 5.9974029762670398 1.8865657895803449 52.349563779775053 9.4816815173253399 1.6591033302247513
leaf_count=78055 38 5621 8665 1201 7570 435 17 675 51 2827 1948 274 163 1459 1728 2429 1343 20949 3486 5561 648 281 1482 1685 1288 225 83 2366 188 19
internal_value=-0.00140872 -0.0119174 0.0404177 -0.0379954 -0.0550096 0.000724218 0.0124817 0.0360843 0.620393 0.00409655 -0.0102803 -0.0225573 -0.0836682 0.013561 0.0253734 -0.0151378 0.0175573 -0.0223079 -0.0271898 -0.00838453 0.0387622 0.00979989 0.0335988 0.0126502 -0.0650885 0.0123969 0.175584 0.00113972 0.107868 0.0136438
internal_weight=2195.54 1754.68 440.855 667.571 320.245 49.0442 249.11 134.323 0.568944 1087.11 431.557 285.202 55.4397 655.553 365.802 114.787 319.645 347.326 321.616 164.679 25.7101 70.8623 133.754 82.1394 271.201 12.4625 3.5179 67.3444 12.5145 146.355
internal_count=152760 134988 17772 119606 87573 8005 9107 3910 68 15382 5231 3264 437 10151 4530 5197 2802 32033 29996 9047 2037 2768 3842 2360 79568 1513 121 2647 836 1967
is_linear=0
shrinkage=0.08


Tree=50
num_leaves=31
num_cat=0
split_feature=16 21 3 14 7 4 13 4 1 4 13 0 12 1 4 1 0 12 8 3 1 4 13 10 4 7 3 1 14 11
split_gain=124.717 96.3909 75.5139 45.8303 26.0515 25.9177 30.3192 20.3157 22.3377 20.76 20.2243 16.9118 49.316 17.4866 32.6565 16.5268 18.3678 16.2762 16.611 12.698 10.304 73.5691 36.8741 9.81576 18.7016 9.55654 9.37161 8.80868 8.58486 7.64047
threshold=1.0000000180025095e-35 0.69910156726837169 0.82972848415374767 0.20942982286214831 0.68941798806190502 0.88194444775581371 0.59424430131912243 0.074175827205181136 0.60188680887222301 0.38750000298023229 0.98227471113204967 0.44080047309398657 0.12135372683405878 0.29459981620311743 0.080128207802772536 0.47413024306297308 0.51933774352073681 0.96712303161621105 4.5000000000000009 0.60495716333389293 0.4552139043807984 0.080128207802772536 0.35215696692466741 1.0000000180025095e-35 0.240384615957737 0.63968253135681163 0.41955395042896276 0.81016731262207042 0.061553031206130988 0.64082545042037975
decision_type=2 2 2 2 2 2 2 2 2 2 2 2 2 2 2 2 2 2 2 2 2 2 2 2 2 2 2 2 2 2
left_child=1 3 4 20 7 10 27 15 9 -9 17 12 -5 19 -15 16 -2 18 -3 -13 23 22 -22 -1 -25 -14 -6 -7 -23 -29
right_child=2 5 -4 11 26 6 -8 8 -10 -11 -12 13 25 14 -16 -17 -18 -19 -20 -21 21 28 -24 24 -26 -27 -28 29 -30 -31
leaf_value=-0.076632375589916354 0.027372246699073347 0.0049583103728471798 0.07870065272933334 0.91844954572505355 -0.027579759510722935 0.067463072296082394 0.081687848694529497 -0.07288478456590522 -0.25629866423200814 0.12069998314949686 0.064330230047773537 -0.045314438763018342 0.027437102886450019 0.08563740842156968 -0.03908410240446563 0.090322772965742024 -0.028846539834917632 -0.13244408244086878 -0.014908993315768553 0.093898388967823473 0.63531636681680315 -0.080255384415654968 0.1338448412407815 -0.080326655219527671 0.21831192033005664 0.38280708934995139 0.067367078663870691 0.0077489410266521376 -0.013370174583031151 -0.057980264882258326
leaf_weight=186.47280256310478 73.166841638274491 570.31532539892942 173.29237149748951 0.41087058163248258 7.5967675582505754 13.731878771213813 51.158955231308937 21.004263293463744 3.4836762528866521 4.2653659540228537 27.468152025714517 106.39067339082249 23.895169116323817 23.890060336329043 30.70402417704463 13.796008149161933 75.65095184976235 6.3935229219496241 510.36036453396082 4.3653640553820869 1.202721292618661 44.91767082712613 4.2708877539262176 3.6577401177491984 2.1198206036351621 0.4943240899592628 53.568079929566011 85.879777412861586 16.903292331844568 13.036470385268329
leaf_count=64776 2416 14474 8628 32 165 286 1853 1006 52 52 244 11163 1155 1187 1638 195 3757 40 15120 173 69 15398 255 910 240 7 1483 2667 2566 363
internal_value=-0.000747431 -0.0103035 0.0380323 -0.0421599 0.0101249 0.000902862 0.0306158 -0.00440178 -0.0663897 -0.0402088 -0.00346414 -0.0123222 0.0492819 -0.0215621 0.0154933 0.00655889 -0.00120636 -0.00517717 -0.00442423 -0.0398275 -0.0640198 -0.0370779 0.244034 -0.0734505 0.0292456 0.0346397 0.0555745 0.00742146 -0.0619674 -0.000913709
internal_weight=2153.86 1728.04 425.824 449.695 252.532 1278.34 163.807 191.367 28.7533 25.2696 1114.54 190.15 24.8004 165.35 54.5941 162.614 148.818 1087.07 1080.68 110.756 259.545 67.2946 5.47361 192.25 5.77756 24.3895 61.1648 112.648 61.821 98.9162
internal_count=152370 134616 17754 99569 9126 35047 5169 7478 1110 1058 29878 15355 1194 14161 2825 6368 6173 29634 29594 11336 84214 18288 324 65926 1150 1162 1648 3316 17964 3030
is_linear=0
shrinkage=0.08


Tree=51
num_leaves=31
num_cat=0
split_feature=19 17 13 10 14 4 14 13 13 14 13 16 7 11 0 1 6 14 3 14 7 14 5 0 8 13 12 1 16 12
split_gain=119.419 65.9375 36.6176 34.9981 38.2661 32.3377 27.925 44.3265 24.6512 21.5979 24.2271 18.3899 27.8176 15.3686 13.3995 13.9541 28.5081 12.7341 12.4021 12.384 11.9043 15.3874 13.1115 11.8124 11.7516 10.1464 11.3881 9.42723 29.4304 9.07054
threshold=2.5000000000000004 1.0000000180025095e-35 0.83791333436965953 1.0000000180025095e-35 0.17445652186870578 0.88194444775581371 0.13840996474027636 0.25410278141498571 0.39225068688392645 0.061553031206130988 0.32025641202926641 1.0000000180025095e-35 0.73463204503059398 0.65968200564384472 0.92634469270706188 0.63003221154212963 1.0000000180025095e-35 0.053342817351222045 0.8589511811733247 0.82085561752319347 0.59540343284606945 0.22792208194732669 0.23611111193895343 0.51933774352073681 4.5000000000000009 0.98227471113204967 0.89672946929931652 0.19264507293701175 1.0000000180025095e-35 0.36681957542896276
decision_type=2 2 2 2 2 2 2 2 2 2 2 2 2 2 2 2 2 2 2 2 2 2 2 2 2 2 2 2 2 2
left_child=1 6 3 4 -3 11 7 -1 27 29 -11 14 18 -6 15 24 -17 -7 23 25 21 -10 -22 -13 -2 26 -4 28 -8 -9
right_child=5 2 19 -5 13 17 8 9 20 10 -12 12 -14 -15 -16 16 -18 -19 -20 -21 22 -23 -24 -25 -26 -27 -28 -29 -30 -31
leaf_value=0.018115724785082454 0.040052683029656116 -0.075584829211805468 -0.00024205000159850901 -0.0052667898471793744 0.0010182513150597153 -0.0079966750424921105 -0.080506460316206799 -0.07929820762470835 -0.055814675911980124 0.28666395581073562 -0.019927816089463153 0.037805461134472508 0.073506643902837773 -0.041490660473525516 0.026513210336808243 0.020274902117524279 -0.084419539403414609 0.081933864074204291 0.077513458239793789 0.049313420356580026 0.060144391871482718 0.010421978444786196 0.015510693700393119 -0.020781190086795458 -0.0062760215274897972 0.082881746781285737 -0.0572664458444 0.11876863695056938 1.2963651772977307 0.19000139482137188
leaf_weight=128.6106267857831 53.645373407751322 202.67108649457805 109.78787944884971 152.7830132690724 75.585410766070709 11.523032587487249 0.23116251872852345 73.499849874759093 28.767953943926841 1.7009719228371967 54.544052795507014 35.635583247058094 86.472861669957638 194.49549546139315 169.09493324812502 32.114381877705455 34.557798626134172 80.305108218453825 16.155956445261836 30.281177552416921 55.025794217130169 102.15118404827081 179.61877217073925 57.668705801479518 101.04144616960548 7.6308708582073441 28.162980360910296 11.509725059382616 0.17424707603640854 0.80927773821167548
leaf_count=2199 669 65652 1413 2155 7125 218 60 24426 5542 182 7897 226 4540 12867 1861 330 307 4321 731 513 1404 3787 1884 564 1314 75 304 239 32 60
internal_value=-0.0011666 -0.0142175 -0.0294859 -0.0385531 -0.0493105 0.0265056 0.0050022 -0.0152185 0.0188851 -0.0480565 -0.0106558 0.0195928 0.0395922 -0.029594 0.00955686 -0.003396 -0.0339908 0.070649 0.0128001 0.00276557 0.0151942 -0.00413275 0.0259776 0.00159473 0.00979077 -0.00691645 -0.0118837 0.132124 0.51128 -0.0763653
internal_weight=2116.26 1438.04 801.398 625.535 472.752 678.215 636.644 259.165 377.479 130.554 56.245 586.387 195.933 270.081 390.454 221.359 66.6722 91.8281 109.46 175.863 365.564 130.919 234.645 93.3043 154.687 145.582 137.951 11.9151 0.40541 74.3091
internal_count=152897 137816 90104 87799 85644 15081 47712 34764 12948 32565 8079 10542 6061 19992 4481 2620 637 4539 1521 2305 12617 9329 3288 790 1983 1792 1717 331 92 24486
is_linear=0
shrinkage=0.08


Tree=52
num_leaves=31
num_cat=0
split_feature=16 21 3 14 17 21 3 7 4 1 9 1 5 8 9 13 13 7 21 14 14 3 14 12 3 4 9 3 12 5
split_gain=115.44 89.1475 58.9542 37.6979 21.5872 25.0394 20.2915 18.2321 20.318 16.9497 20.8055 16.209 21.6539 15.8908 15.4688 14.8833 15.3508 17.0325 14.5012 13.9211 13.461 12.3916 11.355 20.7898 11.2469 11.0481 9.40283 9.1971 7.34555 10.3839
threshold=1.0000000180025095e-35 0.69910156726837169 0.82972848415374767 0.16441441327333453 1.0000000180025095e-35 0.81478756666183483 0.2290398105978966 0.85039684176445018 0.074175827205181136 0.47413024306297308 0.64760348200798046 0.60188680887222301 0.19090909510850909 4.5000000000000009 0.7245689630508424 0.40514603257179266 0.75503447651863109 0.66708755493164074 0.64616540074348461 0.17902930825948718 0.8603896200656892 0.96178188920021068 0.053342817351222045 0.091287881135940566 0.95587280392646801 0.16025641560554507 0.37965516746044164 0.52479505538940441 0.073427468538284316 1.0000000180025095e-35
decision_type=2 2 2 2 2 2 2 2 2 2 2 2 2 2 2 2 2 2 2 2 2 2 2 2 2 2 2 2 2 2
left_child=1 3 7 28 13 6 -6 8 9 10 -2 12 -10 22 26 27 17 -17 -18 -8 21 -7 23 -3 -24 -16 -15 -5 29 -1
right_child=2 4 -4 15 5 20 19 -9 11 -11 -12 -13 -14 14 25 16 18 -19 -20 -21 -22 -23 24 -25 -26 -27 -28 -29 -30 -31
leaf_value=0.20955595379946146 0.029349473488619417 0.017042814032037883 0.076325098087449181 -0.072250354217870183 0.35703431835172939 -0.017022868595374323 -0.06363976980016664 0.064664342632879596 -0.079226689648771179 0.085160584254248411 -0.029723756083277045 -0.1977043014450641 0.077652394226897389 0.1025210630784647 0.037736457692585115 -0.049403024930398783 0.040500161248691671 0.031997168066959361 -0.032185775214090932 -0.020056265740121804 0.067003288018344348 0.010794948193570105 0.018237087784385309 -0.073831302499640053 0.053764767374354233 -0.036829729997108027 0.0082423997400253128 0.16654600897642002 -0.070764344058763681 -0.03357391070897877
leaf_weight=1.3513938353862593 95.991693889722228 89.467950802529231 153.61814033472911 1.3605986977927376 0.85735328611917694 185.26905255671591 66.500031291507185 37.423400335945189 18.756926937028773 19.348596765194088 63.331897899508476 4.4060125064570448 8.0467238028068078 7.108899353304877 14.683533453149719 120.01876403740607 38.693219230975956 19.064859330421314 32.172595115378499 159.16982902819291 19.129990868270397 229.3613690380007 149.76107998215593 19.65093763708137 92.095712328795344 94.951635038247332 142.16815386433154 4.277012751204893 191.39906315575354 6.6888526969123632
leaf_count=259 2894 684 8735 322 9 1612 13919 1199 976 418 3466 66 108 182 336 20043 900 702 847 2461 293 2269 1726 4201 1754 2245 3615 80 75267 1426
internal_value=-0.00118122 -0.0103604 0.0374016 -0.0425498 0.000157406 -0.00986599 -0.0314236 0.0132235 0.00405129 0.0144543 0.00586758 -0.0555049 -0.03213 0.0110091 -0.00402577 -0.0193596 -0.022804 -0.0382451 0.00750124 -0.0328994 0.00139226 -0.00163487 0.0221002 0.00067753 0.0317655 -0.026843 0.0127322 0.108914 -0.0676176 0.00729103
internal_weight=2086.13 1685.2 400.923 415.026 1270.18 660.288 226.527 247.305 209.882 178.672 159.324 31.2097 26.8037 609.888 258.912 215.587 209.949 139.084 70.8658 225.67 433.76 414.63 350.976 109.119 241.857 109.635 149.277 5.63761 199.439 8.04025
internal_count=153014 135152 17862 99846 35306 20563 16389 9127 7928 6778 6360 1150 1084 14743 6378 22894 22492 20745 1747 16380 4174 3881 8365 4885 3480 2581 3797 402 76952 1685
is_linear=0
shrinkage=0.08


Tree=53
num_leaves=31
num_cat=0
split_feature=16 2 4 14 4 7 2 1 4 0 4 1 4 5 13 19 7 0 1 2 3 1 1 4 3 15 13 19 4 8
split_gain=87.6592 72.7849 64.2381 51.7107 38.4758 25.6125 24.7441 21.1145 31.9002 28.3754 19.5381 36.4737 21.1552 19.0476 13.9228 13.4384 13.2873 13.1258 12.5929 16.4532 12.115 11.8362 14.3553 11.5952 10.7525 10.463 30.4847 10.367 8.75576 8.13964
threshold=1.0000000180025095e-35 0.62258651852607738 0.4083333313465119 0.26794873178005224 0.16025641560554507 0.50035613775253307 0.92031747102737438 0.52440476417541515 0.43650794029235845 0.92634469270706188 0.069047622382640853 0.52803984284400951 0.43650794029235845 0.63333335518836986 0.47839424014091497 1.5000000000000002 0.55505052208900463 0.88002020120620739 0.43951219320297247 0.23132664710283282 0.84680575132370006 0.55051019787788402 0.51564025878906261 0.095454547554254546 0.17192118614912036 1.0000000180025095e-35 0.3752934336662293 6.5000000000000009 0.30384616553783422 2.5000000000000004
decision_type=2 2 2 2 2 2 2 2 2 2 2 2 2 2 2 2 2 2 2 2 2 2 2 2 2 2 2 2 2 2
left_child=1 3 5 16 21 24 7 8 -6 -9 11 14 20 -8 -5 -15 -1 -14 19 -7 -12 22 23 -3 -2 28 -27 -26 -18 -24
right_child=2 4 -4 10 6 18 13 9 -10 -11 12 -13 17 15 -16 -17 25 -19 -20 -21 -22 -23 29 -25 27 26 -28 -29 -30 -31
leaf_value=-0.076304665605531008 0.059335026274431463 0.1478519572343143 0.075503671703401679 0.33091077023787191 -0.042929472510653231 0.092893636969639704 0.080115068215440538 -0.030047670243986961 0.051141867355697208 0.0021260190215469437 -0.0773641590292862 0.10735259120375423 0.083227037364280942 -0.0065872601834491805 -0.0085133193413463575 0.032636657441703909 -0.062977385417493287 -0.059258883611200623 0.063005247866425015 -0.004915614351137864 0.079849695594600562 0.097470439427284991 0.075103153772967307 -0.084482681980419819 -0.032914631868010871 0.29005699082671055 -0.022866581713354286 0.11460679125597827 -0.012620074252441911 -0.18385476463986639
leaf_weight=134.95539182657376 9.8319284070748818 4.3855009817052615 142.75491178547964 0.77717918273992737 32.284993364475667 13.270384449278934 30.48173355916515 329.96496157348156 80.833283480023965 374.61033053812571 51.695952721405774 20.123932059388608 11.534447288140656 113.66387701081112 160.37042769836262 110.0034412657842 85.038230666425079 6.4524063467979422 50.701878632185981 64.53575995308347 3.3397014513611785 34.255752681056038 1.0457330793142317 2.0025212788023055 97.6820299688261 2.2573939794674542 16.975327567895874 3.1469639176502815 29.856109155807644 3.0210209279321134
leaf_count=51549 187 76 8474 116 4734 173 486 17071 2475 8519 1744 244 72 4408 7184 2882 25710 37 1660 2207 22 527 24 345 5000 170 2109 27 4050 89
internal_value=-0.00148104 -0.00951981 0.0330364 -0.0341366 0.00201912 0.00768854 -0.00101396 -0.00779053 0.024293 -0.0129415 -0.00826947 0.00580482 -0.0432076 0.0207888 -0.00687635 0.0127037 -0.058582 0.0321132 0.0319823 0.0117664 -0.067824 0.0747309 0.000223371 0.0750195 -0.0205233 -0.0407499 0.0138621 -0.0283104 -0.0498917 -0.117266
internal_weight=2021.85 1639.93 381.924 523.376 1116.55 239.169 1071.84 817.694 113.118 704.575 254.294 181.272 73.0225 254.149 161.148 223.667 269.082 17.9869 128.508 77.8061 55.0357 44.7105 10.4548 6.38802 110.661 134.127 19.2327 100.829 114.894 4.06675
internal_count=152371 134643 17728 93007 41636 9254 40575 32799 7209 25590 9419 7544 1875 7776 7300 7290 83588 109 4040 2380 1766 1061 534 421 5214 32039 2279 5027 29760 113
is_linear=0
shrinkage=0.08


Tree=54
num_leaves=31
num_cat=0
split_feature=20 2 4 14 16 9 4 1 4 14 4 2 1 1 3 12 8 4 3 3 4 3 8 21 9 16 8 4 2 14
split_gain=83.785 53.613 59.2943 50.8085 30.7398 22.9644 22.8014 22.5645 53.7708 22.0017 21.0175 18.3158 17.5247 17.3374 33.2454 15.8939 14.933 12.648 17.6788 11.2186 9.78055 9.8133 10.2705 11.6133 10.1764 9.11332 10.0794 9.04609 7.80306 7.53581
threshold=1.4978661537170412 0.62258651852607738 0.16025641560554507 0.19292803853750232 1.0000000180025095e-35 0.44136746227741247 0.88194444775581371 0.3312236368656159 0.087121214717626586 0.15894736349582675 0.88194444775581371 0.27334994077682501 0.50384616851806652 0.26138716936111456 0.47413024306297308 0.073427468538284316 16.500000000000004 0.240384615957737 0.58102023601531994 0.8216732144355775 0.81666666269302379 0.95861870050430309 4.5000000000000009 0.65232649445533764 0.84680575132370006 1.0000000180025095e-35 8.5000000000000018 0.30384616553783422 0.71892556548118602 0.056349206715822227
decision_type=2 2 2 2 2 2 2 2 2 2 2 2 2 2 2 2 2 2 2 2 2 2 2 2 2 2 2 2 2 2
left_child=1 3 29 15 6 13 12 11 -9 -8 20 -7 -4 16 -15 17 -5 -1 -19 28 21 22 23 -2 -24 26 -23 -21 -6 -3
right_child=10 2 4 5 19 7 9 8 -10 -11 -12 -13 -14 14 -16 -17 -18 18 -20 27 -22 25 24 -25 -26 -27 -28 -29 -30 -31
leaf_value=-0.069683990432664475 0.27903386133941749 -0.058544072148930475 0.023389369185830077 0.064512096686277623 -0.078338542543617135 0.00016334451264888333 0.0043390695011153169 0.044819760125737816 -0.051559461630324786 0.075475476379596063 0.078231964369196424 -0.057043358377927539 -0.015690778014366739 0.29431924163546458 0.023536278585343049 -0.068963958700587538 -0.010837746321594042 0.39583687920260852 0.018727497306712814 -0.22628796806050816 -0.069031513687562523 0.050715824551588191 0.0042365679291616097 0.029977664705530271 -0.092752349736715728 0.08131271653248863 -0.0050632484044344584 0.073963553389783207 0.061711622420472054 0.091598263267902047
leaf_weight=12.044020573608579 1.2120699384249736 2.233736485708504 82.838600528426468 22.82689854549244 6.2240677571389806 49.893118277890608 99.900879022432491 82.05608626967296 67.542206821963191 38.568961611948907 55.64075426897034 126.97881552693434 647.09778812201694 4.1654317739885292 9.5656118423212302 174.87289607536513 64.106203003786504 0.83390401815995829 17.324012516299263 0.65085799247026344 6.9210983975790432 61.450108933262527 82.870395903009921 104.971005999716 7.5547534006182095 32.168071641586721 31.291431839810684 48.27829818893224 4.3086908664554358 50.688839052105322
leaf_count=1459 26 417 6143 661 138 3198 3420 1893 2400 1166 3517 14042 27015 118 176 73311 2466 71 485 14 133 753 973 2269 107 2255 230 2430 128 1048
internal_value=-0.000815549 -0.00881148 0.00289834 -0.0269777 -0.00179936 -0.0112632 -0.00560963 -0.0215635 0.00130546 0.0241532 0.0327646 -0.0409061 -0.0112557 0.0221424 0.105681 -0.0597083 0.00894762 -0.00611716 0.0360463 0.0538473 0.0250619 0.0270874 0.0159472 0.0328206 -0.00386657 0.0446221 0.0318957 0.0699696 -0.0210475 0.0852611
internal_weight=1997.08 1613 980.791 632.209 927.868 427.134 868.406 326.47 149.598 138.47 384.08 176.872 729.936 100.664 13.731 205.075 86.9331 30.2019 18.1579 59.4619 328.439 321.518 196.608 106.183 90.4251 124.91 92.7415 48.9292 10.5328 52.9226
internal_count=152462 142199 41919 100280 40454 24954 37744 21533 4293 4586 10263 17240 33158 3421 294 75326 3127 2015 556 2710 6746 6613 3375 2295 1080 3238 983 2444 266 1465
is_linear=0
shrinkage=0.08


Tree=55
num_leaves=31
num_cat=0
split_feature=16 2 2 14 4 2 5 1 4 0 9 20 1 4 4 1 1 10 1 7 11 4 0 7 17 1 1 4 21 13
split_gain=71.109 60.7302 53.2984 40.7164 39.8548 24.0069 29.889 26.679 36.3405 27.61 18.3436 18.1763 18.0564 40.9278 17.6808 17.544 16.3266 13.989 13.7893 13.6105 15.9575 12.8293 14.9702 12.6344 9.47032 8.021 16.7733 10.1865 7.21311 6.19775
threshold=1.0000000180025095e-35 0.62258651852607738 0.67962265014648449 0.19292803853750232 0.16025641560554507 0.85565477609634411 0.52777779102325451 0.56306818127632152 0.43650794029235845 0.92634469270706188 0.39173060655593878 0.89587974548339855 0.42724868655204779 0.11805555596947671 0.47222222387790685 0.29289318621158605 0.32466214895248419 1.0000000180025095e-35 0.55051019787788402 0.95634919404983532 0.83183544874191295 0.240384615957737 0.66540303826332103 0.47232905030250555 1.0000000180025095e-35 0.15450928360223773 0.25962962210178381 0.087121214717626586 0.69283485412597667 0.84515425562858593
decision_type=2 2 2 2 2 2 2 2 2 2 2 2 2 2 2 2 2 2 2 2 2 2 2 2 2 2 2 2 2 2
left_child=1 3 23 17 18 7 -7 8 -6 -9 15 -8 14 -14 -12 28 -17 -1 19 -3 -21 -19 -23 24 -2 29 -27 -28 -5 -25
right_child=2 4 -4 10 5 6 11 9 -10 -11 12 -13 13 -15 -16 16 -18 21 -20 20 -22 22 -24 25 -26 26 27 -29 -30 -31
leaf_value=-0.070673421173630596 0.010853916198883378 0.038728874515050069 0.070561883668558451 0.0010016508567253825 -0.041887711039852844 0.059086809280675244 -0.013863180760908908 -0.040771214553234771 0.0435902849662166 0.0026623187538808374 -0.042946543094843415 0.01833031118218938 0.064605561858554567 -0.044897408521000458 0.077156727757192192 0.37995815694404306 0.06973934184366079 -0.082066549136161127 0.10286184014052153 -0.097850307427683691 -0.75016786791562651 0.2910434950221068 0.0078631678869078934 0.0024787337854110967 -0.039377467319262713 -0.031098926067188892 0.059791406209394653 -0.0032834957284241569 0.088782029474444302 0.093073360741238037
leaf_weight=156.10298583935946 47.124907204415649 9.5536736433859879 136.54055537329987 35.165923422435299 46.700220220489427 72.26864415849559 205.93213389720768 237.20040133362636 99.98097163788043 154.79763509309851 161.62869349587709 246.70183844049461 41.969699813751504 45.556234722258523 8.2447654679417592 1.6635606216732401 3.1261541724670678 10.864225857891144 32.893945617135614 1.5233931906986988 0.28489359840750683 1.2750310888513947 18.978443736443296 6.8701739404350546 48.996279184473678 34.948509845184162 44.704258713871241 25.86915486631915 7.2213986483402541 16.297831567004323
leaf_count=71421 2078 397 8950 1690 6518 1059 8466 12882 3263 3985 16512 4375 613 1018 44 27 27 1269 544 134 3 156 365 445 2492 1567 1178 933 68 109
internal_value=-0.000914439 -0.00815496 0.031138 -0.0315502 0.00223077 -0.000864459 0.0113114 -0.0127289 0.0163759 -0.0236196 -0.013503 0.00368343 -0.0219081 0.00761053 -0.0371174 0.0323559 0.177484 -0.0609099 0.0766169 0.000635499 -0.200622 -0.0119311 0.0256904 0.00719356 -0.0147507 0.0235842 0.0142257 0.0366709 0.0159565 0.0662087
internal_weight=1960.99 1599.63 361.352 491.797 1107.84 1063.58 524.903 538.679 146.681 391.998 304.576 452.634 257.399 87.5259 169.873 47.177 4.78971 187.221 44.2559 11.362 1.80829 31.1177 20.2535 224.811 96.1212 128.69 105.522 70.5734 42.3873 23.168
internal_count=152588 134836 17752 93210 41626 40548 13900 26648 9781 16867 19999 12841 18187 1631 16556 1812 54 73211 1078 534 137 1790 521 8802 4570 4232 3678 2111 1758 554
is_linear=0
shrinkage=0.08


Tree=56
num_leaves=31
num_cat=0
split_feature=14 2 2 17 16 17 10 14 3 7 1 3 5 3 19 14 2 21 13 14 12 13 1 11 2 5 7 21 0 13
split_gain=63.7557 61.4489 38.3683 25.2848 23.4132 16.1006 21.2014 26.5135 15.5623 15.7403 15.0281 23.4171 14.9165 20.782 18.4422 12.8267 11.5534 18.7438 11.3771 12.5076 16.7207 16.0395 11.2922 22.9311 11.0309 9.87925 9.59388 9.44364 8.72564 8.27427
threshold=0.43874999880790716 0.60495716333389293 0.92637759447097789 1.0000000180025095e-35 1.0000000180025095e-35 1.0000000180025095e-35 1.0000000180025095e-35 0.17902930825948718 0.18321678787469867 0.50271162390708934 0.5604878067970277 0.5388936996459962 0.35416667163372045 0.95587280392646801 1.5000000000000002 0.11651583760976793 0.23132664710283282 0.69540250301361095 0.6552698314189912 0.74456521868705761 0.82063376903533947 0.97329768538475048 0.097167581319808974 0.6946597993373872 0.48050633072853094 0.73214286565780651 0.77806639671325695 0.63001772761344921 0.52304640412330639 0.90574499964714061
decision_type=2 2 2 2 2 2 2 2 2 2 2 2 2 2 2 2 2 2 2 2 2 2 2 2 2 2 2 2 2 2
left_child=1 3 18 8 5 12 7 -7 22 29 16 -12 14 -14 -3 -11 17 -5 27 20 26 -22 -1 -24 28 -8 -20 -2 -21 -10
right_child=2 4 -4 10 -6 6 25 -9 9 15 11 -13 13 -15 -16 -17 -18 -19 19 24 21 -23 23 -25 -26 -27 -28 -29 -30 -31
leaf_value=0.0052805085852100494 0.24029003451144509 0.081517303316853584 0.069439163456817388 -0.013810266466057992 0.060319419084956756 -0.071368645215498308 0.035614436625234308 -0.0099682085711609667 -0.054801692447600366 -0.039886093918871227 0.21965499249016798 -0.032815767905697152 -0.022640736059266434 0.016530608430643062 -0.012794603651344811 0.02446923513159931 -0.065912016191492326 0.4446769005444135 -0.0042464187845158308 0.029524303198554917 -0.033338273441596254 0.06278220351561814 -0.025976588777487018 0.41434547316234666 0.038589303258791445 -0.0078198386834534752 0.024781378806138434 0.055568098431569228 -0.022705894489999649 0.63678029191079843
leaf_weight=3.1921096490696064 2.1350880935788146 35.231232984107919 82.510031973011792 17.190929585485723 39.766579821705818 72.496266914065927 50.865470436634496 118.7119906602893 51.539567146915942 30.211408385657705 3.1176510521909213 9.5639352679718268 138.52786058117636 231.60775586520322 21.287430480471812 57.632718634558842 197.82545269327238 0.59026220254599948 129.84786385577172 38.626538978889585 107.33440188318491 12.393573366105555 1.3540774232242259 1.7164731738157568 143.74383080564439 98.25400591827929 166.06223743315786 10.394506165757774 43.551656424067914 0.11095734871923824
leaf_count=274 69 1541 5193 3228 1827 19685 603 1283 14991 10177 40 1143 8524 7125 1016 3438 61032 13 2314 240 1484 106 203 69 3515 566 2427 201 435 3
internal_value=-0.000438146 -0.01196 0.0180318 -0.038762 0.000466615 -0.00263664 -0.0156146 -0.0332481 -0.0127314 -0.0182701 -0.055382 0.0292518 0.00771546 0.00187025 0.0459953 0.00233611 -0.06036 0.00140962 0.011547 0.0100725 0.00183721 -0.0233884 0.110639 0.220169 0.0252234 0.00699583 0.0120437 0.0870454 0.00184407 -0.053316
internal_weight=1917.39 1180.79 736.6 374.046 806.749 766.982 340.328 191.208 145.757 139.495 228.288 12.6816 426.654 370.136 56.5187 87.8441 215.607 17.7812 654.09 641.56 415.638 119.728 6.26266 3.07055 225.922 149.119 295.91 12.5296 82.1782 51.6505
internal_count=152765 136781 15984 94611 42170 40343 22137 20968 29155 28609 65456 1183 18206 15649 2557 13615 64273 3241 10791 10521 6331 1590 546 272 4190 1169 4741 270 675 14994
is_linear=0
shrinkage=0.08


Tree=57
num_leaves=31
num_cat=0
split_feature=14 4 4 14 1 4 8 1 4 3 1 4 9 11 15 12 12 14 8 3 2 5 5 5 0 2 11 14 0 0
split_gain=60.9162 55.5086 32.8604 32.5648 29.5523 23.3184 23.1363 18.2368 35.1792 17.8946 17.5464 30.6538 23.2048 25.9876 16.2446 16.6184 16.1116 24.5328 15.9564 15.5699 14.2146 15.8852 12.9669 11.4333 10.4886 10.4037 9.33298 9.24991 9.15062 8.29763
threshold=0.43874999880790716 0.47222222387790685 0.88194444775581371 0.19292803853750232 0.56711712479591381 0.78888890147209179 7.5000000000000009 0.57275134325027477 0.16025641560554507 0.93127068877220165 0.48683299124240881 0.16025641560554507 0.4246212244033814 0.82649993896484386 1.0000000180025095e-35 0.78969484567642223 0.10733487084507944 0.061553031206130988 4.5000000000000009 0.92403846979141246 0.8521554470062257 0.73214286565780651 0.81666666269302379 0.35416667163372045 0.80234065651893627 0.65648320317268383 0.8784083127975465 0.90238094329833995 0.72977957129478466 0.72222682833671581
decision_type=2 2 2 2 2 2 2 2 2 2 2 2 2 2 2 2 2 2 2 2 2 2 2 2 2 2 2 2 2 2
left_child=1 3 5 7 6 9 25 -1 18 20 12 -12 13 -5 16 -16 -6 -18 -9 -17 21 -2 -7 -10 -14 -3 -13 29 -8 -11
right_child=2 4 -4 10 14 22 28 8 23 27 11 26 24 -15 15 19 17 -19 -20 -21 -22 -23 -24 -25 -26 -27 -28 -29 -30 -31
leaf_value=-0.065910018005163801 0.0067410705350103989 0.14207652423825157 0.081339022491093899 -0.0083620390560168317 0.006544984027631701 -0.1141076380683875 -0.11025836099824594 0.026172062655654735 0.026418622195045333 -0.075014388841302571 0.081692475836537173 -0.03374278336231832 -0.034021744795116972 0.15677355593841513 0.040652436556074728 -0.48172332631646203 -0.075468298559899533 -0.011389215004181432 0.30872262741771478 -0.054850925915344496 0.048009837641371976 -0.064386733300904844 -0.007680506230611772 -0.055775266504230092 -0.1119205272851365 0.058384111976622299 0.056326009396928611 0.085440132019740503 0.011076253124751231 0.034028466067933853
leaf_weight=180.92934907099698 391.96375936502591 11.895882811513728 48.42726419121027 22.992063830839474 223.81119972164743 13.517219667322934 4.4045894365990526 2.2898806018056339 14.77014516328927 4.6011936487630001 30.534263024106622 44.480978087056428 128.50742356851697 8.3011111945379508 66.936538932844996 0.68335186224430744 46.361510350718163 218.22711052733939 2.8979988929349929 2.7376728942617774 50.619566086679697 21.181226427666843 15.998445202596486 40.612610301584937 12.103989590425043 47.316892475937493 8.8235082821920496 22.726432942785323 41.069571821717545 152.24538033083081
leaf_count=79953 5886 364 3905 2197 1722 149 736 69 1989 40 503 812 18667 248 1979 11 13434 3153 75 131 1169 209 440 6731 156 1852 97 1107 1822 2959
internal_value=-0.000567764 -0.0119138 0.0176904 -0.0321221 0.00323207 0.0131094 0.0422396 -0.0531901 -0.0151949 0.0162993 -0.0122275 0.0177782 -0.0268614 0.0354433 -0.00407625 0.0318627 -0.00925352 -0.0226172 0.184007 -0.140119 0.00799695 0.00309447 -0.0564207 -0.0338548 -0.0407274 0.075198 -0.0188337 0.037741 -0.000676117 0.0308296
internal_weight=1881.97 1160.69 721.28 497.243 663.444 672.853 104.687 241.5 60.5706 643.338 255.743 83.8387 171.905 31.2932 558.757 70.3576 488.4 264.589 5.18788 3.42102 463.765 413.145 29.5157 55.3828 140.611 59.2128 53.3045 179.573 45.4742 156.847
internal_count=152565 136701 15864 111497 25204 11959 4774 88817 8864 11370 22680 1412 21268 2445 20430 2121 18309 16587 144 142 7264 6095 589 8720 18823 2216 909 4106 2558 2999
is_linear=0
shrinkage=0.08


Tree=58
num_leaves=31
num_cat=0
split_feature=19 17 21 14 4 12 14 12 4 4 16 14 9 21 1 3 5 2 12 8 21 0 15 9 12 19 14 21 9 3
split_gain=61.0453 44.2512 34.1559 38.3361 21.4767 18.7434 15.8366 52.4678 19.6284 14.6116 12.008 10.5955 9.63165 10.5002 10.1226 9.61625 21.1896 8.77203 8.61463 14.7294 8.37706 11.2401 16.7336 8.86135 8.14307 7.97608 7.41072 15.3059 6.74527 12.8997
threshold=3.5000000000000004 1.0000000180025095e-35 0.81478756666183483 0.20942982286214831 0.86607143282890331 0.67257052659988414 0.061553031206130988 0.091287881135940566 0.88194444775581371 0.78888890147209179 1.0000000180025095e-35 0.8603896200656892 0.27823315560817724 0.64275243878364574 0.29679679870605474 0.97259759902954113 0.63333335518836986 0.41060766577720648 0.36681957542896276 2.5000000000000004 0.91089481115341198 0.91429260373115551 1.0000000180025095e-35 0.96225070953369152 0.60084748268127453 6.5000000000000009 0.077935222536325469 0.7805672585964204 0.72804316878318798 0.75905716419219982
decision_type=2 2 2 2 2 2 2 2 2 2 2 2 2 2 2 2 2 2 2 2 2 2 2 2 2 2 2 2 2 2
left_child=1 6 3 5 10 -3 7 28 9 24 20 15 13 -5 -14 16 -4 25 -9 -20 -2 22 -22 -23 -8 -12 27 -10 29 -1
right_child=4 2 11 12 -6 -7 8 18 26 -11 17 -13 14 -15 -16 -17 -18 -19 19 -21 21 23 -24 -25 -26 -27 -28 -29 -30 -31
leaf_value=0.20259534929761189 0.0201632762305658 -0.065865316926777787 0.0042302617017703032 -0.016335124467469406 0.081147604609735899 1.449413047683727 0.0210164446503639 -0.079039672890290624 0.4844022385908256 -0.06503034392627223 -0.0043498473855783449 0.072562550819789809 -0.037981129418457202 0.13256678593154603 -0.0073041746313102316 0.0086359441308906434 -0.056976089147806254 0.059771111521468953 0.86160742684926872 -0.083334372940262857 -0.010740866756783032 0.012408125831732786 -0.2387575581873371 -0.097730460536947381 -0.00048790878072559692 0.1297297417675799 0.062354474963680191 -0.0037710110380085953 0.0044121018913063914 0.030214490559283585
leaf_weight=3.0621389218140385 147.05314886732958 167.9939546235837 96.327003492042422 6.5936290626414102 44.635112600168213 0.05226103262975712 275.24203521281015 57.753815594944172 0.80805673589929827 16.219122024718672 28.448027572594587 11.918627951294182 120.72887569502927 5.6094982344657183 160.17527896887623 174.66456969175488 57.99472632445395 70.364589638076723 0.16932984348386426 0.28039153316058218 5.2364322505891305 39.281458837911487 3.3955603931099176 5.306814542040228 190.83541819173843 3.154365840367972 35.354154974222183 0.83662494551390409 98.366944688139483 29.974583910312504
leaf_count=320 1683 71936 1405 301 3517 8 19286 25136 33 184 215 558 11577 57 4279 1853 406 4294 15 38 33 392 23 54 2534 29 1228 18 1150 308
internal_value=-0.000917647 -0.00786585 -0.020737 -0.0349313 0.0293482 -0.0653941 0.00669663 -0.0130916 0.0139218 0.00961393 0.0216984 -0.00153587 -0.0174661 0.0521117 -0.0204887 -0.00422033 -0.0187713 0.044046 -0.0763238 0.272457 0.0103203 -0.0168768 -0.100436 -0.000700367 0.0122115 0.00903319 0.0700768 0.236076 0.0149162 0.0461923
internal_weight=1857.84 1510.96 802.058 461.153 346.876 168.046 708.903 189.607 519.295 482.297 302.24 340.905 293.107 12.2031 280.904 328.986 154.322 101.967 58.2035 0.449721 200.273 53.2203 8.63199 44.5883 466.077 31.6024 36.9988 1.64468 131.404 33.0367
internal_count=152870 142630 92380 88158 10240 71944 50250 26967 23283 22004 6723 4222 16214 358 15856 3664 1811 4538 25189 53 2185 502 56 446 21820 244 1279 51 1778 628
is_linear=0
shrinkage=0.08


Tree=59
num_leaves=31
num_cat=0
split_feature=19 7 5 1 16 21 5 13 15 0 5 3 12 13 8 6 9 5 21 7 16 3 8 9 3 12 3 9 9 11
split_gain=46.4831 36.9991 24.8495 43.2163 24.0648 23.792 22.6748 32.803 20.8956 17.3782 17.2836 16.257 32.4941 16.187 16.1486 14.7673 13.1232 11.6896 11.0399 11.9772 9.49959 8.67668 8.61235 13.5744 10.486 8.10746 8.10011 20.2698 8.00414 8.32249
threshold=3.5000000000000004 0.56494709849357616 1.0000000180025095e-35 0.41728855669498449 1.0000000180025095e-35 0.7644280493259431 0.86607143282890331 0.72018960118293773 1.0000000180025095e-35 0.53214746713638317 0.84523808956146251 0.19433516263961795 0.10733487084507944 0.30320054292678839 12.500000000000002 1.0000000180025095e-35 0.3551971316337586 0.58571431040763866 0.68667116761207592 0.68377193808555614 1.0000000180025095e-35 0.44920890033245092 4.5000000000000009 0.65821567177772533 0.29217478632926946 0.58637267351150524 0.95861870050430309 0.97014260292053234 0.86602565646171581 0.74271398782730114
decision_type=2 2 2 2 2 2 2 2 2 2 2 2 2 2 2 2 2 2 2 2 2 2 2 2 2 2 2 2 2 2
left_child=1 6 3 15 5 8 7 11 -4 14 22 12 -1 -8 -9 16 -3 -7 21 -20 26 -5 24 -24 -2 -11 27 -12 29 -25
right_child=10 2 4 18 -6 17 13 9 -10 25 20 -13 -14 -15 -16 -17 -18 -19 19 -21 -22 -23 23 28 -26 -27 -28 -29 -30 -31
leaf_value=1.4474300835903611 0.20480813872742892 0.062579512741989682 -0.052502653903157503 0.26660909774032493 0.054742463001412819 0.016400101899504561 0.18011691717827635 0.05757306634129563 0.030124529816828841 0.0072667473059028088 0.029029573492990037 -0.05671054283027438 0.030808033614474931 0.015375571070432458 -0.012706566805002151 0.12834946370902769 -0.031190711422982367 -0.0072370370946741314 -0.0066209708658824832 0.070069979595816567 0.080073679021266511 0.10184255861933363 0.024303128504621019 0.04742458489434858 0.026869287995640125 -0.041490112122702046 0.047200720534927368 -0.15936709204088201 -0.14424071447112932 -0.035515250210770802
leaf_weight=0.10466073814313759 2.1809014603495589 10.979193430277517 110.06722642341629 2.3898797163274166 42.559842088492587 182.7240752892103 4.3385928788920856 39.757067241705954 23.828598615946248 30.268918687477708 19.685681135626513 211.65098639926873 10.50100733200088 31.760952056501992 44.173219827702269 4.589488858357071 73.474729543086141 501.16287136054598 16.577797120437026 60.952283780323341 41.067463712999597 14.194158573518505 60.965632700361311 9.267559656640513 75.37624122784473 78.261477132327855 76.188394096214324 4.488272459479048 3.6421113756950936 47.067041346803308
leaf_count=17 12 610 37659 62 2434 2249 177 935 539 955 224 72527 1873 1388 601 36 8869 7191 380 1584 4347 632 990 180 1918 1493 1730 44 50 710
internal_value=-0.000410888 -0.00648498 0.00178907 0.0285454 -0.00390706 -0.00695935 -0.0256368 -0.0309303 -0.037798 -0.0067519 0.0262906 -0.0518672 0.0447878 0.0351749 0.0205843 -0.0114057 -0.0190004 -0.000921557 0.0663439 0.0536716 0.0476615 0.125587 0.011064 -0.0022802 0.0318729 -0.0278919 0.0343987 -0.00594921 -0.0293018 -0.0218709
internal_weight=1834.25 1494.32 1043.5 183.158 860.343 817.783 450.817 414.717 133.896 192.461 339.929 222.257 10.6057 36.0995 83.9303 89.0434 84.4539 683.887 94.1141 77.5301 141.43 16.584 198.499 120.942 77.5571 108.53 100.362 24.174 59.9767 56.3346
internal_count=152416 142211 62245 12173 50072 47638 79966 78401 38198 3984 10205 74417 1890 1565 1536 9515 9479 9440 2658 1964 6345 694 3860 1930 1930 2448 1998 268 940 890
is_linear=0
shrinkage=0.08


Tree=60
num_leaves=31
num_cat=0
split_feature=3 14 19 17 1 4 5 4 2 13 2 4 1 8 1 4 9 4 3 11 8 5 10 8 14 14 4 3 13 13
split_gain=46.567 43.904 33.5942 26.1725 20.3017 28.5525 18.2352 50.6611 14.6012 12.7067 12.359 19.655 30.7885 20.1827 23.4604 13.4806 12.0679 11.9326 37.7996 27.4489 13.2765 11.7595 11.3516 10.6372 10.1127 19.6167 10.4268 8.94321 9.29766 22.6643
threshold=0.95587280392646801 0.35388994216918951 1.5000000000000002 1.0000000180025095e-35 0.48683299124240881 0.087121214717626586 0.86607143282890331 0.73214286565780651 0.77015754580497753 0.67700320482254039 0.87585616111755382 0.069047622382640853 0.53390806913375866 4.5000000000000009 0.60188680887222301 0.57738095521926891 0.6195238232612611 1.0000000180025095e-35 0.47901995480060583 0.85122913122177135 4.5000000000000009 0.86607143282890331 1.0000000180025095e-35 10.500000000000002 0.089572194963693633 0.10435571894049646 0.88194444775581371 0.99450549483299266 0.25410278141498571 0.54585504531860363
decision_type=2 2 2 2 2 2 2 2 2 2 2 2 2 2 2 2 2 2 2 2 2 2 2 2 2 2 2 2 2 2
left_child=1 3 27 17 -5 -6 7 -4 -7 -9 11 12 16 14 -13 -15 -3 18 19 -1 21 -19 -22 -11 -8 -26 -27 -2 -29 -30
right_child=2 10 6 4 5 8 24 9 -10 23 -12 13 -14 15 -16 -17 -18 20 -20 -21 22 -23 -24 -25 25 26 -28 28 29 -31
leaf_value=-0.034998566218893662 0.073262767512329158 0.020423397457223165 0.051342494905535337 -0.062890108689571941 0.095882737450099328 -0.058467588224033057 0.011891763001873081 0.035492818632775522 -0.0034644472843760061 -0.090158657668680253 0.040039400154687342 0.03533337760461637 0.078264693330937274 -0.057745598701414887 -0.027869121853377889 0.022594186488118059 -0.014168417403107781 0.012816340272578559 0.12735752208005494 0.16659232788261144 -0.061424643762133878 -0.042422458131662476 0.013853219831839569 0.025803589006500684 0.25673783047205162 0.038241286657313078 0.077559248655881485 0.010105530227476718 -0.056957172766432057 0.007191392578979953
leaf_weight=41.325917031965218 9.5290217332076264 146.99651265470311 70.78708404279314 147.38928042189218 12.364181821234522 63.28793237276841 44.985725212609395 8.3053313847631198 60.335708727594465 34.508843806572258 60.652260843664408 74.087400138378143 43.008646123576909 77.96706761373207 76.296267138794065 16.13256908301264 115.07308309245855 95.838945050840266 16.439713487401605 4.8277764158556229 55.934101381106302 33.212547270697542 16.632699339650571 5.9330083373934022 3.0041652829386285 135.4558946674224 63.357384583447129 128.38628801552113 60.283052025944926 84.88179446849972
leaf_count=12205 183 2343 2054 62622 280 10449 1108 170 3477 315 1662 1089 1320 1104 975 150 3100 9215 789 232 14709 1195 504 69 51 2953 4945 981 11296 913
internal_value=0.000628658 -0.00898898 0.0177753 -0.0254342 -0.0423222 -0.0200298 0.0337699 0.00812308 -0.0316228 -0.054637 0.00576847 0.00198616 0.0155299 -0.0149143 0.00326796 -0.043972 0.00523435 -0.00732112 0.0231916 -0.0139117 -0.016794 -0.00139985 -0.0441706 -0.0731465 0.0461915 0.053837 0.050771 -0.00292355 -0.00557747 -0.0194478
internal_weight=1807.22 1157.8 649.418 547.589 283.377 135.988 366.337 119.534 123.624 48.7472 610.214 549.562 305.078 244.483 150.384 94.0996 262.07 264.212 62.5934 46.1537 201.618 129.051 72.5668 40.4419 246.803 201.817 198.813 283.08 273.551 145.165
internal_count=152458 127420 25038 115677 76828 14206 11665 2608 13926 554 11743 10081 6763 3318 2064 1254 5443 38849 13226 12437 25623 10410 15213 384 9057 7949 7898 13373 13190 12209
is_linear=0
shrinkage=0.08


Tree=61
num_leaves=31
num_cat=0
split_feature=2 14 13 14 15 2 11 4 3 4 2 5 8 5 16 0 4 8 13 8 4 3 3 11 11 14 13 4 0 5
split_gain=40.7363 31.2141 51.3238 25.09 23.4205 23.2014 23.1161 18.4762 28.3042 25.1003 36.3665 24.8154 23.3003 15.6178 13.1013 13.958 11.1808 18.1932 13.5115 10.6863 10.1322 9.6425 13.4034 8.57941 8.10445 7.9224 8.53059 6.61403 5.11321 5.099
threshold=0.91331186890602123 0.19292803853750232 0.25410278141498571 0.056349206715822227 1.0000000180025095e-35 0.5174442231655122 0.6106071174144746 0.78888890147209179 0.96580946445465099 0.069047622382640853 0.48528139293193823 0.76388889551162731 9.5000000000000018 0.63333335518836986 1.0000000180025095e-35 0.79311010241508495 0.88194444775581371 3.5000000000000004 0.59711855649948131 5.5000000000000009 0.240384615957737 0.58102023601531994 0.54433220624923717 0.64258694648742687 0.79780694842338573 0.15504807978868487 0.33775009214878088 0.84523808956146251 0.87693536281585704 0.73214286565780651
decision_type=2 2 2 2 2 2 2 2 2 2 2 2 2 2 2 2 2 2 2 2 2 2 2 2 2 2 2 2 2 2
left_child=1 2 20 -4 13 -5 -7 8 9 10 -3 29 -11 -2 15 -10 17 24 23 25 -1 22 -22 -18 -15 26 -6 -19 -23 -9
right_child=4 7 3 5 19 6 -8 11 14 12 -12 -13 -14 16 -16 -17 18 27 -20 -21 21 28 -24 -25 -26 -27 -28 -29 -30 -31
leaf_value=-0.064439461689980673 0.071951190436652199 -0.0027707944821829082 -0.079041996521499597 -0.066839189575942107 0.15238856590314753 0.066284626285184875 -0.027075169130593473 -0.15240816259736351 -0.049040171681030989 -0.010513134138096443 0.053330165244366255 0.010953323497696191 -0.073069621034504401 -0.038725114524485398 0.081810217198167903 0.028892861423373283 0.017313329347816271 0.021237608492507998 0.078877717095079666 -0.37323688031673757 0.68741576588340536 0.037177057563551073 0.080646788990001314 -0.056008254796062307 -0.12846999910567855 0.07586239569982553 -0.071262934282557075 -0.16988179159304698 0.00315331938765312 -0.074342359957029785
leaf_weight=12.110490656807086 26.168607318773866 296.37909628334455 100.71872412180528 54.167633648496121 1.4224046494346101 24.19270015147049 56.882597786141559 9.8592318221926689 16.069057773798704 343.35423105885275 98.536766364239156 21.839169930666685 42.863396475906484 22.867722383933145 27.044290086254478 173.68060051649809 87.482905204291455 41.514368286821991 21.381019486114383 0.35299713350832362 0.31179693655576446 34.869522558059543 0.92190800735261291 11.563494022237135 8.9645588025450689 67.660553846973926 4.6914621167816222 1.1921530812978733 149.33906688692514 11.720488159917295
leaf_count=1947 383 19685 60988 31145 17 3047 5217 69 95 6452 2376 382 1765 895 2231 1242 3102 1141 1089 12 27 1384 53 353 76 6075 77 10 1266 79
internal_value=-0.00015863 -0.00558873 -0.0236266 -0.0488131 0.0269652 -0.026301 0.000783199 0.00192048 0.00414322 -0.00295464 0.0112271 -0.0491663 -0.0174558 0.0139201 0.0297176 0.0222931 0.00613113 -0.0182199 0.0212033 0.0658808 0.00645675 0.0110867 0.233997 0.00875316 -0.0639989 0.0679819 -0.0192299 0.0159025 0.0095938 -0.110009
internal_weight=1770.12 1474.86 433.514 235.962 295.262 135.243 81.0753 1041.35 997.927 781.133 394.916 43.4189 386.218 221.135 216.794 189.75 194.966 74.5388 120.427 74.1274 197.553 185.442 1.2337 99.0464 31.8323 73.7744 6.11387 42.7065 184.209 21.5797
internal_count=152680 139450 105074 100397 13230 39409 8264 34376 33846 30278 22061 530 8217 7049 3568 1337 6666 2122 4544 6181 4677 2730 80 3455 971 6169 94 1151 2650 148
is_linear=0
shrinkage=0.08


Tree=62
num_leaves=31
num_cat=0
split_feature=19 17 7 8 9 0 9 4 1 21 1 8 2 16 14 10 13 14 8 2 11 8 0 2 9 9 1 8 8 14
split_gain=38.1766 32.4145 19.2012 16.479 16.7586 23.9155 20.6089 14.8079 33.864 28.0331 15.5389 14.4917 12.635 12.4731 11.7511 40.2395 25.8854 15.0364 40.2909 10.9212 9.93651 9.64205 9.07383 8.85147 8.61165 8.44005 8.38647 8.20807 8.04422 8.02194
threshold=2.5000000000000004 1.0000000180025095e-35 0.47232905030250555 4.5000000000000009 0.60630899667739879 0.92634469270706188 0.80600360035896312 0.064583335071802153 0.53390806913375866 0.78912687301635753 0.13397436589002612 12.500000000000002 0.86706829071044933 1.0000000180025095e-35 0.061553031206130988 1.0000000180025095e-35 0.36323411762714392 0.065591398626565947 2.5000000000000004 0.27639257907867437 0.82649993896484386 8.5000000000000018 0.96002480387687694 0.67006802558898937 0.89009663462638866 0.34654632210731512 0.084219858050346388 27.500000000000004 2.5000000000000004 0.11651583760976793
decision_type=2 2 2 2 2 2 2 2 2 2 2 2 2 2 2 2 2 2 2 2 2 2 2 2 2 2 2 2 2 2
left_child=1 14 12 13 11 29 21 8 10 -9 -4 -5 26 19 15 -1 17 18 -16 -2 -11 -7 -8 -15 -21 -19 -3 -13 -26 -6
right_child=3 2 7 4 5 6 22 9 -10 20 -12 27 -14 23 16 -17 -18 25 -20 24 -22 -23 -24 -25 28 -27 -28 -29 -30 -31
leaf_value=-0.07443935042373255 0.24698624908769326 0.022327653607010691 0.084423347945581637 0.076074750490792264 0.072434502079275626 0.066226091582604008 -0.21400924792407514 -0.054590281271233179 0.10189982621397593 0.0025536062252040181 -0.020153567266837546 0.01831868586695588 0.040024623866171484 0.021310052234134326 1.7475101659653496 0.013139669599040249 0.010452817679527254 0.58611555184409747 -0.081091814396011944 0.041329413660616481 -0.031724348041002347 0.00060142905939228417 -0.037796128737278153 0.077617106443309603 0.014106658297114541 0.10444891196597254 -0.058986037635915124 -0.082242989431677321 -0.04829244218280828 -0.038849101950455982
leaf_weight=46.474871020764112 1.3579096859320987 8.7204456425970402 10.225672947475685 30.726705936482176 4.3191559917759141 39.798177929129452 2.4201986899133763 108.45582741335966 21.985414792085066 202.67692474438809 82.128668500343338 66.190645861905068 10.00697588874027 27.077326801139861 0.13098792394157399 120.97793018561788 377.61606810824014 0.23754088836721976 0.1875095950672403 71.711732148658484 73.842243489809334 22.390451061073691 8.2300749123096448 52.533428672002628 107.25716223125346 11.730171059723942 117.44208336970769 5.6370384057518086 15.081501805456353 103.22372837970033
leaf_count=25233 22 1330 1468 482 222 786 55 33438 555 2384 13623 1063 386 496 10 1361 20182 26 40 1065 924 339 159 5957 2488 729 35757 73 228 1647
internal_value=0.000556067 -0.00752335 -0.0198738 0.0178289 0.00427406 -0.0104066 0.0249885 -0.0126118 0.0126676 -0.0201199 -0.00857458 0.0300957 -0.0465024 0.0317739 0.00655835 -0.011167 0.0141709 0.128447 0.670954 0.0208993 -0.00660005 0.0425985 -0.0778393 0.0584659 0.0193173 0.114009 -0.0533656 0.0104266 0.00641431 -0.0343797
internal_weight=1750.79 1192.84 635.484 557.955 282.936 180.382 72.8389 499.315 114.34 384.975 92.3543 102.554 136.17 275.019 557.355 167.453 389.902 12.2862 0.318498 195.408 276.519 62.1886 10.6503 79.6108 194.05 11.9677 126.163 71.8277 122.339 107.543
internal_count=152528 137446 89865 15082 4826 3208 1339 52392 15646 36746 15091 1618 37473 10256 47581 26594 20987 805 50 3803 3308 1125 214 6453 3781 755 37087 1136 2716 1869
is_linear=0
shrinkage=0.08


Tree=63
num_leaves=31
num_cat=0
split_feature=16 4 4 4 3 0 14 5 8 19 4 8 21 21 4 7 3 0 7 14 7 4 9 11 13 13 12 3 3 0
split_gain=38.4798 37.4707 29.932 29.044 36.5414 21.8291 17.9377 17.472 21.6685 17.2717 19.9409 21.8936 14.9716 14.2802 17.9947 12.9579 12.3067 14.1902 11.87 9.55611 9.54131 9.22094 13.7006 8.82916 11.5038 11.3802 11.325 8.07946 7.34119 6.90792
threshold=1.0000000180025095e-35 0.4083333313465119 0.43650794029235845 1.0000000180025095e-35 0.51899951696395885 0.95557281374931347 0.19292803853750232 0.63333335518836986 2.5000000000000004 1.5000000000000002 0.88194444775581371 1.5000000000000002 0.71272903680801403 0.79462140798568737 0.38750000298023229 0.61677488684654247 0.7897985875606538 0.79311010241508495 0.47232905030250555 0.053342817351222045 0.5273268222808839 0.57738095521926891 0.85239651799201976 0.63920342922210704 0.83124706149101268 0.59163263440132152 0.26483158767223364 0.18321678787469867 0.77015754580497753 0.52111363410949718
decision_type=2 2 2 2 2 2 2 2 2 2 2 2 2 2 2 2 2 2 2 2 2 2 2 2 2 2 2 2 2 2
left_child=2 18 3 4 6 13 -1 8 -4 21 11 -11 20 28 -15 -8 -10 -18 27 -12 -6 22 -9 25 -25 -20 -27 -2 -5 -26
right_child=1 -3 7 5 12 -7 15 9 16 10 19 -13 -14 14 -16 -17 17 -19 23 -21 -22 -23 -24 24 29 26 -28 -29 -30 -31
leaf_value=-0.066078129860749318 0.043606103111513993 0.068918396137686702 0.049070611571015846 -0.067473944651506385 0.0073445635435062419 0.069585475805755276 -0.018464252436251521 -0.015958992586593407 0.076092550709663073 -0.052356636768097008 0.010207772062427727 0.0093398113910145852 0.02781845365080033 0.00071434254208256837 -0.068503463627584235 0.033896976852645082 -0.0810055713817424 0.0020838424757689093 0.037340593714865887 0.07873962693657531 0.14847414516767166 -0.010331473441329854 -0.097091955111087508 -0.018173560305652786 0.0812672973980305 0.090788195324283227 0.38803453699122387 -0.024611701415148401 -0.029504099450947265 0.022203607975809829
leaf_weight=39.61724973085802 12.954599150340071 88.2902112219017 103.74598342576064 123.32913383643609 3.9847613292513442 11.550913658807984 130.04263296211138 36.171828809543513 10.556140580214558 42.660147797083482 20.882081502815709 268.46969871153124 43.193855736870319 77.994192716432735 34.746132559375837 39.415922698564827 16.813785612001084 60.445265247253701 7.6541013086680305 34.595576039981097 13.294878821820019 256.63307894358877 21.085504835122265 40.028099042829126 16.163339899852872 1.9867994813248517 1.39722383627668 78.092264840495773 44.29295281576924 58.691398957744241
leaf_count=27627 230 8489 2486 50570 556 171 14514 2836 355 496 479 3144 796 956 322 1130 1566 1452 698 1761 501 11491 1244 2243 105 64 34 4324 10630 1565
internal_value=-0.000810062 0.02498 -0.00630187 -0.0207087 -0.00177368 -0.0381931 -0.0176151 0.00297376 0.0243164 -0.00303422 0.008759 0.000880386 0.0529951 -0.0426335 -0.0206183 -0.00628507 -0.00492863 -0.0159988 0.00710028 0.0529439 0.115929 -0.0168081 -0.0458369 0.0230114 0.0164451 0.0913523 0.213518 -0.0149053 -0.0574407 0.0349572
internal_weight=1738.78 305.258 1433.52 561.463 269.549 291.913 209.076 872.059 191.561 680.498 366.608 311.13 60.4735 280.362 112.74 169.459 87.8152 77.2591 216.968 55.4777 17.2796 313.89 57.2573 125.921 114.883 11.0381 3.38402 91.0469 167.622 74.8547
internal_count=152835 17752 135083 107773 45124 62649 43271 27310 5859 21451 5880 3640 1853 62478 1278 15644 3373 3018 9263 2240 1057 15571 4080 4709 3913 796 98 4554 61200 1670
is_linear=0
shrinkage=0.08


Tree=64
num_leaves=31
num_cat=0
split_feature=16 3 2 14 1 12 0 5 2 3 7 0 7 14 0 9 8 3 1 8 7 21 11 9 3 14 19 5 9 8
split_gain=33.9429 41.0656 22.2919 22.4143 20.2354 19.0809 16.21 15.9593 22.1801 21.4089 14.6705 14.587 11.838 11.369 11.0413 10.3032 10.5943 9.41813 12.6801 30.8942 10.8121 9.39864 9.05035 8.31582 8.07191 7.18333 6.8059 6.63194 6.49605 6.4072
threshold=1.0000000180025095e-35 0.82972848415374767 0.62258651852607738 0.30217391252517706 0.51389962434768688 0.81096094846725475 0.72222682833671581 0.35416667163372045 0.81120249629020702 0.90521115064620983 0.56494709849357616 0.42651413381099706 0.85805556178092968 0.056349206715822227 0.6343837082386018 0.85857143998146068 2.5000000000000004 0.27639257907867437 0.24509049206972125 6.5000000000000009 0.50035613775253307 0.66360375285148632 1.0000000180025095e-35 0.5032467544078828 0.2237871661782265 0.8441295623779298 6.5000000000000009 0.43650794029235845 0.64051282405853283 5.5000000000000009
decision_type=2 2 2 2 2 2 2 2 2 2 2 2 2 2 2 2 2 2 2 2 2 2 2 2 2 2 2 2 2 2
left_child=2 12 3 5 13 10 25 8 -8 -9 24 -12 15 22 28 16 -2 18 -5 -20 23 -17 -4 -19 -1 -6 -18 -23 -15 -22
right_child=1 -3 4 17 6 -7 7 9 -10 -11 11 -13 -14 14 -16 21 26 20 19 -21 29 27 -24 -25 -26 -27 -28 -29 -30 -31
leaf_value=0.013250803647174885 0.18704737345826827 0.072507476685684177 0.020346420293807746 0.020614973625277103 -0.092259093649330451 1.523646696589058 -0.0021080843283245625 -0.031379831847261508 0.06761260211547393 0.00088274577224246376 0.61774238093894029 -0.022245773690385408 0.056798682626991649 0.43903739261170616 0.041810433138163121 0.022870780876006528 0.0032367349936361736 0.024657690511869192 0.80350041210270984 -0.067348258968153871 0.020832187350042421 -0.056324345644327097 -0.080184573745279084 -0.060339016265215241 -0.072617020529486431 0.092906794765730161 0.12193588020402667 -0.28083131682272233 0.13798044716878988 -0.018194125305842392
leaf_weight=7.6476511147338888 2.0912794907344496 80.868923474568874 17.859358254587281 48.427700527245179 17.000577606610026 0.04980787355452676 75.597457518102601 168.61220075481106 47.583391155931167 600.27234363707248 0.22846723755355824 96.908187522203662 25.580639263382182 0.52611830725800146 74.686159348115325 11.450228018686174 146.86572107626125 9.0389843056909722 0.45010539889335521 0.61963404389098287 52.326863606227562 26.44865449261852 8.4394900646293518 39.822257553925738 83.560536537552252 1.4556714612990607 3.1579808723181477 0.86978789605200191 3.5797903670463711 55.458555688383058
leaf_count=2986 45 8568 258 1319 3377 2 2934 9399 714 18200 48 30174 1125 36 1624 1118 5987 442 18 31 886 741 5130 2933 53081 14 40 16 111 1215
internal_value=-0.000698194 0.0238657 -0.00587754 -0.0220155 0.00039165 -0.0419617 -0.00344471 -0.00190935 0.0248242 -0.00619226 -0.0423757 -0.0207405 0.0056936 0.0336304 0.0488322 -0.00115508 0.00822802 -0.00378681 0.026633 0.299072 -0.0133989 -0.0379712 -0.0119147 -0.0446152 -0.0654171 -0.0776548 0.00573534 -0.0634724 0.176557 0.000752079
internal_weight=1707.48 297.333 1410.15 394.539 1015.61 188.395 910.522 892.065 123.181 768.885 188.345 97.1367 216.464 105.091 78.7921 190.884 152.115 206.144 49.4974 1.06974 156.647 38.7687 26.2988 48.8612 91.2082 18.4562 150.024 27.3184 4.10591 107.785
internal_count=152572 17640 134932 93135 41797 86291 34638 31247 3648 27599 86289 30222 9072 7159 1771 7947 6072 6844 1368 49 5476 1875 5388 3375 56067 3391 6027 757 147 2101
is_linear=0
shrinkage=0.08


Tree=65
num_leaves=31
num_cat=0
split_feature=17 14 1 4 10 14 4 4 16 3 0 13 14 12 0 21 1 11 9 2 3 2 14 11 13 2 19 21 1 0
split_gain=28.0221 36.4506 22.3837 20.5083 17.3315 21.8533 17.1428 16.3328 15.8228 14.7386 14.2072 43.2826 11.2441 16.6037 10.6848 9.96483 9.65681 8.95688 12.7773 10.579 9.08619 8.58737 8.94197 8.40326 10.2841 8.06177 7.75276 8.07066 7.60075 6.70646
threshold=1.0000000180025095e-35 0.43874999880790716 0.43364779651165014 0.080128207802772536 1.0000000180025095e-35 0.17902930825948718 0.47222222387790685 0.88194444775581371 1.0000000180025095e-35 0.8589511811733247 0.44080047309398657 0.84515425562858593 0.81534090638160717 0.82063376903533947 0.82810169458389293 0.67402291297912609 0.33589744567871099 0.64169430732727062 0.31643131375312811 0.43159537017345434 0.8521554470062257 0.92031747102737438 0.094494048506021514 0.96513387560844432 0.90574499964714061 0.55612829327583324 3.5000000000000004 0.56364989280700695 0.53390806913375866 0.92634469270706188
decision_type=2 2 2 2 2 2 2 2 2 2 2 2 2 2 2 2 2 2 2 2 2 2 2 2 2 2 2 2 2 2
left_child=8 2 6 15 5 -5 10 26 12 17 11 -2 13 21 -6 -4 25 18 -10 -20 -19 22 -1 24 -15 -8 -3 -28 -17 -29
right_child=1 7 3 4 14 -7 16 -9 9 -11 -12 -13 -14 23 -16 28 -18 20 19 -21 -22 -23 -24 -25 -26 -27 27 29 -30 -31
leaf_value=-0.015056611975620063 -0.0045813021594951035 -0.0039721017655177712 0.13319416960747948 -0.078407155110449656 0.09835300176019672 -0.016868781135332332 0.34023913961654134 0.081055621329751512 0.45412156573169177 0.073294139400077132 -0.067752619868299307 0.79569567532890595 0.076274964685561275 -0.12463098129538973 -0.0041237056549069066 -0.041808664251633848 -0.0088186836319004078 0.01248371480312728 -0.027928130631925879 0.15185019784163756 -0.2901394738104876 0.026986566545135815 0.0089374014015759437 0.0015937860862848909 -0.026884335462092582 0.075495307125988204 0.26673885111872531 0.0057683117576984048 0.076732787016343965 0.046225260500031978
leaf_weight=137.40018659626367 9.287287608487528 255.43288513831794 7.8375595379038741 54.728191593487281 6.8233082750812164 113.57708946114872 1.0139842391945406 18.428268751595169 0.58893696498125692 42.902886339346878 120.57663788244827 0.45365358144044954 13.814418652094899 12.492606071755292 142.594885956496 6.6008722358965297 7.8204447618336417 95.230858330847695 3.89779807301238 4.5288129246328026 0.63923829048871894 110.20452480192762 359.47092561016325 16.298636590130627 15.357176621444522 2.6864831079146825 0.84691713005304237 80.745127147063613 7.2792910770513117 38.835886860266328
leaf_count=28640 2616 4115 400 23365 299 1960 50 2256 37 4560 57193 9 159 143 985 331 510 3264 727 172 44 3466 13736 146 152 174 7 1376 173 1625
internal_value=-0.000581336 -0.0105115 -0.0252858 -0.0141333 -0.0192744 -0.0368793 -0.0519754 0.00752234 0.0101153 0.0337928 -0.0602448 0.0326891 0.0048536 0.00333854 0.00055598 0.0610793 0.0415634 0.017635 0.0938703 0.0686923 0.0104659 0.00678333 0.00230232 -0.04403 -0.0707307 0.148039 0.00391704 0.0206503 0.020359 0.0189074
internal_weight=1688.4 875.569 481.28 339.441 317.723 168.305 141.838 394.289 812.827 147.789 130.318 9.74094 665.038 651.224 149.418 21.7177 11.5209 104.886 9.01555 8.42661 95.8701 607.076 496.871 44.1484 27.8498 3.70047 375.861 120.428 13.8802 119.581
internal_count=152690 97444 88065 27513 26609 25325 60552 9379 55246 8804 59818 2625 46442 46283 1284 904 734 4244 936 899 3308 45842 42376 441 295 224 7123 3008 504 3001
is_linear=0
shrinkage=0.08


Tree=66
num_leaves=31
num_cat=0
split_feature=16 7 1 4 4 1 9 1 1 5 2 2 0 9 8 13 7 8 8 13 15 5 15 17 4 1 9 4 1 0
split_gain=24.4192 33.2806 20.8357 31.7601 32.8827 29.6605 24.6107 25.5045 23.2737 26.3723 19.892 19.7708 18.6386 16.0523 41.7485 14.2341 21.1065 13.2711 13.2152 10.4514 10.407 10.1885 9.66647 16.6435 9.32961 14.2173 12.3783 11.7135 13.5996 10.594
threshold=1.0000000180025095e-35 0.85358974337577831 0.29925373196601873 0.064583335071802153 0.4083333313465119 0.57735043764114391 0.47114317119121557 0.53390806913375866 0.56711712479591381 0.35416667163372045 0.27639257907867437 0.62258651852607738 0.91667616367340099 0.63438084721565258 11.500000000000002 0.54847925901412975 0.85805556178092968 5.5000000000000009 4.5000000000000009 0.55888774991035473 2.5000000000000004 0.63333335518836986 1.0000000180025095e-35 1.0000000180025095e-35 0.074175827205181136 0.3312236368656159 0.96609193086624157 0.36931818723678594 0.5604878067970277 0.51933774352073681
decision_type=2 2 2 2 2 2 2 2 2 2 2 2 2 2 2 2 2 2 2 2 2 2 2 2 2 2 2 2 2 2
left_child=2 21 10 6 8 18 15 17 -5 -10 19 -12 -7 14 -13 16 -4 -8 -6 20 -1 24 23 -21 25 29 -27 -26 -29 -2
right_child=1 -3 3 4 5 12 7 -9 9 -11 11 13 -14 -15 -16 -17 -18 -19 -20 22 -22 -23 -24 -25 27 26 -28 28 -30 -31
leaf_value=-0.073200965958301195 0.015209795139959919 0.063867496668203419 1.1220049706541295 -0.056188778111596477 0.060716224398646504 -0.029782707769687607 0.04656405096285237 0.086222784802519464 0.034510690791070602 -0.043394040104922815 -0.06033336014849229 2.476086579825588 0.0019964299105542376 0.044753448655741303 -0.083813218860288349 0.18999827118699261 -0.034875707422915354 -0.028666806644399818 0.013112938393455705 0.11872093097663255 0.77591830329289158 0.083930743677329556 -0.019252320146859524 0.0011391526417300786 -0.07162986214819371 0.06377275134535465 -0.15052699714189141 0.095965122141424469 -0.1079982633863177 -0.031451567659102529
leaf_weight=11.255827122833576 71.425774560775608 81.833824461675249 0.26565208885585834 120.41432689793874 67.320189823803958 149.75278185319621 25.659582914668135 37.457323068752885 54.225792497745715 57.08753557066666 105.64750980603276 0.062578124110585942 559.10238291299902 9.5492115705274028 0.11701557214837521 3.0476100631058216 0.16277215466834605 36.14877977501601 83.762281704635825 12.567882571020162 0.093142714351416411 9.5924860602244717 25.386996587621979 19.909895179560408 22.475351507193409 33.016369682154618 1.8201303920941416 6.7908010950777662 3.0238024201244116 55.212406258913688
leaf_count=6760 2449 8607 85 36017 1995 6560 2113 733 2590 6821 43422 20 15766 877 37 59 75 3917 3596 449 5 810 1223 1973 1090 791 36 270 214 3513
internal_value=-0.000522298 0.020787 -0.00492928 -0.00106347 -0.00506553 0.00214197 0.0414597 0.0341328 -0.0318124 -0.0054431 -0.0299433 -0.0502839 -0.00471723 0.058846 0.808165 0.250696 0.682469 0.00256509 0.0343243 0.00396347 -0.0662321 0.00345074 0.0177309 0.0466396 -0.000533488 0.00731645 0.0525761 -0.0397892 0.0331256 -0.00513388
internal_weight=1664.19 285.191 1379 1194.41 1091.67 859.938 102.742 99.2657 231.728 111.313 184.59 115.376 708.855 9.72881 0.179594 3.47603 0.428424 61.8084 151.082 69.2137 11.349 203.357 57.8648 32.4778 193.765 161.475 34.8365 32.29 9.8146 126.638
internal_count=152873 17780 135093 80327 73345 27917 6982 6763 45428 9411 54766 44356 22326 934 57 219 160 6030 5591 10410 6765 9173 3645 2422 8363 6789 827 1574 484 5962
is_linear=0
shrinkage=0.08


Tree=67
num_leaves=31
num_cat=0
split_feature=14 13 4 14 13 17 4 3 2 4 9 16 11 4 9 2 4 0 3 4 11 21 14 9 21 19 0 9 19 1
split_gain=22.7956 53.1904 35.7991 34.7174 24.7425 17.3672 16.849 15.9871 15.0502 26.482 13.7533 12.5199 12.1461 11.4579 10.281 9.35612 7.4639 10.9841 6.46624 7.86711 5.71896 6.54103 5.7996 4.44949 4.82801 4.22976 6.38963 5.74979 3.51643 3.49291
threshold=0.19292803853750232 0.25410278141498571 0.88194444775581371 0.056349206715822227 0.35829523205757147 1.0000000180025095e-35 0.78888890147209179 0.93127068877220165 0.83424907922744762 0.057189542800188072 0.73401361703872692 1.0000000180025095e-35 0.79144933819770824 0.16025641560554507 0.80600360035896312 0.69614070653915416 0.240384615957737 0.87400174140930187 0.55217784643173229 0.30384616553783422 0.78481063246727001 0.83008873462677013 0.32795698940753942 0.85857143998146068 0.95861858129501354 1.5000000000000002 0.8857199251651765 0.70087718963623058 7.5000000000000009 0.60188680887222301
decision_type=2 2 2 2 2 2 2 2 2 2 2 2 2 2 2 2 2 2 2 2 2 2 2 2 2 2 2 2 2 2
left_child=1 16 6 -3 10 15 7 8 9 -2 -5 12 -9 -12 -10 -6 29 18 -18 -20 21 22 -8 28 -25 27 -27 -19 -22 -1
right_child=2 3 -4 4 5 -7 20 11 14 -11 13 -13 -14 -15 -16 -17 17 25 19 -21 23 -23 -24 24 -26 26 -28 -29 -30 -31
leaf_value=-0.072110454136404642 0.0097405098147451026 -0.079611334450176138 0.073040481904228655 -0.040962976009226229 -0.043927071333966942 -0.064906474269405309 0.040542597142832246 0.039527698861572723 0.11148759139946822 -0.023035122719674034 0.30397046963843333 0.075243154748133631 0.0023510962842243975 0.092613242167302656 0.021248139544293148 0.011419474512683381 0.3098075052010969 0.027746012030531519 -0.061715004983806845 0.059309643487993703 -0.08104212635345219 0.061377092212962239 -0.077121580222468233 0.037469954394326661 -0.15599476017916655 -0.073039062707344463 0.029174648217465449 -0.0077230140331734582 0.014985485887788304 0.10401221440831737
leaf_weight=9.2023051356081815 371.27337332919706 91.607185883563943 50.20478087849915 3.5083383680903344 28.502350766502786 49.434253431565594 3.9879210921935764 94.349331511650234 8.8808786221779865 274.36004821583629 2.2106535803177376 26.648908108472824 139.26070916187018 6.3764059716486372 89.62314984574914 62.219137108419091 0.61020922276656975 36.680917138350196 3.8150672671035855 34.737574330996722 26.11911853263155 6.3941705347970119 8.1803576159290952 4.8454457344487301 0.9950921214185654 4.1706984450574955 63.632310972781852 144.39759556355421 2.6921079675666979 0.78190570627339262
leaf_count=1921 21824 64790 5361 851 10597 26418 35 849 117 6837 452 3280 1191 645 1728 1272 33 328 387 1058 250 108 122 173 73 28 517 1118 68 12
internal_value=0.000457515 -0.0129885 0.0070346 -0.0406969 -0.0172827 -0.0267568 0.0039013 0.00622551 0.000256549 -0.0041874 0.0924981 0.0232921 0.0173658 0.147025 0.0293839 -0.00596898 0.00968367 0.0120407 0.0514231 0.0473334 -0.0399672 -0.00413447 -0.0385594 -0.0591623 0.00450806 0.00584371 0.0228873 -0.000538084 -0.0720693 -0.0583175
internal_weight=1649.7 541.887 1107.82 243.858 152.251 140.156 1057.61 1004.4 744.137 645.633 12.0954 260.259 233.61 8.58706 98.504 90.7215 298.029 288.044 39.1629 38.5526 53.2142 18.5624 12.1683 34.6518 5.84054 248.882 67.803 181.079 28.8112 9.98421
internal_count=152443 110427 42016 105025 40235 38287 36655 35826 30506 28661 1948 5320 2040 1097 1845 11869 5402 3469 1478 1445 829 265 157 564 246 1991 545 1446 318 1933
is_linear=0
shrinkage=0.08


Tree=68
num_leaves=31
num_cat=0
split_feature=19 17 21 14 11 10 4 4 4 14 14 8 1 12 11 8 14 21 21 5 1 15 15 5 17 19 11 14 12 12
split_gain=22.3751 23.4931 13.8235 21.7062 13.389 13.202 11.8675 10.6915 10.6039 9.09812 8.68275 8.41705 7.47727 6.99661 10.2113 6.72532 8.71506 12.1211 7.2625 9.77676 8.66969 7.13772 6.69586 6.21414 6.20976 7.88853 6.77727 5.4227 7.55416 7.48918
threshold=3.5000000000000004 1.0000000180025095e-35 0.81478756666183483 0.17445652186870578 0.64521294832229625 1.0000000180025095e-35 0.88194444775581371 0.81666666269302379 0.4083333313465119 0.35388994216918951 0.8834841549396516 27.500000000000004 0.0745370388031006 0.88583961129188549 0.986863672733307 2.5000000000000004 0.061553031206130988 0.93689852952957164 0.78441622853279125 0.63333335518836986 0.23013871163129809 2.5000000000000004 1.0000000180025095e-35 0.63333335518836986 1.0000000180025095e-35 6.5000000000000009 0.75068005919456493 0.82085561752319347 0.82063376903533947 0.58637267351150524
decision_type=2 2 2 2 2 2 2 2 2 2 2 2 2 2 2 2 2 2 2 2 2 2 2 2 2 2 2 2 2 2
left_child=1 15 3 5 12 -3 7 11 -7 -6 13 -2 -5 22 -15 16 17 -1 20 -20 -18 27 -4 -19 25 -9 -26 28 -17 -29
right_child=6 2 10 4 9 8 -8 24 -10 -11 -12 -13 -14 14 -16 21 18 23 19 -21 -22 -23 -24 -25 26 -27 -28 29 -30 -31
leaf_value=-0.04913000854367934 0.018297575082582413 -0.068861711339370524 -0.0050731640181971424 0.2961780768438308 -0.048681998403166893 -0.080895202342965877 0.07053076545563576 -0.28173666986015788 0.1045727825335887 -0.013012370522118072 0.077341886691377676 -0.11262541579434332 0.019874569571980555 -0.062005553281975871 0.036547695612456368 0.00038939752021630128 -0.015512355191425133 0.10357513924076717 0.039808719819898399 -0.014257290791155924 0.06187231645764156 0.096091383101129219 0.035959334550294597 0.0088692082364247114 -0.22603960903680456 0.0065189445228499713 0.047731138421292306 0.13979762747220301 -0.041609361532676407 0.011677933537325743
leaf_weight=26.118978923244867 257.84368535131216 84.288360543665476 242.71870478661731 0.63511388876940955 62.744404677767307 3.1316319166216982 26.393614632426761 1.7565420763567083 5.3321458576247096 169.11798601550981 8.3782159578986448 3.1815141597762695 48.063182071084157 27.679043712094426 8.8894044286571425 386.67626909882529 11.225938598741775 5.1472518518567076 42.817762684542686 42.8044378682971 53.059952084557153 4.9108213944127774 28.43420698447153 32.004348203539848 0.75819759978912804 0.92892871052026738 2.4445939105935395 4.0298068812116972 29.500066240783781 10.60273754224181
leaf_count=6117 6559 65864 2108 157 11199 1000 3474 29 94 4370 503 36 5479 428 136 37372 1845 38 820 1213 1829 98 980 175 12 28 56 74 298 180
internal_value=-0.000654231 -0.00504 -0.0153233 -0.0257473 -0.0146557 -0.0592976 0.0193573 0.014297 0.0359489 -0.0226649 -0.00301252 0.0167018 0.0234781 -0.0052003 -0.0380483 0.00588529 0.017529 -0.00736907 0.0280375 0.0127799 0.048359 0.00018855 -0.000770328 0.0219905 -0.0923067 -0.182026 -0.0170787 -0.000904653 -0.00258762 0.0469621
internal_weight=1631.62 1338.31 689.412 373.313 280.561 92.7521 293.307 266.913 8.46378 231.862 316.1 261.025 48.6983 307.721 36.5684 648.898 213.179 63.2706 149.908 85.6222 64.2859 435.72 271.153 37.1516 5.88826 2.68547 3.20279 430.809 416.176 14.6325
internal_count=152571 142377 92318 88163 21205 66958 10194 6720 1094 15569 4155 6595 5636 3652 564 50059 12037 6330 5707 2033 3674 38022 3088 213 125 57 68 37924 37670 254
is_linear=0
shrinkage=0.08


Tree=69
num_leaves=31
num_cat=0
split_feature=7 2 2 7 15 0 11 13 18 8 21 15 5 3 12 7 1 13 1 4 12 8 4 2 8 5 1 5 1 3
split_gain=25.1759 20.8402 18.861 18.0686 16.4705 19.0567 17.1713 17.1381 16.788 16.0378 13.9683 13.5121 13.093 16.7301 12.6695 11.503 11.254 10.7491 9.88611 24.6054 9.40564 8.83401 7.75691 7.74442 16.6445 8.55688 7.57897 7.47207 8.53671 6.31804
threshold=0.54788359999656688 0.86526826024055492 0.27639257907867437 0.32274965941905981 1.0000000180025095e-35 0.9364452362060548 0.63260677456855785 0.98227471113204967 1.0000000180025095e-35 12.500000000000002 0.7644280493259431 1.5000000000000002 0.58571431040763866 0.95861870050430309 0.96712303161621105 0.51806527376174938 0.48683299124240881 0.95811167359352123 0.73861283063888561 0.57738095521926891 0.3003759384155274 3.5000000000000004 0.064583335071802153 0.70396453142166149 7.5000000000000009 0.86607143282890331 0.76533168554306041 0.86607143282890331 0.35160160064697271 0.92031747102737438
decision_type=2 2 2 2 2 2 2 2 2 2 2 2 2 2 2 2 2 2 2 2 2 2 2 2 2 2 2 2 2 2
left_child=1 2 3 -1 7 6 27 8 10 11 22 -5 20 -14 -12 -3 -17 23 21 -20 -10 -8 -2 25 -25 -4 -18 28 -6 -29
right_child=4 15 17 9 5 -7 18 -9 12 -11 14 -13 13 -15 -16 16 26 -19 19 -21 -22 -23 -24 24 -26 -27 -28 29 -30 -31
leaf_value=-0.035836365115361868 -0.01044802319325264 0.044794004804907826 -0.050967618424621774 0.051603541381387473 -0.0068366492229282125 0.050526549183234834 0.033156415960072461 0.089493387661270699 0.0055611880397848125 -0.0022818049089459889 -0.0053154779784304086 0.20490107121640033 -0.029732060348915602 0.01258834153703579 -0.15051629124514113 0.12310850524755243 -0.30138619542569478 0.0073362371732951549 0.023994054902316354 -0.14936769998917412 0.049725554579424125 -0.0045905399671127131 -0.066839526320418979 0.0088782099850146772 -0.087500132714054782 0.13927609962478391 -0.020077387776765088 -0.25017103252345968 0.09938316673722368 0.018038423160070833
leaf_weight=45.859429733012803 24.352463529445231 43.159854914876632 174.93235124734929 24.502944807929456 6.1981134067755255 95.486681816633791 55.426235405728221 13.290166286751626 53.878753090277314 43.586226087296382 345.58544924540911 4.3301848022383629 85.393704480899032 199.33426396193681 3.8892210386693469 1.0033228117972606 1.5846832865499894 33.815382967237383 12.075515254866334 9.2558659119531494 72.243399521161336 139.67502501100535 43.492979810165707 44.390447339625098 15.462832816760054 1.5263267137343053 0.99958020588383067 0.81278743734583181 22.138421078794636 1.8224659538827837
leaf_count=5049 5962 1832 58415 2893 1036 7539 2015 208 11016 2799 5350 50 3339 5943 26 42 49 550 429 300 1750 4783 25046 3866 1736 175 60 22 577 55
internal_value=-0.000656096 -0.0171116 -0.0231853 0.00345631 0.00538996 0.0201689 0.00845221 -0.000632372 -0.00207868 0.0283383 -0.0133802 0.0746259 0.00940082 -0.00010411 -0.00693138 0.0333526 -0.104291 -0.0348507 0.000479432 -0.0512291 0.0308588 0.00613298 -0.0465983 -0.0408875 -0.0160207 -0.0493221 -0.192577 0.0641665 0.0761495 -0.064685
internal_weight=1619.51 435.154 388.406 118.279 1184.35 342.891 247.404 841.46 828.17 72.4194 417.32 28.8331 410.85 284.728 349.475 46.7474 3.58759 270.127 216.433 21.3314 126.122 195.101 67.8454 236.312 59.8533 176.459 2.58426 30.9718 28.3365 2.63525
internal_count=152912 77516 75533 10791 75396 16756 9217 58640 58432 5742 36384 2943 22048 9282 5376 1983 151 64742 7527 729 12766 6798 31008 64192 5602 58590 109 1690 1613 77
is_linear=0
shrinkage=0.08


Tree=70
num_leaves=31
num_cat=0
split_feature=16 3 2 4 4 1 4 1 9 1 3 1 4 0 5 4 1 8 0 3 2 11 12 9 8 8 5 4 1 4
split_gain=19.5069 24.7719 17.3969 18.0862 11.9647 35.5597 26.2317 15.6682 14.3349 17.0801 12.4024 11.9202 24.3663 18.1916 22.4333 18.0288 11.8525 11.6555 11.4391 11.2718 10.7391 7.79627 8.35961 6.45496 9.595 9.22756 7.77386 5.74694 5.59349 7.89021
threshold=1.0000000180025095e-35 0.89512962102890026 0.61311829090118419 0.16025641560554507 1.0000000180025095e-35 0.51754924654960643 0.30384616553783422 0.44543650746345526 0.5032467544078828 0.29679679870605474 0.50806662440299999 0.58102023601531994 0.43650794029235845 0.92634469270706188 0.58571431040763866 0.81666666269302379 0.57735043764114391 5.5000000000000009 0.56970179080963146 0.87026646733284008 0.46780878305435186 0.63920342922210704 0.44220647215843206 0.94174209237098705 1.5000000000000002 1.0000000180025095e-35 0.43650794029235845 0.11805555596947671 0.50384616851806652 0.11805555596947671
decision_type=2 2 2 2 2 2 2 2 2 2 2 2 2 2 2 2 2 2 2 2 2 2 2 2 2 2 2 2 2 2
left_child=2 21 4 16 5 8 -6 10 9 -1 -8 12 18 15 -15 -13 28 -10 -5 -14 -9 22 -2 24 -23 -25 -27 -26 29 -4
right_child=1 -3 3 11 6 -7 7 20 17 -11 -12 13 19 14 -16 -17 -18 -19 -20 -21 -22 23 -24 25 27 26 -28 -29 -30 -31
leaf_value=-0.00026630698163834359 0.049024166161059465 0.068617428018571069 0.099496786699558179 0.2532603608944593 -0.070598694449241259 0.10297427470955928 0.6431557320028658 0.075825300799633871 -0.0076733984312320593 0.14576851030396717 0.040425700457212298 -0.027235837578189707 0.071860378380273995 0.050387228876075198 -0.0027834256604942938 0.09694463108466933 0.091338849442013148 -0.056249061469398225 -0.038607463247447245 0.020194599232057669 -0.056547276060025811 0.091396727100503575 0.38762254130573176 0.020923971512283496 0.010469035896029632 -0.055944349488879518 -0.22676534899377093 -0.027791957321371744 -0.06205876164489274 -0.090785663089620383
leaf_weight=64.764896827517077 17.251726096379574 52.236638081842102 4.8228022008552198 0.87618834635941212 73.528190006210934 16.975106140947901 0.22026396321598696 4.5874755289987688 58.954901241639163 5.566307032306212 27.193326282373164 238.70163216179935 37.439818860904779 57.028548569476698 463.80597987276269 7.7245225119404486 22.916530053829774 68.166867640684359 44.869695686968043 97.151679504604544 27.055644413630944 8.3704097935697046 0.47962901252321799 9.2660676640807651 141.77878384297946 9.8408992550685053 2.0623655836097905 30.536273462930694 5.8953751142253168 1.9620609065168535
leaf_count=9390 1920 7912 139 120 40212 313 37 303 15169 393 3299 13268 1188 1051 14144 198 502 19326 8164 3621 3408 247 26 415 5241 501 155 1417 224 389
internal_value=-0.000426436 0.0191019 -0.00441697 0.00101828 -0.0198167 -0.00813589 -0.038708 0.000997296 -0.0176881 0.0112915 0.0452685 -0.00108471 0.0174228 -0.00543472 0.00303847 -0.0233433 0.0570006 -0.0337213 -0.0330172 0.0345667 -0.0373565 0.0073228 0.0581832 0.00285512 0.00775188 -0.03894 -0.0855409 0.00368873 -0.00505774 0.0444705
internal_weight=1602.03 271.823 1330.21 983.195 347.013 214.428 132.585 59.0567 197.453 70.3312 27.4136 947.598 180.337 767.261 520.835 246.426 35.5968 127.122 45.7459 134.591 31.6431 219.586 17.7314 201.855 180.685 21.1693 11.9033 172.315 12.6802 6.78486
internal_count=152692 17834 134858 43008 91850 44591 47259 7047 44278 9783 3336 41754 13093 28661 15195 13466 1254 34495 8284 4809 3711 9922 1946 7976 6905 1071 656 6658 752 528
is_linear=0
shrinkage=0.08


Tree=71
num_leaves=31
num_cat=0
split_feature=17 21 14 11 14 16 21 2 9 7 1 19 12 2 1 12 13 4 15 11 3 3 4 3 21 1 7 19 14 9
split_gain=22.2159 22.7587 23.5392 15.0541 13.7131 13.0526 11.5429 10.2013 10.7983 9.09408 10.7853 9.43576 8.68474 8.64645 10.754 8.16106 26.3339 7.2261 7.1988 15.8067 7.69947 7.04184 14.2381 7.21898 6.43518 6.24282 6.01406 5.95489 5.66015 5.13739
threshold=1.0000000180025095e-35 0.83008873462677013 0.17445652186870578 1.0000000180025095e-35 0.81534090638160717 1.0000000180025095e-35 0.79462140798568737 0.91704893112182628 0.73727351427078258 0.51387086510658275 0.11200716719031335 3.5000000000000004 0.82875940203666698 0.90443575382232677 0.13397436589002612 0.88583961129188549 0.96820342540740978 0.30384616553783422 1.0000000180025095e-35 0.95103347301483165 0.73746865987777721 0.52479505538940441 0.11805555596947671 0.13079115748405459 0.59437337517738353 0.32282878458499914 0.3537037074565888 2.5000000000000004 0.8441295623779298 0.70412456989288341
decision_type=2 2 2 2 2 2 2 2 2 2 2 2 2 2 2 2 2 2 2 2 2 2 2 2 2 2 2 2 2 2
left_child=4 2 3 6 7 15 27 8 12 13 24 -12 26 14 -4 18 28 -8 20 -20 -3 23 -23 -10 -11 -14 -1 -2 -17 -18
right_child=1 5 9 -5 -6 -7 17 -9 21 10 11 -13 25 -15 -16 16 29 -19 19 -21 -22 22 -24 -25 -26 -27 -28 -29 -30 -31
leaf_value=-0.015074078308326378 -0.039488177415915759 -0.062835357214828719 0.0084680773372900458 -0.070644651966243796 0.053868582103941208 0.056947168655199346 -0.080952684840968278 0.027880652061647134 0.58301891302001574 -0.027576642560862018 -0.011128016940351175 0.039036208447998287 -0.063123476803508563 0.059634363227396223 -0.043134386872600204 -0.089791032528543549 0.10287802906769869 0.20102732084532815 0.045464251242088576 -0.25692885519189035 0.0040214181211109968 0.06213282029155752 -0.0065945971359221605 -0.039759826469414103 0.18579425690733797 0.01137789568899358 0.025308325635446216 0.4949077660663293 0.020304331649719294 0.014890642826322719
leaf_weight=26.720936975907534 6.9800617056898755 11.542254074476658 33.71196980267996 78.157354951777961 42.546333215199411 28.730118756648153 0.72464751498773727 126.22197305841837 0.11948096915148099 1.2776275421492744 158.83290747966385 28.268702260684222 14.453960212413223 7.0502453499939284 110.79012286214856 26.594943952746693 5.6545179300010231 2.9470413979142904 39.937302500940859 1.1378315896727134 245.65892108622938 20.633334475569427 296.71325752622215 39.533187054970767 3.0986177956219763 14.339841434266416 202.26429729466327 0.13605390721932042 3.3669786984100929 17.061710088979453
leaf_count=5167 1053 293 2611 66151 1374 4073 71 6001 10 95 6440 541 107 174 12386 249 43 40 866 15 1926 889 15551 8557 102 183 17442 3 63 254
internal_value=9.2166e-05 -0.00918379 -0.0217429 -0.0584171 0.00970094 0.00510496 0.0301709 0.00716495 0.00291175 -0.0122335 -0.000645086 -0.00354883 0.015389 -0.0268749 -0.0310957 0.000861011 -0.028168 0.145376 0.00598778 0.0370876 0.00102113 -0.00609769 -0.00212606 -0.0378833 0.123501 -0.0260204 0.020596 -0.029271 -0.077419 0.0367924
internal_weight=1595.21 811.66 431.975 88.9452 783.547 379.685 10.7878 741 614.778 343.03 191.478 187.102 257.779 151.552 144.502 350.954 52.6782 3.67169 298.276 41.0751 257.201 356.999 317.347 39.6527 4.37625 28.7938 228.985 7.11612 29.9619 22.7162
internal_count=152730 97449 89667 67318 55281 7782 1167 53907 47906 22349 7178 6981 22899 15171 14997 3709 609 111 3100 881 2219 25007 16440 8567 197 290 22609 1056 312 297
is_linear=0
shrinkage=0.08


Tree=72
num_leaves=31
num_cat=0
split_feature=14 7 4 2 3 11 4 1 4 1 11 8 11 14 5 4 8 4 12 12 8 13 1 5 12 12 8 11 2 1
split_gain=17.1586 19.0771 16.705 16.0675 18.0742 14.9302 12.9119 20.5159 17.2067 14.2602 12.767 12.6952 11.8058 11.6077 11.5654 18.2835 13.7561 10.0513 8.21524 8.98303 7.30783 7.30685 13.5846 13.2522 6.93071 6.92995 6.66537 9.00278 6.66246 6.59784
threshold=0.49074074625968939 0.60050505399703991 0.88194444775581371 0.90443575382232677 0.19433516263961795 0.79780694842338573 0.064583335071802153 0.35781671106815344 0.240384615957737 0.63714733719825756 0.85993880033493053 12.500000000000002 0.68128567934036266 0.056349206715822227 0.58571431040763866 0.61250001192092907 2.5000000000000004 0.78888890147209179 0.24336075037717822 0.23263127356767657 2.5000000000000004 0.72018960118293773 0.40862709283828741 0.86607143282890331 0.10733487084507944 0.65235814452171337 23.500000000000004 0.82649993896484386 0.49295215308666235 0.55456349253654491
decision_type=2 2 2 2 2 2 2 2 2 2 2 2 2 2 2 2 2 2 2 2 2 2 2 2 2 2 2 2 2 2
left_child=1 3 5 4 10 11 7 26 9 -8 24 18 13 -9 16 -16 -10 -7 19 -2 -11 23 -23 -6 -1 -12 28 -28 -3 -14
right_child=2 6 -4 -5 21 17 8 12 14 20 25 -13 29 -15 15 -17 -18 -19 -20 -21 -22 22 -24 -25 -26 -27 27 -29 -30 -31
leaf_value=0.34417918928134617 0.0081003515224757211 -0.049168262309157759 0.080791358693332108 0.037521485023028614 -0.052373017444435281 0.001006312847550486 -0.074343287471266978 -0.068644027890324436 0.04085242918525079 -0.072888654067157305 0.26165823236991609 -0.016124859741556957 -0.032466908696262869 0.12354279289841365 -0.029821925215104912 0.0033176028903666639 -0.0055931138682387485 -0.060857639297094507 0.044918922133835533 -0.17287393395801295 0.16707402638963548 0.018718383112521973 -0.066783081091205607 0.060841838454562785 -0.0065995950914907219 0.067091945324934218 0.0027736496768499784 0.33413382478447778 0.087788592981968908 0.075658261900072341
leaf_weight=0.37151561782229947 22.048189738765362 21.152889431570664 20.549823368899524 22.875345823995303 154.45078488101717 350.04125642916188 32.932272466714494 2.2197457880829488 80.189027046377305 1.1927189428824925 2.207632388919591 36.626945164985955 8.3628546019317564 21.418540768034291 157.38126472011209 329.8816087913001 83.110817875480279 17.656302750110626 122.44927214807831 1.9072139943018545 2.5461326063959859 32.253236226737499 18.839173205662519 6.9131752607645458 12.144626990368122 2.496451148763299 1.7292365725152188 0.75337311287876207 2.5469649441656648 6.3576387073844662
leaf_count=17 468 4731 3698 860 77178 7134 15220 677 3721 44 25 538 168 476 8709 11998 8463 394 2322 48 32 1927 262 916 1988 22 246 15 180 226
internal_value=-0.00109774 -0.00739416 0.00997158 -0.0264171 -0.0327852 0.00732902 -0.00100359 0.0332081 -0.00421656 -0.057534 0.0460421 0.0259987 0.0704722 0.105496 -0.00121115 -0.00738615 0.0172142 -0.0019643 0.0365369 -0.00630795 0.0905243 -0.0391744 -0.0128084 -0.0475227 0.00381254 0.158402 -0.0213858 0.103328 -0.0344498 0.0142313
internal_weight=1575.61 1004.33 571.279 252.552 229.677 550.729 751.775 64.5412 687.234 36.6711 17.2202 183.032 38.3588 23.6383 650.563 487.263 163.3 367.698 146.405 23.9554 3.73885 212.456 51.0924 161.364 12.5161 4.70408 26.1825 2.48261 23.6999 14.7205
internal_count=152703 138101 14602 83195 82335 10904 54906 6719 48187 15296 2052 3376 1547 1153 32891 20707 12184 7528 2838 516 76 80283 2189 78094 2005 47 5172 261 4911 394
is_linear=0
shrinkage=0.08


Tree=73
num_leaves=31
num_cat=0
split_feature=14 4 17 12 14 0 4 3 8 2 1 11 9 12 9 9 8 12 14 3 1 21 3 11 2 19 5 0 12 15
split_gain=18.9467 15.3568 14.3888 14.838 26.5402 8.60474 20.0946 18.7592 14.5748 12.98 8.22457 7.9116 8.79899 8.50348 6.57341 10.341 18.2394 11.4613 10.0794 9.32781 12.357 6.89325 6.889 6.74884 6.33218 6.10409 11.2975 6.41451 5.76973 5.69143
threshold=0.49074074625968939 0.86607143282890331 1.0000000180025095e-35 0.12135372683405878 0.17445652186870578 0.9384731948375703 0.67948719859123241 0.93127068877220165 7.5000000000000009 0.83424907922744762 0.64126753807067882 0.89525863528251659 0.37965516746044164 0.41797162592411047 0.97801932692527782 0.73727351427078258 7.5000000000000009 0.73541563749313366 0.053342817351222045 0.54433220624923717 0.15450928360223773 0.93689852952957164 0.19433516263961795 0.85993880033493053 0.20373573154211047 1.5000000000000002 0.43650794029235845 0.89117714762687694 0.18577750027179721 2.5000000000000004
decision_type=2 2 2 2 2 2 2 2 2 2 2 2 2 2 2 2 2 2 2 2 2 2 2 2 2 2 2 2 2 2
left_child=2 5 14 24 -5 6 7 10 -8 -10 -2 13 -13 -6 15 16 17 -1 21 22 -21 -16 -17 -18 -4 27 -27 -26 -20 -9
right_child=1 -3 3 4 11 -7 8 29 9 -11 -12 12 -14 -15 18 19 23 -19 28 20 -22 -23 -24 -25 25 26 -28 -29 -30 -31
leaf_value=0.083536500000169239 0.0062924493373684269 0.080733907368093535 0.32206196846728447 -0.071893785695755955 0.0020478776124359869 0.029435344321616343 0.028213786758916816 0.05390179625570643 -0.056070701276205399 -0.19696336208545659 -0.025911323384887473 0.2473298917916639 0.020257083402685758 -0.032638803671577607 -0.061537773457228787 0.14624362839824825 -0.0078838048038636904 -0.092540849258942098 0.11629275431229186 0.44674668234596149 -0.0088928373444938629 0.010024238394701342 -0.067642435301358189 0.036790583498939822 0.031011474255904475 -0.061260714347048779 0.044112596718138379 -0.018506150727388326 0.03227052128536357 -0.071017215557440477
leaf_weight=27.660491217800885 299.35373685276136 19.321916715009138 0.39285386062692751 70.526457357918844 70.939445329364389 99.622252041008323 7.9601871632039574 58.285527035593987 13.3262478094548 6.1006286847405127 61.117464162874967 1.164730049669745 17.526431090198457 124.82145649718586 12.157776271866167 1.0035617346293317 119.39609235012904 2.5872629000805309 5.7932363667059681 0.38151660183211689 250.28889571991749 29.560282729566097 24.303820503642783 26.432961898623034 20.47673763911007 7.9112409838708109 36.811703631072305 91.812029730994254 53.851404060202185 2.4316143230535081
leaf_count=2369 4255 3760 25 63717 9356 3335 213 1459 193 40 1320 11 333 10297 2397 70 19248 30 200 111 14012 188 8171 379 2402 1045 390 889 2221 91
internal_value=-0.00102837 0.0106378 -0.00767707 -0.0184329 -0.0293217 0.00816719 0.00344383 0.00776147 -0.0629577 -0.100315 0.000832338 -0.0153211 0.034407 -0.0200691 0.000920753 -0.00320784 0.0119404 0.0684756 0.0193334 -0.0128726 -0.00819936 -0.0108309 -0.0591608 0.000213871 0.00128117 0.000478551 0.0254726 -0.00947622 0.0404315 0.048899
internal_weight=1563.32 567.52 995.8 442.383 284.979 548.198 448.575 421.188 27.3871 19.4269 360.471 214.452 18.6912 195.761 553.417 452.055 176.077 30.2478 101.363 275.978 250.67 41.7181 25.3074 145.829 157.405 157.012 44.7229 112.289 59.6446 60.7171
internal_count=152527 14666 137861 88465 83714 10906 7571 7125 446 233 5575 19997 344 19653 49396 44390 22026 2399 5006 22364 14123 2585 8241 19627 4751 4726 1435 3291 2421 1550
is_linear=0
shrinkage=0.08


Tree=74
num_leaves=31
num_cat=0
split_feature=19 17 21 0 9 2 3 9 8 4 9 8 9 7 13 12 1 0 21 7 21 13 4 8 9 12 12 13 9 7
split_gain=15.8039 12.4569 13.6541 10.1157 8.71455 8.22869 10.6745 7.86819 7.50116 6.11129 6.48211 7.9271 10.7918 10.5585 5.94604 6.42596 8.85884 6.23461 8.30333 6.73982 5.45667 10.424 9.22225 4.34408 4.19487 4.12651 9.82183 3.48725 4.53995 3.48512
threshold=3.5000000000000004 1.0000000180025095e-35 0.62388971447944652 0.43413865566253668 0.29217478632926946 0.33137255907058721 0.35229477286338812 0.4246212244033814 27.500000000000004 0.88194444775581371 0.46737588942050939 9.5000000000000018 0.65039682388305675 0.55012077093124401 0.99773755669593822 0.85773810744285595 0.35355392098426824 0.45786494016647344 0.61795666813850414 0.54994553327560436 0.81478756666183483 0.98227471113204967 0.057189542800188072 17.500000000000004 0.58658170700073253 0.64395171403884899 0.63521462678909313 0.72767147421836864 0.24283374845981601 0.34484127163887029
decision_type=2 2 2 2 2 2 2 2 2 2 2 2 2 2 2 2 2 2 2 2 2 2 2 2 2 2 2 2 2 2
left_child=1 14 3 5 25 7 -7 -3 9 10 29 12 -12 -13 15 17 -17 18 -1 -19 22 -22 -6 -16 -18 26 -4 -5 -29 -2
right_child=8 2 4 27 20 6 -8 -9 -10 -11 11 13 -14 -15 23 16 24 19 -20 -21 21 -23 -24 -25 -26 -27 -28 28 -30 -31
leaf_value=0.022909190018842365 -0.0097888711353172082 0.057501098931573166 0.11426327073804433 -0.072406741105136327 -0.001048663244268328 0.78637916115465301 0.10602372528167901 -0.056871042438369754 -0.10661594030873907 0.060371712257378744 0.1010649671295516 -0.073783031326683762 0.014525037689292477 0.0074145813870985147 0.10915617866239986 -0.09024215402474757 0.12790511550710021 -0.01427360603784603 0.14981131238321582 0.0074434676609561393 -0.0048182114431053608 0.073163318037474986 -0.031582188234503546 0.0041929468190544409 -0.010479374768518982 0.038491530338871101 0.69802718233954864 0.26729815513225547 -0.031885872703386123 0.082790267542853804
leaf_weight=17.503840828547258 3.2639561956748393 7.1778631688212053 2.0997179475380103 42.52860135899391 115.82873032451607 0.18450762913562435 0.73760570911690593 8.3021455536945705 3.1106370659545055 20.460978711955249 9.7253626226447505 14.734553684131241 178.30588111304678 33.670512625947595 5.8862535310909134 11.07505607744679 1.5582598242908705 114.94208833231824 4.0664721028879276 447.65753077442059 302.3642139241565 11.383661426836623 139.62204298807774 4.417199098970741 13.973387602949513 5.6549845840781927 0.20222336798906315 0.33390696533024211 11.651656594360245 12.839221002301199
leaf_count=1734 36 750 332 37829 12348 64 148 1397 38 3486 210 350 5231 617 103 94 18 22558 36 25311 3720 489 34709 62 258 50 2 8 453 242
internal_value=-0.000432247 -0.00420584 -0.0119648 -0.0450919 -0.00789436 0.00999139 0.242157 -0.00383828 0.0169132 0.0183207 0.0149137 0.0115688 0.0190011 -0.0173021 0.00389027 0.0028736 -0.035576 0.00462483 0.046833 0.00300655 -0.00905663 -0.00198882 -0.0177374 0.0641573 0.00340447 0.0752485 0.165546 -0.0616652 -0.0235509 0.0640254
internal_weight=1545.26 1269.15 648.072 70.9163 577.156 16.4021 0.922113 15.48 276.111 273 252.539 236.436 188.031 48.4051 621.08 610.777 26.6067 584.17 21.5703 562.6 569.199 313.748 255.451 10.3035 15.5316 7.95693 2.30194 54.5142 11.9856 16.1032
internal_count=152683 142473 92299 40649 51650 2359 212 2147 10210 10172 6686 6408 5441 967 50174 50009 370 49639 1770 47869 51266 4209 47057 165 276 384 334 38290 461 278
is_linear=0
shrinkage=0.08


Tree=75
num_leaves=31
num_cat=0
split_feature=19 7 5 19 3 2 2 2 2 9 4 1 7 14 1 4 4 15 4 1 0 19 7 12 19 4 12 9 4 4
split_gain=13.6767 10.0708 16.5481 27.9819 19.2781 15.8256 15.6917 14.8478 21.5792 14.4673 11.0009 9.62069 12.7423 9.31981 9.07688 16.0753 10.8835 8.54033 8.4553 20.1877 14.9969 8.2967 8.09181 8.28827 6.98155 10.6223 6.76467 6.40462 6.26152 6.14095
threshold=3.5000000000000004 0.54788359999656688 0.52777779102325451 1.5000000000000002 0.96580946445465099 0.39052423834800726 0.82793453335762035 0.79277813434600841 0.28730159997940069 0.38673019409179693 0.064583335071802153 0.50384616851806652 0.31574073433876043 0.4220647811889649 0.56306818127632152 0.4083333313465119 0.10555555671453477 1.5000000000000002 0.57738095521926891 0.73861283063888561 0.97143357992172252 1.5000000000000002 1.0000000180025095e-35 0.12135372683405878 1.5000000000000002 0.73214286565780651 0.31047543883323675 0.63299319148063671 0.88194444775581371 0.81666666269302379
decision_type=2 2 2 2 2 2 2 2 2 2 2 2 2 2 2 2 2 2 2 2 2 2 2 2 2 2 2 2 2 2
left_child=1 7 3 5 18 9 13 8 22 -3 -7 -9 26 -5 15 -10 -16 -8 20 -20 -4 -14 27 -24 -6 -26 -13 -1 29 -2
right_child=28 2 4 6 24 10 17 11 14 -11 -12 12 21 -15 16 -17 -18 -19 19 -21 -22 -23 23 -25 25 -27 -28 -29 -30 -31
leaf_value=-0.0037438876620568 0.014343556594187417 0.055724415344243577 -0.061127537313682971 -0.04356887276112361 -0.0081471440033247418 0.069846215635464781 0.063092231914354938 0.08247482746313739 -0.043240439991860641 -0.054531968724415986 0.027671442061444101 0.078483650678964942 -0.10390213504820814 -0.0029099079103520986 0.094652845584820927 0.039581693624645191 -0.10469505669087266 -0.13975978528509767 0.051078946245751607 -0.042423286332944982 0.059355771471208865 0.0090733037964121164 0.24369183938901251 0.018232112569475139 0.041023431610380551 -0.0024318826620031422 -0.0026371760073103747 -0.075870504186285562 0.058592411871616248 -0.066051603542141873
leaf_weight=27.984352996834787 249.68401419813745 11.212478807021396 74.766929630714003 67.919673677155515 231.41953527944861 54.430456735077314 20.846276499272793 12.868308237695599 131.1428765564051 23.749702089262428 145.10378419156768 13.288791365805084 8.8852638468961249 76.968094508163631 1.9132221350446368 16.935289239685517 20.900848384480923 1.4186962968669821 21.814474890707061 45.816914226859808 7.253385283634997 7.8231680801254688 1.0603083157329809 65.955328787793405 57.571846686128993 96.085366465558764 13.029878787056075 10.967057013534939 20.25485199643299 6.2325175923760971
leaf_count=3576 6527 1040 5156 13790 10769 4445 706 620 53757 7032 16522 964 1044 1401 29 1576 4598 78 544 1294 137 201 118 6978 1027 2676 198 2297 3482 126
internal_value=-0.000359341 -0.00387017 0.000378028 0.0126491 -0.00883909 0.0304767 -0.0123611 -0.0158247 -0.0234178 -0.0191724 0.0391762 0.0217851 0.00363433 -0.0219698 -0.0410052 -0.0337683 -0.0879774 0.0501668 -0.0332053 -0.0122642 -0.0504727 -0.0510051 0.00494538 0.0217993 0.000630311 0.0138498 0.0383223 -0.0240517 0.0157745 0.0123856
internal_weight=1545.3 1269.13 936.378 401.649 534.728 234.496 167.153 332.755 276.859 34.9622 199.534 55.8954 43.0271 144.888 170.892 148.078 22.8141 22.265 149.652 67.6314 82.0203 16.7084 105.967 67.0156 385.077 153.657 26.3187 38.9514 276.171 255.917
internal_count=152708 142573 66617 45014 21603 29039 15975 75956 72929 8072 20967 3027 2407 15191 59960 55333 4627 784 7131 1838 5293 1245 12969 7096 14472 3703 1162 5873 10135 6653
is_linear=0
shrinkage=0.08


Tree=76
num_leaves=31
num_cat=0
split_feature=2 16 4 1 4 1 1 0 2 7 0 1 4 0 4 14 13 12 1 4 8 2 21 21 14 13 7 7 4 4
split_gain=13.1541 22.1874 14.2068 42.8161 33.3545 22.703 12.4663 13.179 10.6335 10.159 12.4446 11.5685 9.22959 11.34 16.2752 8.89289 8.67162 13.8214 7.59612 7.48123 6.80393 8.24349 6.49889 5.87845 5.51785 5.79018 5.34609 10.3737 41.7289 7.40393
threshold=0.60495716333389293 1.0000000180025095e-35 1.0000000180025095e-35 0.51754924654960643 0.30384616553783422 0.35355392098426824 0.51389962434768688 0.72222682833671581 0.47114317119121557 1.0000000180025095e-35 0.43413865566253668 0.3312236368656159 0.47222222387790685 0.59337350726127636 0.11805555596947671 0.2788888961076737 0.97329768538475048 0.90645834803581249 0.50384616851806652 0.080128207802772536 7.5000000000000009 0.71892556548118602 0.89572793245315563 0.60760825872421276 0.85357144474983226 0.85258609056472789 0.97321429848670971 0.94226190447807323 0.19090909510850909 0.21825397014617923
decision_type=2 2 2 2 2 2 2 2 2 2 2 2 2 2 2 2 2 2 2 2 2 2 2 2 2 2 2 2 2 2
left_child=2 6 3 9 22 -6 12 24 -7 -1 15 -12 13 14 -2 -11 17 -9 -10 -15 -14 -22 -4 -3 25 -8 27 29 -29 -25
right_child=1 23 4 -5 5 8 7 16 18 10 11 -13 20 19 -16 -17 -18 -19 -20 -21 21 -23 -24 26 -26 -27 -28 28 -30 -31
leaf_value=-0.036489888293789526 1.0177448539691196 0.52054789826713721 -0.075042566186593371 0.097599308678359142 0.099655693581190391 0.073034865861313941 -0.05376515649874581 -0.00045134337527703172 -0.00040486975174909665 0.15627101060462542 -0.019831857820276404 0.021453597827660226 0.059036061214361668 0.06904487249874397 0.11957670356140772 0.028788187458809938 0.052161809410400134 -0.058605353223157144 -0.067509251355048164 -0.040118630473537732 0.027315270521264541 -0.10196840895803455 0.11434715570756591 0.076320843427482896 0.090847704324392514 -0.16109201506471443 0.062337554736179669 0.08083064048404312 -1.0642539519625371 -0.00051801424640925749
leaf_weight=77.367222655826481 0.14445442688884469 0.16577628254890342 69.534724202734651 24.932173884357326 13.57174139091512 7.2174936874071127 10.339730276085904 796.87550246083993 23.046752132795518 4.2288608332746689 168.64468706588377 58.506990507739829 49.597160419973079 4.8446408243034993 1.2163046778878195 20.375535005703568 19.10254274867475 27.043797872960567 20.310634808876785 23.544288267265074 20.172468692704573 3.7420150358811943 1.1792605258524407 12.772535615891682 1.2038958407938469 4.6700372733175746 43.831063573015854 0.75151866651140042 0.27940042223781347 21.594783191161696
leaf_count=15926 6 13 40379 656 1444 601 3678 31375 2652 1167 29797 3446 1630 119 231 313 283 286 2123 5781 896 179 37 660 13 26 7448 89 32 1450
internal_value=-0.00106955 0.00401048 -0.0118952 -0.0034788 -0.0339912 0.00778129 0.000657517 -0.00249874 -0.0168732 -0.0111358 -0.00334422 -0.00919805 0.0269207 -0.010676 0.214924 0.0506992 -0.00112471 -0.00236015 -0.0318397 -0.0214896 0.0421358 0.00708563 -0.0718842 0.0446581 -0.0739408 -0.0871581 0.0436624 0.0205382 -0.229511 0.028039
internal_weight=1530.81 1041.89 488.916 354.055 134.861 64.1466 962.497 859.236 50.5749 329.123 251.756 227.152 103.261 29.7497 1.36076 24.6044 843.022 823.919 43.3574 28.3889 73.5116 23.9145 70.714 79.3951 16.2137 15.0098 79.2293 35.3982 1.03092 34.3673
internal_count=152736 54195 98541 51305 47236 6820 44503 35661 5376 50649 34723 33243 8842 6137 237 1480 31944 31661 4775 5900 2705 1075 40416 9692 3717 3704 9679 2231 121 2110
is_linear=0
shrinkage=0.08


Tree=77
num_leaves=31
num_cat=0
split_feature=19 0 21 4 4 11 17 12 9 12 21 13 14 2 2 2 14 13 11 13 14 2 13 12 3 16 9 9 11 14
split_gain=11.2373 9.10574 15.1512 8.5689 9.27035 8.77901 7.03177 7.45529 8.8391 5.37879 12.1323 6.83764 7.80061 6.20372 11.5391 5.47723 5.13489 12.0597 5.84407 4.53717 11.8494 25.4097 3.78009 9.22915 3.50703 4.19212 3.95461 5.63297 3.68634 3.50488
threshold=3.5000000000000004 0.43413865566253668 0.59360086917877208 0.88194444775581371 0.78888890147209179 0.78481063246727001 1.0000000180025095e-35 0.82063376903533947 0.55291152000427257 0.62554347515106212 0.60608267784118663 0.63185164332389843 0.26201373338699346 0.26158231496810919 0.28187072277069097 0.33137255907058721 0.43874999880790716 0.93362700939178478 0.82184189558029186 0.74637374281883251 0.41277891397476202 0.23132664710283282 0.92876657843589794 0.83889505267143261 0.95861870050430309 1.0000000180025095e-35 0.46737588942050939 0.74388790130615245 0.81365317106246959 0.39696970582008367
decision_type=2 2 2 2 2 2 2 2 2 2 2 2 2 2 2 2 2 2 2 2 2 2 2 2 2 2 2 2 2 2
left_child=1 9 19 4 24 -6 7 8 -4 10 11 15 -13 -11 -15 -1 17 -8 -18 -3 21 -21 23 -7 26 -26 28 -28 -2 -9
right_child=3 2 6 -5 5 22 16 29 -10 13 -12 12 -14 14 -16 -17 18 -19 -20 20 -22 -23 -24 -25 25 -27 27 -29 -30 -31
leaf_value=-0.02727572231372816 -0.023244254058538718 -0.060305816113556454 0.035637744697109841 0.067900600020124546 0.027910808007677441 -0.057273703556288587 -0.015645164110076513 -0.14086907186054726 0.003001391922202713 -0.013343574494638298 0.31980960104355127 0.3361519324803503 0.070642751919405791 0.34925155033401795 -0.020637077566610963 0.2513890690672515 0.015892040647361202 0.14119767187606599 -0.010055944341492415 0.6515925816851893 -0.034769239674958333 -0.082977634496361946 -0.012484263496738739 -0.23416996271487256 0.02374203065689701 0.080530783523004426 -0.020904096437939682 0.015278543615792362 0.068046816901918911 -0.023451647572683691
leaf_weight=7.1258562084985959 3.6465878207236555 38.365008937951643 59.863357710710261 18.377408196101896 9.7278688325313869 9.4498966848477739 358.23434089947841 1.6945296148769546 470.85972277401015 15.973240939842073 1.1218859311193217 0.75896795158041541 10.585107123595661 0.90553739480674211 1.3363410495221613 0.48194618284469459 97.360956350807101 3.1652389848604789 129.35667104297318 0.53041759785264531 7.1438064752146602 0.6979460387956351 5.5346897430717936 2.3587182895280412 55.93252345896326 9.7729693518485856 36.939945693127811 108.18081614119001 12.654966322705148 40.828819854650646
leaf_count=2578 28 31877 5177 3512 244 198 63238 18 33149 158 12 130 271 14 37 280 2039 45 2468 16 174 65 163 57 757 1927 486 2718 97 675
internal_value=0.000432889 -0.00278495 -0.00400227 0.0151469 0.011333 -0.032919 -0.00220502 0.00410019 0.00668264 0.0356243 0.0641869 0.0490549 0.0884065 0.00414722 0.128768 -0.0096226 -0.0083508 -0.0142715 0.00108708 -0.0486618 0.00469622 0.234216 -0.0670384 -0.0926079 0.0166074 0.0321887 0.0102651 0.00606839 0.0476254 -0.0281307
internal_weight=1518.97 1246.39 1208.1 272.576 254.199 27.0712 1161.36 573.246 530.723 38.2889 20.0738 18.9519 11.3441 18.2151 2.24188 7.6078 588.117 361.4 226.718 46.7372 8.37217 1.22836 17.3433 11.8086 227.128 65.7055 161.422 145.121 16.3016 42.5233
internal_count=152608 142421 138941 10187 6675 662 106809 39019 38326 3480 3271 3259 401 209 51 2858 67790 63283 4507 32132 255 81 418 255 6013 2684 3329 3204 125 693
is_linear=0
shrinkage=0.08


Tree=78
num_leaves=31
num_cat=0
split_feature=16 2 14 7 7 2 2 8 1 9 2 5 2 3 9 2 14 7 8 9 1 7 5 15 15 9 19 13 19 11
split_gain=10.9454 20.5806 14.633 11.284 15.9336 13.5313 11.0972 8.98713 8.83073 12.9838 8.90296 7.82742 25.2392 23.1277 6.7186 10.0233 13.9422 9.24826 7.14461 6.6766 8.63809 6.45567 5.4277 5.22407 4.52914 4.28534 4.25728 6.98745 4.28191 4.48774
threshold=1.0000000180025095e-35 0.67962265014648449 0.94281044602394115 0.66708755493164074 0.90042734146118175 0.87585616111755382 0.25158227980136877 6.5000000000000009 0.4205263108015061 0.4803846031427384 0.3464102596044541 0.63333335518836986 0.82426470518112194 0.99450549483299266 0.94174209237098705 0.64326766133308422 0.4629120826721192 0.63968253135681163 1.5000000000000002 0.8532998561859132 0.25962962210178381 0.69484126567840587 0.43650794029235845 1.0000000180025095e-35 1.0000000180025095e-35 0.88603895902633678 11.500000000000002 0.92876657843589794 1.5000000000000002 0.59167259931564342
decision_type=2 2 2 2 2 2 2 2 2 2 2 2 2 2 2 2 2 2 2 2 2 2 2 2 2 2 2 2 2 2
left_child=2 14 3 5 8 6 23 -8 9 -5 -10 12 -6 -13 18 17 -17 -16 25 20 -20 -21 -7 -1 -24 -2 28 -28 29 -3
right_child=1 26 -4 4 11 22 7 -9 10 -11 -12 13 -14 -15 15 16 -18 -19 19 21 -22 -23 24 -25 -26 -27 27 -29 -30 -31
leaf_value=0.032372491006074512 0.2559352367967061 0.097278322701930001 0.090874136946255291 0.089137927563357172 -0.00680079228114979 0.12068202936259984 -0.017531013581729964 -0.049107327573284246 0.37497266084484637 -0.044380683763290171 0.055723617557298932 -0.033959911533327107 0.049647522118690425 0.0010195519122474686 -0.071223410088991454 -0.035086362473060462 -0.52155543928982129 0.074224830461990535 -0.0063642346581805325 -0.069542464114326283 0.033790492724479572 0.042357721788760572 0.0017789815131444809 -0.018810972170161314 0.071278067851600652 0.063180122377679102 -0.86901525947669667 0.080412428316940315 0.06571653351686603 -0.016348010964638771
leaf_weight=28.444636782485759 0.86016655946150322 2.9689058684743932 10.217557796044273 6.7595877174171646 193.88416974360007 3.5188335579005061 129.58149123503244 103.97422059890232 0.56693219282897089 15.015168352576437 40.239919188810745 166.67134148508194 68.640651020687073 441.20195439405506 9.5178861646563728 0.87808388588018604 0.66079931892454624 3.9627013235585755 97.89075906999642 14.09406928822864 52.769187142665032 4.3081868237350127 28.214666750165634 23.148334140656516 7.6224726813379666 5.2043866263702512 0.08424704265780647 0.1206695307046175 49.243216197704896 8.873390097753143
leaf_count=4510 9 67 153 473 24541 50 34383 41326 10 2440 1460 6536 1182 14392 593 16 38 141 4392 918 2247 251 1198 2126 200 173 18 31 8351 495
internal_value=-0.0014528 0.0137948 -0.00447702 -0.00525178 -0.000782432 -0.0181016 -0.0241706 -0.0315881 0.0382069 -0.00293219 0.060159 -0.00358577 0.00795838 -0.00857138 0.000800377 -0.0505489 -0.243977 -0.028468 0.00520427 0.00214386 0.0077001 -0.0433453 0.0258707 0.00940789 0.0165613 0.0905196 0.0541085 -0.309924 0.0553297 0.0121385
internal_weight=1519.14 251.437 1267.7 1257.48 932.98 324.505 285.149 233.556 62.5816 21.7748 40.8069 870.398 262.525 607.873 190.146 15.0195 1.53888 13.4806 175.127 169.062 150.66 18.4023 39.356 51.593 35.8371 6.06455 61.2904 0.204917 61.0855 11.8423
internal_count=152720 17740 134980 134827 51034 83793 82345 75709 4383 2913 1470 46651 25723 20928 8778 788 54 734 7990 7808 6639 1169 1448 6636 1398 182 8962 49 8913 562
is_linear=0
shrinkage=0.08


Tree=79
num_leaves=31
num_cat=0
split_feature=17 7 4 1 8 14 12 13 12 0 14 12 14 2 4 5 3 14 1 19 4 8 12 14 13 3 5 4 1 4
split_gain=13.5554 12.8222 11.5023 11.8505 11.6129 10.6172 14.1369 8.66838 9.5321 7.50561 7.27108 13.346 11.7815 9.91164 7.9786 14.0274 10.6945 6.88766 6.57975 7.84994 6.46673 6.23118 10.0527 13.4157 13.3773 10.7138 24.3872 10.2715 6.17964 22.8827
threshold=1.0000000180025095e-35 0.51387086510658275 0.38750000298023229 0.65261757373809826 7.5000000000000009 0.74456521868705761 1.0000000180025095e-35 0.92508503794670116 0.99568966031074535 0.82810169458389293 0.31414473056793218 0.091287881135940566 0.17445652186870578 0.99450549483299266 0.67948719859123241 0.81666666269302379 0.93957647681236278 0.93095237016677868 0.063164893537759795 1.5000000000000002 0.057189542800188072 4.5000000000000009 0.073427468538284316 0.089572194963693633 0.59424430131912243 0.75905716419219982 0.86607143282890331 0.78888890147209179 0.69309264421463024 0.57738095521926891
decision_type=2 2 2 2 2 2 2 2 2 2 2 2 2 2 2 2 2 2 2 2 2 2 2 2 2 2 2 2 2 2
left_child=17 2 7 4 9 6 -5 18 -9 -4 11 -3 20 14 16 -16 -12 21 19 -2 -13 28 25 24 -24 26 -23 -25 29 -1
right_child=1 10 3 5 -6 -7 -8 8 -10 -11 13 12 -14 -15 15 -17 -18 -19 -20 -21 -22 22 23 27 -26 -27 -28 -29 -30 -31
leaf_value=0.0047783961590788212 -0.012717337991436723 0.0027588936435358762 0.083514209021899946 0.052172641112251616 -0.057424311356642034 0.08249321388380422 -0.11461962998375702 0.017554637974422485 -0.07258309321060416 -0.086853278154212385 0.00017326950396186718 0.00097292252212837014 -0.011274602887905025 0.080886154202874455 -0.069198544861189801 0.01102543124686816 0.038278422367623091 0.049897914969072255 -0.057264935421481672 0.25005831828467495 -0.080682298759171031 0.10487262822548726 -0.076497859603694443 0.0017982511240840441 0.47699989882524207 0.019722530540461115 0.94432636743728671 -0.057275830733267162 0.0050468640432160695 0.074020363633245739
leaf_weight=98.01776712431456 3.3500411322456776 150.50023100362159 19.466329380025861 4.5170466566924068 5.9471037026087279 3.6907695562113068 11.614679835241985 27.617307423613966 10.312199452891944 1.8087554841767985 204.9511161390692 7.5159752068866501 58.049873105774168 10.845687458291648 24.826374954776838 31.83807850186713 61.218349896604195 23.648636389290914 86.62680547038326 0.92942754132673133 35.646861601417186 4.5522451641154467 20.546315917890755 262.3812835267745 0.28331248002359544 44.390961372526363 0.23281419742852438 20.294356311904266 224.27328078198479 44.373895857541356
leaf_count=12013 716 2131 1720 53 1145 113 1152 255 67 88 4297 6542 4434 2236 206 948 1442 666 41188 56 28812 413 17066 13179 21 419 4 257 9721 1488
internal_value=-0.000270549 -0.00777305 -0.0267146 0.0071415 0.0414041 -0.0399113 -0.0679161 -0.0390773 -0.00695183 0.06903 -0.00208208 -0.0123475 -0.0348103 0.00566172 0.00313453 -0.0241231 0.00893736 0.00741652 -0.0524812 0.044353 -0.0664636 0.00601994 -0.00157195 -0.00700864 -0.0689695 0.0319823 0.145716 -0.0024429 0.0133223 0.0263565
internal_weight=1504.27 761.273 175.88 47.0447 27.2222 19.8225 16.1317 128.836 37.9295 21.2751 585.393 251.713 101.213 333.68 322.834 56.6645 266.169 742.995 90.9063 4.27947 43.1628 719.346 352.681 303.505 20.8296 49.176 4.78506 282.676 366.665 142.392
internal_count=152848 97601 46553 4271 2953 1318 1205 42282 322 1808 51048 41919 39788 9129 6893 1154 5739 55247 41960 772 35354 54581 31359 30523 17087 836 417 13436 23222 13501
is_linear=0
shrinkage=0.08


Tree=80
num_leaves=31
num_cat=0
split_feature=4 13 9 1 14 3 13 12 13 15 21 14 12 13 14 3 0 4 1 21 9 1 7 0 16 13 14 12 14 13
split_gain=10.3106 19.1986 9.99791 14.4752 14.5467 12.4333 10.3851 13.8576 8.92605 7.08934 8.58195 5.88342 12.6664 12.5691 15.3667 9.1766 19.1667 6.45209 5.84743 28.5514 12.4968 9.9923 7.75648 6.15309 5.39443 5.33606 6.75085 7.13556 6.28096 5.98122
threshold=0.88194444775581371 0.50101214647293102 0.66915422677993786 0.28165064752101904 0.74456521868705761 0.65733855962753307 0.97329768538475048 0.90645834803581249 0.93362700939178478 1.5000000000000002 0.69283485412597667 0.21807064861059192 0.073427468538284316 0.56148993968963634 0.07275132462382318 0.77849927544593822 0.87111458182334911 0.57738095521926891 0.26138716936111456 0.64532428979873668 0.44136746227741247 0.15450928360223773 0.51124340295791637 0.53214746713638317 1.0000000180025095e-35 0.35493414103984838 0.1863425895571709 0.39818911254405981 0.053342817351222045 0.33415435254573828
decision_type=2 2 2 2 2 2 2 2 2 2 2 2 2 2 2 2 2 2 2 2 2 2 2 2 2 2 2 2 2 2
left_child=2 25 11 5 6 9 7 -5 -6 -4 -11 12 15 -14 -15 16 -1 -17 21 20 -20 22 -13 -23 -21 28 27 -27 -2 -30
right_child=1 -3 3 4 8 -7 -8 -9 -10 10 -12 18 13 14 -16 17 -18 -19 19 24 -22 23 -24 -25 -26 26 -28 -29 29 -31
leaf_value=0.04071178884442736 0.005598084270893219 0.065852288615794813 -0.055322399486072059 -0.0064801636034262158 0.053306298950990164 0.049084978675550721 0.071961134703308866 -0.072198166724665919 0.0038230137880454545 0.07549650048528514 -0.10354505220209813 0.0075986380500936389 -0.059797704414561913 0.75195838767588652 0.028064470276823503 -0.023404329171313028 0.4143532888906693 0.037958069678456101 0.30252835862184901 0.0092115940544217519 0.098639872179096963 0.0029321616283583714 0.0651165879629928 -0.044910050689107042 0.05053994650734029 -0.066752481696181032 0.077907436378028661 0.21181664455688662 0.05687853964994255 0.31259960250353064
leaf_weight=4.2070226327341507 71.679671341378707 41.872973699471913 72.828638436447363 733.77161222381983 42.40592992445454 9.5644019609899242 10.455497884890063 21.12651507765986 51.864699300378561 5.8315463478793372 2.4262734892545268 60.670830117596779 37.177986116264947 0.19143978477222745 9.5489548867917602 21.797404208336957 1.1106064872583372 22.071097510692198 2.8601895783795026 116.81385815155227 5.8776291990070604 36.457604667462874 19.935501852771267 32.57963006477803 24.442331909318455 15.833630045177419 2.8035701817134386 0.61121128359809596 2.2830214202986094 0.78722690418362606
leaf_count=736 1806 5392 29188 58310 1215 958 133 364 2020 319 59 1911 36061 37 2644 294 18 136 105 1528 707 2356 419 2571 1452 1576 83 11 56 27
internal_value=-0.000207083 0.0207961 -0.00232721 -0.0067766 -0.00357026 -0.0371817 -0.00722263 -0.00831934 0.0260822 -0.0473571 0.0228914 0.00835689 -0.00886676 -0.0386036 0.042292 0.019499 0.118748 0.00746829 0.0138811 0.0250438 0.16538 0.00269236 0.0218239 -0.0196452 0.0163629 0.000725121 -0.0368368 -0.0563988 0.0103975 0.122447
internal_weight=1481.89 135.871 1346.02 950.275 859.624 90.6509 765.354 754.898 94.2706 81.0865 8.25782 395.742 96.1045 46.9184 9.74039 49.1861 5.31763 43.8685 299.638 149.994 8.73782 149.644 80.6063 69.0372 141.256 93.9983 19.2484 16.4448 74.7499 3.07025
internal_count=152492 8951 143541 92566 62042 30524 58807 58674 3235 29566 378 50975 39926 38742 2681 1184 754 430 11049 3792 812 7257 2330 4927 2980 3559 1670 1587 1889 83
is_linear=0
shrinkage=0.08


Tree=81
num_leaves=31
num_cat=0
split_feature=8 9 8 9 9 1 4 8 1 3 1 8 9 3 1 3 1 9 13 3 7 21 7 9 8 11 7 11 12 8
split_gain=9.29134 12.9263 13.4782 24.0253 12.9589 24.6757 37.5385 21.9656 16.4964 10.3206 25.6318 9.17529 7.58855 7.53277 7.37882 12.9872 6.99656 6.51328 7.62089 5.9572 5.56696 7.63924 5.29372 5.23763 12.4214 8.16704 6.53031 6.99188 4.48724 3.92504
threshold=27.500000000000004 0.39173060655593878 5.5000000000000009 0.79008570313453685 0.60630899667739879 0.55051019787788402 0.16025641560554507 13.500000000000002 0.44862772524356848 0.73746865987777721 0.64126753807067882 8.5000000000000018 0.93813776969909679 0.72834226489067089 0.23845060169696811 0.49295215308666235 0.73401361703872692 0.24283374845981601 0.81705284118652355 0.40936473011970526 0.62275132536888134 0.71571928262710582 0.3735449761152268 0.38673019409179693 13.500000000000002 0.94361305236816417 0.51124340295791637 0.82649993896484386 0.61027953028678905 11.500000000000002
decision_type=2 2 2 2 2 2 2 2 2 2 2 2 2 2 2 2 2 2 2 2 2 2 2 2 2 2 2 2 2 2
left_child=1 14 3 13 7 19 -7 11 -9 12 -11 -4 -5 22 23 20 -15 18 -2 -6 21 -16 -3 26 -25 -26 28 -28 -1 -17
right_child=17 2 4 9 5 6 -8 8 -10 10 -12 -13 -14 16 15 29 -18 -19 -20 -21 -22 -23 -24 24 25 -27 27 -29 -30 -31
leaf_value=0.034592918687020739 -0.087770696097052445 0.0022186900568640518 0.08036999347561205 -0.0041618013552784253 -0.075577767007180871 0.11168004273061875 -0.012613753017520562 -0.047437866357629303 0.02416083135232857 0.040663975290550942 -0.002058209422497773 0.020209060403689569 -0.040431253770542457 0.0033914480794124619 0.21833846518975808 0.14695765798058075 0.051732432506511342 -0.096379078507342175 0.069497335752510755 -0.036691530601644866 0.090487259184183724 0.57992460514914901 0.093516677922826266 0.4200712938835085 -0.092324742519748121 0.36206726913830151 0.010209959300903753 0.10309888773813544 -0.023251009094975052 0.00052396180174205218
leaf_weight=13.904515854053896 3.5614839844056432 4.9273745192331289 20.05932173828478 109.62398268666584 35.998005318280775 16.733476189372595 220.05997760032187 58.28108383709332 31.849552441737615 111.83329546023742 457.80003446084447 84.866775848728139 55.667482311604545 35.941638121497817 1.9522870134096582 1.479178451496409 41.043167121941224 10.600313252973136 4.4185211043804884 84.159219694382045 1.4784680804586967 0.4625394707545637 23.213563680445077 0.71106744656572063 1.1099616606370544 0.32794980704784382 10.725313202827239 10.041822237602899 22.427022208517883 5.6320281205407809
leaf_count=2648 512 1060 1307 24254 11949 586 10584 15150 2424 6062 22213 9576 11537 1473 137 107 1359 1556 37 22265 147 4 2684 34 182 2 1157 124 242 1313
internal_value=0.0009336 0.00164789 -4.18058e-05 0.00633931 -0.00975266 -0.0188137 -0.00383029 0.00682892 -0.022137 0.00122244 0.00632923 0.0317104 -0.0163768 0.0421109 0.0351295 0.095289 0.0291636 -0.0552825 -0.000691539 -0.0483415 0.212745 0.287597 0.0775307 0.0239556 0.146564 0.0113101 0.0193411 0.0551258 -0.00111344 0.0309831
internal_weight=1480.89 1462.31 1392.06 840.051 552.007 356.951 236.793 195.057 90.1306 734.925 569.633 104.926 165.291 105.126 70.2522 11.0045 76.9848 18.5803 7.98001 120.157 3.89329 2.41483 28.1409 59.2477 2.14898 1.43791 57.0987 20.7671 36.3315 7.11121
internal_count=152685 150580 144483 70642 73841 45384 11170 28457 17574 64066 28275 10883 35791 6576 6097 1708 2832 2105 549 34214 288 141 3744 4389 218 184 4171 1281 2890 1420
is_linear=0
shrinkage=0.08


Tree=82
num_leaves=31
num_cat=0
split_feature=18 19 8 9 8 9 8 14 8 9 3 9 2 12 12 11 14 11 4 7 14 12 5 2 19 1 4 8 9 4
split_gain=8.81696 8.18363 7.5248 19.428 16.544 9.83069 8.99374 8.76137 7.7179 7.54716 7.05472 7.05133 9.75984 7.96082 6.43886 6.00487 28.6517 9.70596 10.5713 6.95526 5.7539 17.5549 5.45343 6.32282 5.98751 5.34979 5.17952 5.17745 9.17552 5.04495
threshold=1.0000000180025095e-35 4.5000000000000009 4.5000000000000009 0.73727351427078258 7.5000000000000009 0.86715686321258556 2.5000000000000004 0.22792208194732669 2.5000000000000004 0.88303694128990184 0.72377106547355663 0.92380261421203624 0.90521115064620983 0.16733333468437198 0.60084748268127453 0.45527221262454992 0.17445652186870578 0.64521294832229625 0.88194444775581371 1.0000000180025095e-35 0.15075758099555972 0.28271847963333135 0.73214286565780651 0.78611555695533764 1.5000000000000002 0.084219858050346388 0.73214286565780651 26.500000000000004 0.44782213866710668 0.63068181276321422
decision_type=2 2 2 2 2 2 2 2 2 2 2 2 2 2 2 2 2 2 2 2 2 2 2 2 2 2 2 2 2 2
left_child=1 15 5 4 29 6 20 -8 11 -5 -10 13 -13 -7 -9 19 -17 25 -19 -1 21 -2 23 -21 -24 -18 -12 28 -6 -4
right_child=2 -3 3 9 27 8 7 14 10 -11 26 12 -14 -15 -16 16 17 18 -20 22 -22 -23 24 -25 -26 -27 -28 -29 -30 -31
leaf_value=0.10715089727421725 0.14193912921552485 0.019116518725514321 0.0905565653218314 -0.026802124979502542 0.034081728778447389 -0.04273866665483321 0.0047089655307523473 0.090488153872183674 -0.089227085513397517 -0.20435001859154825 0.009027003334400872 -0.0092925882441705163 0.026751906197941912 0.07056550146439923 0.029164999237343087 -0.067194015761002118 0.20222544406806936 -0.011963796905333586 0.070534207646202648 -0.0014654977718469141 0.089545379385176815 0.88974694805085341 -0.02090834929928656 0.053896467277216253 0.02476540876113378 0.025215321987879451 -0.058969518161108479 -0.045051826992209623 -0.0035792624862472405 0.022499493612023497
leaf_weight=4.1778037257899987 1.1172084186109703 76.247143815970048 19.487234099098718 109.70207883077092 56.187850530724972 4.796189470827815 42.465524369647028 19.172504137386568 8.3253831736219563 1.5539645595126774 28.691380947770085 100.69810360638076 92.005285038496368 23.00224011062528 25.5770073691383 55.125430441141361 1.1216141202603456 402.43338692371617 10.192567183752542 29.986548289074562 4.6689245134475641 0.24495947948889796 70.414354302047286 23.588822642457671 24.852727183722891 42.461530779371969 9.5580574892228451 13.33429252222413 157.34039333849796 10.853369177086277
leaf_count=294 96 3381 1868 8659 3620 332 3798 634 1732 40 1422 7207 5198 1592 715 65226 210 18636 1305 1834 112 25 474 179 199 5490 393 1041 16410 319
internal_value=0.000440615 -0.00570674 0.00668767 -0.0013511 0.0107307 0.014908 0.0372714 0.0307379 0.00710008 -0.029282 -0.0224904 0.0133502 0.00791668 0.0510166 0.0554383 -0.00855567 -0.0127163 -0.00613361 -0.00992596 0.00534769 0.131752 0.276418 0.00249021 0.0229099 -0.00899324 0.0297707 -0.00796448 0.00331074 0.00633086 0.0662113
internal_weight=1469.38 740.602 728.782 368.459 257.203 360.323 93.2461 87.215 267.077 111.256 46.5748 220.502 192.703 27.7984 44.7495 664.355 511.335 456.209 412.626 153.02 6.03109 1.36217 148.842 53.5754 95.2671 43.5831 38.2494 226.863 213.528 30.3406
internal_count=152441 97228 55213 31957 23258 23256 5380 5147 17876 8699 3547 14329 12405 1924 1349 93847 90867 25641 19941 2980 233 121 2686 2013 673 5700 1815 21071 20030 2187
is_linear=0
shrinkage=0.08


Tree=83
num_leaves=31
num_cat=0
split_feature=14 13 14 12 0 19 7 2 16 2 14 1 0 2 13 3 11 7 11 11 7 19 15 12 3 12 14 14 1 2
split_gain=6.71371 13.0991 12.2885 8.95837 8.87952 8.00894 7.53329 11.9292 11.2516 6.95363 10.2605 7.48129 6.60166 6.3053 5.13228 4.84305 4.56039 5.24735 4.16622 3.95787 3.54686 3.47974 2.74877 2.2271 2.09727 2.03146 2.31984 2.01415 1.31346 1.03064
threshold=0.74456521868705761 0.97329768538475048 0.73508772253990184 0.89672946929931652 0.94547370076179515 1.5000000000000002 0.54788359999656688 0.92031747102737438 1.0000000180025095e-35 0.5673658847808839 0.8834841549396516 0.72821971774101268 0.90304020047187816 0.93127068877220165 0.93362700939178478 0.87841832637786876 0.93501552939414989 0.96237373352050792 0.75556775927543651 0.91800329089164745 0.85805556178092968 11.500000000000002 1.0000000180025095e-35 0.85773810744285595 0.58102023601531994 0.75694981217384349 0.70710784196853649 0.68990385532379161 0.77459675073623668 0.87585616111755382
decision_type=2 2 2 2 2 2 2 2 2 2 2 2 2 2 2 2 2 2 2 2 2 2 2 2 2 2 2 2 2 2
left_child=1 2 3 6 5 12 7 -1 -8 16 11 -11 18 14 -5 -14 17 -7 -2 -20 -18 29 27 -17 -12 -24 -27 28 -3 -6
right_child=4 22 -4 13 21 9 8 -9 -10 10 24 -13 15 -15 -16 23 20 -19 19 -21 -22 -23 25 -25 -26 26 -28 -29 -30 -31
leaf_value=-0.018291209014267906 -0.059985685388465437 0.13857511146418747 -0.40467302756528606 -0.089985915089383028 0.091579002447743751 0.017894711010126678 -0.0013674152363633038 0.051021632543461377 0.032651862165392939 0.013281107811777042 -0.11207254454669477 -0.073200844922289857 -0.18781798389226562 0.084365237524750933 -0.028266323990854152 0.091889724814196577 -0.038630724505634949 -0.083685797751661947 0.1171958532394438 0.040449137216466674 0.059656608876287091 -0.23499294276546598 -0.091532162060653663 -0.048657665537399149 0.072204268049706782 0.096523654353046343 -0.067942768083211758 0.044919115114329562 0.066778648577706032 0.053241472393238544
leaf_weight=257.54922785190865 1.4367759800516129 5.0097007760778052 0.48914331197738548 12.299438876332713 6.2833676526788684 28.719414822291583 880.4345912001736 16.936496565584093 66.953808473655954 37.059605969232507 0.40378640219569462 7.7386662443168452 1.0701334178447712 2.4907370181754223 28.844980583060533 1.2506225646939131 41.828955586999655 3.6705772276036432 9.3205923195928353 7.9846495417878023 2.4896464471239588 0.25163745135068794 0.9330039814813057 1.7056775032542644 18.737490594852716 1.793297481373884 0.79099034285172809 4.0227130455896258 2.4178045461885631 15.705352728953583
leaf_count=75123 31 37 15 135 287 299 63233 835 6258 909 12 233 25 372 473 31 344 64 148 129 128 31 27 19 1297 62 29 41 53 2210
internal_value=-0.000831031 -0.00289166 -0.00377129 -0.00361633 0.0133865 0.0069322 -0.00234436 -0.0140144 0.00103679 -0.000193528 0.0192899 -0.0016582 0.0509501 -0.0392341 -0.0467164 -0.0419888 -0.0164337 0.00638316 0.0709166 0.0817849 -0.0331093 0.0608114 0.0715101 0.010799 0.0683169 0.00965336 0.0461843 0.0905113 0.115204 0.0641966
internal_weight=1466.62 1280.97 1266 1265.51 185.657 163.417 1221.87 274.486 947.388 140.648 63.9395 44.7983 22.7685 43.6352 41.1444 4.02643 76.7086 32.39 18.742 17.3052 44.3186 22.2404 14.9675 2.9563 19.1413 3.51729 2.58429 11.4502 7.42751 21.9887
internal_count=152890 146693 146444 146429 6197 3669 145449 75958 69491 3286 2451 1142 383 980 608 75 835 363 308 277 472 2528 249 50 1309 118 91 131 90 2497
is_linear=0
shrinkage=0.08


Tree=84
num_leaves=31
num_cat=0
split_feature=8 14 4 11 14 12 13 13 4 4 9 0 4 15 13 0 4 9 14 12 5 2 8 0 13 2 8 12 11 13
split_gain=7.76952 7.02461 12.0626 10.8439 14.6008 35.2349 16.8075 12.7422 15.2554 10.511 10.4324 8.5645 12.8085 12.2897 8.12221 7.80773 6.32836 5.29007 4.35179 8.90236 3.35572 5.89538 4.83196 2.66884 2.3876 2.07215 0.987159 0.412241 0.373215 0.397225
threshold=33.500000000000007 0.43874999880790716 0.88194444775581371 0.64779701828956615 0.089572194963693633 0.091287881135940566 0.5071096420288087 0.52653238177299511 0.88194444775581371 0.78888890147209179 0.59491634368896495 0.62909838557243358 0.11805555596947671 1.5000000000000002 0.6552698314189912 0.9384731948375703 0.240384615957737 0.57735043764114391 0.24068965017795566 0.41194295883178716 0.73214286565780651 0.88273492455482494 7.5000000000000009 0.85785016417503368 0.58845728635787975 0.93582704663276683 52.500000000000007 0.073427468538284316 0.85993880033493053 0.99773755669593822
decision_type=2 2 2 2 2 2 2 2 2 2 2 2 2 2 2 2 2 2 2 2 2 2 2 2 2 2 2 2 2 2
left_child=1 3 9 4 5 16 -7 18 10 14 -9 13 -13 -6 17 -16 -1 -3 25 -20 22 -22 -11 26 -10 -5 27 -2 29 -29
right_child=23 2 -4 7 11 6 -8 8 24 20 -12 12 -14 -15 15 -17 -18 -19 19 -21 21 -23 -24 -25 -26 -27 -28 28 -30 -31
leaf_value=-0.067969567678119722 -0.20856277227680367 0.20260499818971903 0.080622445092705095 -0.056377732513019176 -0.025662367914835768 -0.066619951995748619 0.29166601957680777 0.016562426093225106 0.009856249520808184 0.01380092686842488 -0.020082813431584867 0.093055952809864825 0.021903109042670805 0.35582694101937895 0.0008384070773714801 0.027047524039371131 0.0076049866543043956 0.050872510180621146 0.062902040015442362 -0.10126697230049653 0.013659394108958009 -0.070323758830186683 -0.13459682105822707 -0.44212814603738365 0.081770041275023464 -0.10370820386406644 0.082009606327845014 -0.083859123770652119 -0.12741014133286149 0.088838858907729551
leaf_weight=7.2749320802686261 0.24087781569687639 1.7878187198657531 13.507958035799673 32.119180171663174 24.22057853333536 59.419696154771373 0.84994419102440488 60.497335742227733 3.8488985865842578 1.9683737577870513 279.08678222369053 19.850755452760495 87.842378144268878 0.55278797418577497 430.03277692385018 87.555422513047233 280.78760425190558 8.2870507693150994 5.2755541346268711 3.527516113652382 10.836301938630642 10.564854342723264 4.8999598301015794 0.1500977515534031 12.71841262327507 7.2576246919343239 0.18491673117387097 1.7538126960571392 1.7030892046168444 0.089594312012195476
leaf_count=1658 5 44 3930 19405 15486 63856 473 6365 93 47 16077 2111 5400 139 7960 3113 2968 224 396 457 141 379 31 5 1191 324 8 555 11 1
internal_value=-0.00131654 -0.00100572 0.00592556 -0.00546489 0.0026553 -0.00594182 -0.0615673 -0.0151208 -0.00989732 0.00411058 -0.0135544 0.0252622 0.0350185 -0.0171499 0.00665672 0.00527195 0.00569637 0.0777979 -0.0537332 -0.00288283 -0.0434142 -0.0277996 -0.092068 -0.110989 0.0650631 -0.0651013 -0.0984766 -0.107289 -0.10041 -0.0754656
internal_weight=1458.69 1454.57 569.441 885.13 480.799 348.332 60.2696 404.331 356.151 555.933 339.584 132.467 107.693 24.7734 527.663 517.588 288.063 10.0749 48.1799 8.80307 28.2695 21.4012 6.86833 4.12239 16.5673 39.3768 3.97229 3.78737 3.5465 1.84341
internal_count=152853 152268 15869 136399 92091 68955 64329 44308 23726 11939 22442 23136 7511 15625 11341 11073 4626 268 20582 853 598 520 78 585 1284 19729 580 572 567 556
is_linear=0
shrinkage=0.08


Tree=85
num_leaves=31
num_cat=0
split_feature=7 4 1 4 1 16 1 0 4 0 2 2 3 21 1 0 1 2 12 7 7 7 1 16 1 2 17 13 19 12
split_gain=8.04355 10.8589 25.2539 11.9501 22.9028 16.3172 15.3562 24.1751 12.7294 11.1161 10.8683 10.6258 9.9881 7.346 7.31723 20.3145 12.1213 10.7824 9.64941 7.11943 11.6749 6.3942 8.80773 6.2051 6.06436 5.65717 5.07629 5.99876 8.19956 6.34491
threshold=0.52394181489944469 0.064583335071802153 0.53390806913375866 0.30384616553783422 0.57735043764114391 1.0000000180025095e-35 0.60749301314353954 0.92634469270706188 0.16025641560554507 0.65706622600555431 0.87585616111755382 0.86526826024055492 0.24048192799091342 0.71856606006622326 0.32282878458499914 0.71234518289566051 0.14389234036207202 0.48528139293193823 0.20848321169614795 0.32274965941905981 0.41939988732337957 0.60182178020477306 0.53923079371452343 1.0000000180025095e-35 1.0000000180025095e-35 0.31400561332702642 1.0000000180025095e-35 0.88931137323379528 1.5000000000000002 0.81096094846725475
decision_type=2 2 2 2 2 2 2 2 2 2 2 2 2 2 2 2 2 2 2 2 2 2 2 2 2 2 2 2 2 2
left_child=11 2 14 4 -3 6 9 -8 -6 -5 -10 12 19 -4 16 25 -2 -18 -17 -1 23 22 -7 -21 -22 -16 27 29 -29 -14
right_child=1 3 13 5 8 21 7 -9 10 -11 -12 -13 26 -15 15 18 17 -19 -20 20 24 -23 -24 -25 -26 -27 -28 28 -30 -31
leaf_value=-0.023101042561055579 0.046732406934086715 -0.062703534485630708 0.14710636731734725 0.14917865751165826 0.13566946538155691 0.059668397136213358 -0.036202662139721689 0.00027584952534106752 0.0063190423992989745 0.014852245359130507 -0.50575556374411001 0.025779598280088224 -0.022712326616242499 0.059909118857047361 0.26835853457688674 0.11657151942279231 -0.035006092648806504 0.094879748490672974 -0.056859822514091767 0.034008026456656057 0.34319852074440044 0.055496447126095215 -0.1870718567523186 0.18299299423869159 0.0055949062984090841 0.057820557870796527 -0.03898534558622288 0.12747839519964582 9.1779885162510946e-05 -0.16751935243964272
leaf_weight=30.762481476151152 18.428982456709491 50.624850310647162 8.005905970989259 4.0307337662379714 6.045369395986202 2.0127054637996475 152.48122763828724 489.63065030326834 13.305853399913754 180.80502376306686 0.27065887657227072 39.116710752365179 69.079690460785059 27.161856576567516 0.83632986652082664 2.3154693760152467 62.653636980860028 4.3761731431586659 18.124838610645384 3.1228274787426917 0.34372157679172133 41.957988341513555 1.7147148795193059 4.1892601560684852 36.632651195453946 34.986830640060361 114.08599204587517 3.7118963436223593 25.111265357583761 1.9923935248516489
leaf_count=2736 1467 23422 173 618 130 93 7165 15299 995 9766 7 1888 19972 1433 63 207 10213 275 518 325 23 7894 83 66 2110 1838 43427 37 509 42
internal_value=-0.00233728 0.000890564 0.019079 -0.00252169 -0.0342648 3.36193e-05 -0.00253765 -0.00838664 0.0391076 0.0177815 -0.00388958 -0.0133519 -0.0186479 0.0797595 0.00402138 0.0264246 -0.0107282 -0.0265262 -0.0372136 0.00646337 0.0269986 0.0465759 -0.0538388 0.119365 0.00873317 0.0627358 -0.0274553 -0.0142873 0.0164968 -0.0267718
internal_weight=1447.92 1119.77 176.89 942.88 70.2467 872.633 826.948 642.112 19.6219 184.836 13.5765 328.149 289.032 35.1678 141.722 56.2635 85.4588 67.0298 20.4403 75.0509 44.2885 45.6854 3.72742 7.31209 36.9764 35.8232 213.981 99.8952 28.8232 71.0721
internal_count=152794 81659 16187 65472 24554 40918 32848 22464 1132 10384 1002 71135 69247 1606 14581 2626 11955 10488 725 5260 2524 8070 176 391 2133 1901 63987 20560 546 20014
is_linear=0
shrinkage=0.08


Tree=86
num_leaves=31
num_cat=0
split_feature=17 7 1 14 8 14 4 2 4 14 12 7 0 13 12 15 0 14 13 12 11 2 19 1 1 7 7 13 8 15
split_gain=8.17018 7.91341 11.6284 6.6275 6.94253 7.16211 5.81336 6.51447 12.596 5.62139 7.43103 5.48779 8.07702 5.6587 6.59115 4.96075 9.76683 10.2882 9.75946 11.715 6.51427 4.8612 4.85015 5.87532 4.66542 5.98957 4.27376 4.25901 3.77063 3.6622
threshold=1.0000000180025095e-35 0.47232905030250555 0.13680927455425265 0.81534090638160717 4.5000000000000009 0.43874999880790716 0.88194444775581371 0.88989898562431347 0.81666666269302379 0.71825397014617931 0.96712303161621105 0.47982573509216314 0.44080047309398657 0.5835326910018922 0.47637648880481726 1.0000000180025095e-35 0.9472520947456361 0.17902930825948718 0.98227471113204967 0.96712303161621105 0.63920342922210704 0.92390406131744396 4.5000000000000009 0.64126753807067882 0.10566188395023347 0.43677249550819403 0.50035613775253307 0.83791333436965953 27.500000000000004 2.5000000000000004
decision_type=2 2 2 2 2 2 2 2 2 2 2 2 2 2 2 2 2 2 2 2 2 2 2 2 2 2 2 2 2 2
left_child=3 9 11 4 5 22 7 26 -9 21 27 12 -3 -13 -15 18 20 -18 19 -4 -17 24 23 -1 25 -2 -6 -11 -5 -29
right_child=1 2 15 28 6 -7 -8 8 -10 10 -12 13 -14 14 -16 16 17 -19 -20 -21 -22 -23 -24 -25 -26 -27 -28 29 -30 -31
leaf_value=0.023617602340996052 0.034872021523732546 0.57662239347508415 -0.008658157215023797 0.04923068133084299 -0.018536858330735765 0.034674043518809233 0.10340607392229618 -0.025848620966768709 -0.25448507275337257 0.14493232776388096 -0.055437906797627799 -0.081440396715430227 0.10690466952030685 0.18566020489817825 0.042130850319706717 0.049036463636995639 -0.17195461821975097 0.067349348798880118 0.070080643563913803 -0.14770108789623376 -0.0051737557044198249 0.047330181644135577 0.058370022702011734 -0.0030858540325461258 -0.044978144966845664 -0.11550965077431469 0.0030352017861145358 0.032856009220215053 -0.03450455944340905 -0.063381330100635985
leaf_weight=74.202217023383128 9.8261101079406199 0.32028021273435914 391.08960843548994 32.142033464740962 76.956097304646391 76.329753552330658 3.2507313917158163 8.9893623451353033 1.861461174674331 1.8839241107925797 9.197377917589618 1.7229184020252422 0.87266402220120654 2.6236740513995747 9.3270066255063266 15.847183959442189 1.2105770206544573 22.898350971285254 9.9766045673750323 3.9169871490448704 135.40013481251663 4.5224079257459371 11.223102550779002 182.24791304307291 76.24756800342584 2.0484303150151382 248.81348859102582 18.054920215974565 3.8544683270156375 2.9432010877644634
leaf_count=11353 2072 12 45456 1345 14109 3464 103 278 15 20 127 1254 65 193 289 1845 29 3278 191 28 6486 225 557 7338 35158 455 16637 275 47 31
internal_value=0.000780125 -0.00524598 -0.00140654 0.00680673 0.00504564 0.0130576 -0.00306368 -0.00409185 -0.0650713 -0.0235685 0.00529395 0.0684573 0.233014 0.0541007 0.0736415 -0.00319624 0.00804412 0.0553332 -0.00806328 -0.0100369 0.000506208 -0.0335625 0.00689341 0.00464062 -0.0377139 0.00893027 -0.00206074 0.029705 0.0402644 0.0193669
internal_weight=1439.8 719.93 595.206 719.871 683.874 344.003 339.871 336.62 10.8508 124.724 32.0794 14.8665 1.19294 13.6736 11.9507 580.339 175.356 24.1089 404.983 395.007 151.247 92.6445 267.673 256.45 88.1221 11.8745 325.77 22.882 35.9965 20.9981
internal_count=152735 97489 59126 55246 53854 22712 31142 31039 293 38363 453 1813 77 1736 482 57313 11638 3307 45675 45484 8331 37910 19248 18691 37685 2527 30746 326 1392 306
is_linear=0
shrinkage=0.08


Tree=87
num_leaves=31
num_cat=0
split_feature=14 0 7 5 19 9 21 0 16 19 8 9 8 2 14 2 21 8 0 9 0 5 3 10 14 19 5 0 9 15
split_gain=6.46503 10.2565 9.95351 8.92458 17.6774 15.0098 11.4049 10.2575 10.1437 8.83326 9.69872 8.67575 15.8645 12.3826 14.0169 10.2062 9.61507 10.6275 9.00331 7.46541 7.34355 9.61249 7.49982 7.14988 6.67251 5.70622 7.58409 5.55876 5.54725 4.99953
threshold=0.71825397014617931 0.94547370076179515 0.56527778506279003 0.63333335518836986 1.5000000000000002 0.78319624066352855 0.89572793245315563 0.49191009998321539 1.0000000180025095e-35 1.5000000000000002 19.500000000000004 0.45199692249298101 13.500000000000002 0.40838271379470831 0.32795698940753942 0.87585616111755382 0.77307745814323436 9.5000000000000018 0.67361626029014599 0.77459675073623668 0.62782201170921337 0.35416667163372045 0.51316702365875255 1.0000000180025095e-35 0.49074074625968939 1.5000000000000002 0.43650794029235845 0.86624246835708629 0.3357843160629273 1.0000000180025095e-35
decision_type=2 2 2 2 2 2 2 2 2 2 2 2 2 2 2 2 2 2 2 2 2 2 2 2 2 2 2 2 2 2
left_child=2 25 11 4 20 9 7 -6 23 19 -11 12 24 28 -15 16 17 -13 -18 -5 22 -22 -4 -7 -1 26 -2 -8 -14 -17
right_child=1 -3 3 5 6 8 27 -9 -10 10 -12 15 13 14 -16 29 18 -19 -20 -21 21 -23 -24 -25 -26 -27 -28 -29 -30 -31
leaf_value=0.041787622840684747 0.072112827280083974 0.066876001088278306 -0.024035922330242876 -0.0083846002629947188 0.13461313368149194 -0.026321840918296365 -0.07580405929245837 -0.021067808354230392 0.06121781595847179 0.029385339985942387 -0.19149195710650802 -0.0068445547269096263 0.008450377884109208 -0.080508557189645627 0.3238219182040617 0.0019924100360109438 0.043303775132183669 -0.052460386344780785 -0.078612417235867899 0.084407383532409355 0.046160801412881675 0.0070382392341728694 0.14187629150092007 -0.0019638220886201365 0.17678919536784554 0.0023624692100230335 -0.035579832260434506 0.044359427977760754 -0.04739887379973743 0.072683268187162309
leaf_weight=4.7156877768284158 16.984662566334013 21.371238579042256 24.029070402611982 111.16368370738928 2.7670391635620026 198.78984244621824 2.6798143461346617 128.35869150128565 11.006893482233862 120.17440591193736 1.2859226152359031 118.69983745251375 29.183362106166896 0.86994064837926943 1.4861381156370042 26.527066976443166 4.3912547817453733 45.109489876136649 33.082315267762169 5.8405146839795625 124.20314917823998 59.424735036096536 1.8801440512179386 126.01538856793195 4.6570942662656307 147.78898787079379 5.5536067723296574 30.571416057180613 18.659820722823497 8.44026621209923
leaf_count=613 310 2649 6093 7036 63 11389 48 14229 2959 2150 26 46712 2905 1255 20 1078 40 22878 309 287 13717 5286 633 790 29 3427 87 1030 4140 487
internal_value=0.000959853 0.0146354 -0.00114751 0.00284949 0.0124681 -0.00341321 -0.00717112 -0.0177826 -0.0143121 0.0119349 0.0270469 -0.013959 0.0133241 -0.00451476 0.17453 -0.0208386 -0.027769 -0.0194062 -0.0643259 -0.00375269 0.0278745 0.0335002 -0.0119962 -0.0168716 0.108866 0.00808069 0.0455765 0.0346751 -0.013332 0.0190555
internal_weight=1435.71 191.698 1244.01 948.191 373.914 574.277 164.377 131.126 335.812 238.465 121.46 295.822 59.572 50.1993 2.35608 236.25 201.283 163.809 37.4736 117.004 209.537 183.628 25.9092 324.805 9.37278 170.327 22.5383 33.2512 47.8432 34.9673
internal_count=152675 6473 146202 65736 41099 24637 15370 14292 15138 9499 2176 80466 8962 8320 1275 71504 69939 69590 349 7323 25729 19003 6726 12179 642 3824 397 1078 7045 1565
is_linear=0
shrinkage=0.08


Tree=88
num_leaves=31
num_cat=0
split_feature=8 9 8 0 2 9 8 9 0 8 11 13 5 7 2 1 0 1 11 9 1 5 8 8 8 11 2 1 14 9
split_gain=8.27518 8.45718 22.1262 13.979 15.3154 12.5355 12.2639 20.2109 14.6997 17.9775 16.4726 12.0314 8.99604 18.9707 15.2048 8.15366 17.2386 9.90606 8.03109 6.60719 14.5919 10.7733 9.65267 6.27065 6.2243 5.34676 7.65099 5.17313 4.1583 3.99351
threshold=33.500000000000007 0.6195238232612611 9.5000000000000018 0.55793884396553051 0.1627137288451195 0.57735043764114391 4.5000000000000009 0.81530213356018078 0.9364452362060548 6.5000000000000009 0.78481063246727001 0.56345811486244213 0.73214286565780651 0.6191391944885255 0.99450549483299266 0.69309264421463024 0.91429260373115551 0.25962962210178381 0.61223250627517711 0.39173060655593878 0.42997199296951299 0.41428571939468389 13.500000000000002 26.500000000000004 2.5000000000000004 0.6624930500984193 0.46894289553165441 0.29289318621158605 0.5577777922153474 0.24283374845981601
decision_type=2 2 2 2 2 2 2 2 2 2 2 2 2 2 2 2 2 2 2 2 2 2 2 2 2 2 2 2 2 2
left_child=1 2 3 4 -1 -6 7 11 15 10 -10 18 13 -9 -14 17 -17 -8 -3 23 22 -22 -21 27 -13 26 -5 -4 -11 -25
right_child=-2 6 19 25 5 -7 8 12 9 28 -12 24 14 -15 -16 16 -18 -19 -20 20 21 -23 -24 29 -26 -27 -28 -29 -30 -31
leaf_value=-0.03192124965032965 -0.11481962576599823 0.017329234806379094 0.02363790797494477 0.3137538671239119 0.24233460359200354 0.057608995523271762 -0.057527297056510912 -0.019218462393779171 0.019027602247042204 0.023636266251918316 -0.079666585945104618 0.18389844571611008 -0.028311386739644794 0.020397001047420101 0.0097717279847179712 -0.018879067382290237 -0.12657209840394962 -0.011520283652937368 -0.09111912915381877 0.0029765689749268942 0.075806705843080593 0.003343175053796406 -0.051059785530761979 0.021051039289670372 0.05512950938961151 0.012044179879238401 0.060792644189411965 0.094567336744201369 0.067662866822249326 -0.066384580449881006
leaf_weight=2.8495433030475388 4.0017484325217074 26.449796731729297 60.762980779720237 0.81829589628614385 6.7066661701828689 3.6201791381754447 34.664773453245289 116.71634585093125 21.641263780475128 53.943574730772525 21.651986687909812 2.5109809346031389 159.91393453325145 229.44918031044654 115.59837549057556 27.815166305488674 14.457023820898028 220.33732903712371 5.2352933168003792 35.877070361864753 16.593750658765202 62.91888527511037 51.566028393412125 5.9357445353816711 55.566226205206476 22.321752036863472 11.799182357499374 7.3801158855494569 18.417532862629741 7.6542326029884862
leaf_count=125 593 2457 4886 396 593 620 15521 25543 874 1430 296 30 6017 15612 8588 1546 669 31163 1211 7661 1468 3878 15457 374 1520 531 1184 779 487 1122
internal_value=6.00498e-05 0.000383529 0.0123951 0.0620536 0.132271 0.177577 -0.00278721 0.0035781 -0.0137541 0.0104453 -0.0303317 0.0390634 -0.00154553 0.00703989 -0.0123326 -0.0231688 -0.0557099 -0.0177744 -0.000589572 0.00278728 -0.00633637 0.0184658 -0.0288892 0.0214241 0.0606969 0.035573 0.0771982 0.0313198 0.034842 -0.028195
internal_weight=1425.17 1421.17 296.804 48.1156 13.1764 10.3268 1124.37 711.44 412.929 115.654 43.2933 89.7623 621.678 346.166 275.512 297.274 42.2722 255.002 31.6851 248.689 166.956 79.5126 87.4431 81.7331 58.0772 34.9392 12.6175 68.1431 72.3611 13.59
internal_count=152631 152038 39074 3449 1338 1213 112964 60978 51986 3087 1170 5218 55760 41155 14605 48899 2215 46684 3668 35625 28464 5346 23118 7161 1550 2111 1580 5665 1917 1496
is_linear=0
shrinkage=0.08


Tree=89
num_leaves=31
num_cat=0
split_feature=19 9 3 8 9 8 9 8 8 9 3 4 1 0 3 9 1 1 9 1 8 13 9 1 13 7 8 18 8 13
split_gain=8.96173 6.36974 7.31834 8.11033 6.44534 6.23053 5.66785 16.7793 10.0892 24.5996 18.2654 9.87302 22.0162 16.5471 8.49113 15.9224 6.91312 11.6741 6.5598 9.70101 9.4553 6.76574 5.93187 5.74462 5.27732 8.90076 8.50109 7.50136 7.14767 6.43013
threshold=4.5000000000000009 0.34654632210731512 0.95861870050430309 13.500000000000002 0.96225070953369152 2.5000000000000004 0.58032256364822399 13.500000000000002 5.5000000000000009 0.78817018866539013 0.41955395042896276 1.0000000180025095e-35 0.54316771030426036 0.91667616367340099 0.61257407069206249 0.73105624318122875 0.23013871163129809 0.61620295047760021 0.39173060655593878 0.43613053858280187 26.500000000000004 0.67700320482254039 0.24283374845981601 0.51564025878906261 0.64533194899559032 0.85358974337577831 8.5000000000000018 1.0000000180025095e-35 7.5000000000000009 0.73710790276527416
decision_type=2 2 2 2 2 2 2 2 2 2 2 2 2 2 2 2 2 2 2 2 2 2 2 2 2 2 2 2 2 2
left_child=6 -2 3 4 5 -3 7 24 9 14 23 12 -12 -13 15 -8 -11 -18 20 -20 -9 -21 -22 -10 25 -1 27 -26 -27 -28
right_child=1 2 -4 -5 -6 -7 8 18 10 16 11 13 -14 -15 -16 -17 17 -19 19 21 22 -23 -24 -25 26 28 29 -29 -30 -31
leaf_value=-0.060453467031680787 0.11345659379305936 0.070636795495880284 0.036589795328435322 -0.085048932511540318 -0.042097883405124693 0.0050999855630101875 0.17274883164704119 0.025412598362123326 -0.074622513615354588 -0.037416738217524829 -0.0072819788952890232 -0.039206295149612831 0.12430235464768501 0.0025982627189013075 0.027404518615825373 0.02369261000846699 0.014385775941830282 -0.0099729479427743475 -0.046599117800864218 -0.019283787579599667 0.011664239916809984 0.065161822766723124 -0.08502146673100662 0.10239807950757075 0.1993027129668325 -0.075476699518675291 0.11100079056769312 0.059184548563804354 0.056759142135195707 0.024720746636247837
leaf_weight=8.1986561473313504 4.4343807478435329 12.009535974590106 60.426458580361214 6.6827740746084592 13.421951266471295 40.907715767738409 8.1049318064469862 55.337252176454058 36.402504547921126 39.335230540120392 32.711561413452728 108.5904725408036 10.832947981369214 137.1097234635381 67.123916891723638 10.565639201260636 178.38952477360726 428.11156498568016 45.92967376348679 14.857123353664067 7.1214335850818342 10.269145682454107 9.4503849164611875 1.2123323730193067 4.270391724247018 3.0565907889977124 6.4772088795725713 5.7215352805797011 18.150859204179142 37.728419013204984
leaf_count=4555 64 437 4757 68 391 985 730 5255 14429 14592 3435 26603 406 4223 2749 2153 24617 20563 14019 2019 588 190 1432 22 78 204 340 67 2261 527
internal_value=-0.000252378 0.0191296 0.0159952 -0.00104701 0.00741504 0.0199735 -0.00233201 0.00915167 -0.00479007 0.000430388 -0.0164754 -0.00965559 0.0254534 -0.0158778 0.0406779 0.0883982 -0.0049162 -0.00280834 -0.00749683 -0.0247358 0.00953765 0.0152293 -0.0434726 -0.0689171 0.0376211 0.0103342 0.0524263 0.119069 0.0377002 0.0373629
internal_weight=1422.94 137.883 133.448 73.022 66.3392 52.9173 1285.06 226.569 1058.49 731.631 326.86 289.245 43.5445 245.7 85.7945 18.6706 645.836 606.501 142.965 71.0559 71.9091 25.1263 16.5718 37.6148 83.6037 29.4061 54.1976 9.99193 21.2074 44.2056
internal_count=152759 6702 6638 1881 1813 1422 146057 31535 114522 65404 49118 34667 3841 30826 5632 2883 59772 45180 23503 16228 7275 2209 2020 14451 8032 7020 1012 145 2465 867
is_linear=0
shrinkage=0.08


Tree=90
num_leaves=31
num_cat=0
split_feature=17 14 11 4 14 13 13 11 11 14 13 13 13 11 2 14 2 11 12 12 3 21 5 2 4 12 13 12 15 15
split_gain=7.30202 6.91863 19.9773 10.3828 7.04553 8.39656 10.3329 6.45887 6.53912 5.63161 22.9129 11.9093 9.82599 38.3269 7.67745 9.26912 6.96858 6.05966 5.60248 7.08496 5.58438 9.90138 9.17322 5.40576 7.8976 6.24894 5.17375 5.04902 5.01254 4.94309
threshold=1.0000000180025095e-35 0.29520697891712194 0.45527221262454992 0.88194444775581371 0.056349206715822227 0.35829523205757147 0.35731539130210882 0.64521294832229625 0.61299914121627819 0.061553031206130988 0.25410278141498571 0.36323411762714392 0.48579499125480657 0.60413098335266124 0.87112742662429821 0.077935222536325469 0.71892556548118602 0.5752372443675996 0.2976644784212113 0.48790244758129125 0.73746865987777721 0.83008873462677013 0.63333335518836986 0.96039214730262767 0.78888890147209179 0.37194395065307623 0.64533194899559032 0.40553289651870733 1.0000000180025095e-35 1.0000000180025095e-35
decision_type=2 2 2 2 2 2 2 2 2 2 2 2 2 2 2 2 2 2 2 2 2 2 2 2 2 2 2 2 2 2
left_child=9 2 20 7 -4 6 -6 8 -3 10 -1 14 -12 -14 16 -16 28 27 29 -20 -2 22 -22 24 -19 -25 -7 -13 -11 -9
right_child=1 3 4 -5 5 26 -8 18 -10 11 12 17 13 -15 15 -17 -18 23 19 -21 21 -23 -24 25 -26 -27 -28 -29 -30 -31
leaf_value=0.0062570389485044698 -0.063893380033517688 -0.0073354093378290991 -0.080238006698044928 0.081433178681216939 0.079756979363362818 -0.045633781546685612 1.066208563029067 -0.070160255487389078 0.084742945009220638 -0.039123856223322137 -0.080646656222838176 0.060175934773022605 1.7948447962764578 0.024308666660709726 0.36947859988142062 0.10424593257672085 -0.048507947833401829 0.0059347956814293744 0.030744370275874983 -0.0054594437332253663 -0.0025721873305797837 0.00070467900600482472 0.16782679171248777 0.0021074034449208483 -0.038661988511872622 0.076384151034542366 0.003218350606127312 -0.36462410540391743 0.14011923980923052 -0.0024654379727825216
leaf_weight=129.75557614318677 7.752266767420223 9.1397454600664805 24.17499434450292 9.731948643922804 2.7580076227168315 70.345968973982963 0.069676318380515911 14.992066935985351 10.732306420919484 1.3290163606288823 28.466003498673675 15.869899267709116 0.085296497825764872 0.94692158649559133 1.075878124218433 3.9002697971300222 3.5950243651750498 459.89956397470087 38.520197837089654 339.46626021404518 3.6688629492709861 137.53618556912988 4.5042854312050622 14.584478728473188 26.900174244306982 14.412688815151339 17.283390915632481 0.18111161928391162 4.0151702878065407 12.79545382724609
leaf_count=2288 1556 476 40566 2518 1205 35791 42 272 600 386 24512 1756 35 206 25 71 129 22029 1833 8820 292 882 253 601 500 2348 1736 10 225 549
internal_value=-0.000728989 -0.00649548 -0.0166058 -0.000269799 -0.0418733 -0.0316202 0.104064 -0.00213785 0.0423934 0.00502486 -0.00821136 0.00888719 -0.0718544 0.170615 0.0819469 0.161591 0.0376117 0.00697564 -0.00431869 -0.00176995 0.00226834 0.00578838 0.091336 0.00546927 0.00347041 0.0390258 -0.0359985 0.0553827 0.0955443 -0.0389885
internal_weight=1408.49 703.472 268.094 435.378 114.632 90.457 2.82768 425.646 19.8721 705.017 159.254 545.763 29.4982 1.03222 13.9154 4.97615 8.93921 531.848 405.774 377.986 153.462 145.709 8.17315 515.797 486.8 28.9972 87.6294 16.051 5.34419 27.7875
internal_count=152512 97391 82323 15068 79340 38774 1247 12550 1076 55121 27041 28080 24753 241 836 96 740 27244 11474 10653 2983 1427 545 25478 22529 2949 37527 1766 611 821
is_linear=0
shrinkage=0.08


Tree=91
num_leaves=31
num_cat=0
split_feature=8 17 14 11 14 13 2 12 13 11 21 11 14 14 13 11 13 13 11 9 8 9 9 12 0 7 3 5 0 8
split_gain=6.3569 6.21974 5.4261 11.461 13.2175 8.23753 8.06446 6.13265 8.78643 8.07071 5.05856 4.9821 4.6687 4.54116 21.5958 11.5299 13.2276 8.08225 7.80637 7.18793 5.6908 13.6327 11.6191 5.36136 5.35393 24.658 3.58087 3.03235 2.85842 2.72759
threshold=33.500000000000007 1.0000000180025095e-35 0.43874999880790716 0.45527221262454992 0.17445652186870578 0.89561396837234508 0.79814815521240245 0.27798664569854742 0.91533854603767406 0.91007909178733837 0.53898185491561901 0.68249160051345836 0.61721614003181469 0.061553031206130988 0.25410278141498571 0.64521294832229625 0.72767147421836864 0.48579499125480657 0.64779701828956615 0.44136746227741247 4.5000000000000009 0.70638945698738109 0.81530213356018078 0.32270763814449316 0.56111979484558117 0.56527778506279003 0.76506900787353527 1.0000000180025095e-35 0.43413865566253668 12.500000000000002
decision_type=2 2 2 2 2 2 2 2 2 2 2 2 2 2 2 2 2 2 2 2 2 2 2 2 2 2 2 2 2 2
left_child=1 13 3 28 27 10 -6 8 -7 -9 11 -4 -12 14 24 16 19 -16 -19 -15 22 -22 -17 -18 25 -1 -26 -5 -3 -30
right_child=-2 2 5 4 6 7 -8 9 -10 -11 12 -13 -14 15 17 20 23 18 -20 -21 21 -23 -24 -25 26 -27 -28 -29 29 -31
leaf_value=-0.080240358133324752 -0.10197674605652232 0.31510682041306476 0.024469774539715546 -0.029297241921775481 -0.026401424608657416 -0.20670207996824846 0.0093351201974038543 0.016540460957284838 -0.032071462280821354 -0.018538298975222949 0.0046812298128617721 0.2563068959445568 0.035228617343291399 0.14724958300299185 -0.080562403107023978 0.063765836040405269 -0.028314139470795169 0.25465088770897859 -0.102157021304905 0.04059355692494189 0.01046029322730907 -0.027838694889530401 0.0070374836587318839 -0.19349898229112669 0.0480976450835277 2.4838451379741495 0.0029511162686097132 -0.074576634553351603 0.0074218124670230277 -0.044701355345708786
leaf_weight=0.10417242205585253 3.861627982769277 0.19064429926220228 1.2672481527552002 13.402871479047461 106.4197592002165 2.1564751472324124 65.15827032685047 72.208719817805104 12.72402228717692 100.25791596248746 90.861297958646901 1.1153700528666375 49.445624809362926 4.2729038545803624 26.185061741241956 26.596576056967024 7.4484538725228031 0.93041941703995579 0.67867753730388358 75.493845799122937 163.84695280014421 93.383834956999635 176.14495358854765 1.5129509078105909 12.410164945031282 0.031190334353595972 119.65434499984258 32.224544242519187 147.01715574593982 6.719023325800662
leaf_count=78 595 4 32 23758 18586 45 849 1792 390 3358 2315 13 1362 875 24494 770 253 114 122 7976 6772 3161 8190 24 886 8 1340 41295 2518 466
internal_value=0.000525524 0.000806279 -0.00453574 -0.0111722 -0.023007 0.00292712 -0.0128302 -0.00810299 -0.0573789 -0.00385144 0.0174093 0.132999 0.0154464 0.00609157 -0.00576774 0.0095496 0.0359536 -0.0698683 0.104158 0.0463069 0.0044563 -0.00344359 0.0144794 -0.0562022 0.00770898 0.510577 0.00719356 -0.061276 0.00552768 0.00514377
internal_weight=1413.73 1409.86 701.169 371.132 217.205 330.037 171.578 187.347 14.8805 172.467 142.69 2.38262 140.307 708.695 159.994 548.7 88.7282 27.7942 1.6091 79.7667 459.972 257.231 202.742 8.9614 132.2 0.135363 132.065 45.6274 153.927 153.736
internal_count=152441 151846 96783 87476 84488 9307 19435 5585 435 5150 3722 45 3677 55063 27042 28021 9128 24730 236 8851 18893 9933 8960 277 2312 86 2226 65053 2988 2984
is_linear=0
shrinkage=0.08


Tree=92
num_leaves=31
num_cat=0
split_feature=8 9 9 8 2 4 0 4 4 19 8 9 5 2 11 19 13 0 7 7 21 13 7 5 9 9 19 11 8 0
split_gain=5.69275 20.8001 9.50118 15.3278 14.0342 12.4037 11.5379 11.7875 9.68688 8.01948 7.88316 9.58876 8.89636 8.53072 7.65157 7.59599 7.1941 6.94584 10.8033 16.8238 7.38873 7.0208 6.84852 6.61951 6.21716 9.49804 7.427 7.0508 5.91259 5.62942
threshold=8.5000000000000018 0.69920635223388683 0.55291152000427257 13.500000000000002 0.41287094354629522 1.0000000180025095e-35 0.91000398993492138 0.84523808956146251 0.61250001192092907 3.5000000000000004 5.5000000000000009 0.78501400351524364 0.76388889551162731 0.85565477609634411 0.64169430732727062 1.5000000000000002 0.73710790276527416 0.51933774352073681 0.47638499736785894 0.48442460596561437 0.81478756666183483 0.63185164332389843 1.0000000180025095e-35 0.63333335518836986 0.89009663462638866 0.90399384498596203 5.5000000000000009 0.75068005919456493 3.5000000000000004 0.47377082705497747
decision_type=2 2 2 2 2 2 2 2 2 2 2 2 2 2 2 2 2 2 2 2 2 2 2 2 2 2 2 2 2 2
left_child=1 17 3 -2 -4 14 7 -7 -8 10 11 29 13 -12 22 -14 -16 18 -1 -20 -19 -21 -6 -13 27 26 -26 -11 -29 -3
right_child=2 9 4 -5 5 6 8 -9 -10 24 12 23 15 -15 16 -17 -18 20 19 21 -22 -23 -24 -25 25 -27 -28 28 -30 -31
leaf_value=0.045850357786760491 0.039283001858739078 -0.092964106991528211 -0.076454364753480372 -0.010419327124365125 0.53474749427193036 -0.053095000507701544 0.036561389487623011 0.21243320902392263 -0.021656391542073879 0.069277798175640337 -0.026140321336018464 0.0041179258546303506 -0.022694109982703985 -0.092926968459169895 -0.050196752177861396 0.054414485071473166 0.045486535098658687 -0.0053031517457649982 0.68474592695197944 -0.081583005778318618 0.04982186195120851 0.19858007778143438 0.11011887758470566 -0.012776853385941962 -0.15459170439590092 0.0070846679913519651 0.012035921714162191 0.073770463684960708 0.0069119851619056207 0.033625702272810629
leaf_weight=9.6880492690543161 54.793148632263183 2.337499668748932 25.809389962669229 144.26216947700595 0.26013310687267521 62.082154251969769 26.670908947911812 1.0887536114605598 58.221624085301301 21.151359310199041 63.072252834841493 292.37610483038588 19.164520941994851 15.187506870250216 7.0262917207292075 14.260369483585235 17.691962541430257 24.137792204128345 0.41230269458901503 0.70272610329266205 43.797704957309179 3.0881454459449742 3.7091392142465338 301.45450932095991 4.4098915548529467 62.420895094168372 2.7983362275408581 9.8796484281774593 59.13473443815019 58.88903998202295
leaf_count=1297 5221 404 10572 21621 260 14701 1014 30 1265 573 16153 43638 1352 505 1172 215 336 4744 35 286 645 66 757 13863 129 5104 115 340 2078 4136
internal_value=-0.00109593 0.00211213 -0.0091506 0.00326203 -0.0213484 -0.0133018 -0.0226302 -0.0485186 -0.00336596 -0.0013024 -0.00470013 -0.00135068 -0.0243454 -0.0391013 0.0348444 0.0102034 0.0182881 0.0407754 0.0923199 0.199429 0.0302357 0.146645 0.137948 -0.00445861 0.0150009 -0.00295596 -0.0899045 0.0288678 0.016483 0.0287928
internal_weight=1409.98 1008.36 401.616 199.055 202.56 176.751 148.063 63.1709 84.8925 926.537 766.742 655.057 111.685 78.2598 28.6875 33.4249 24.7183 81.8267 13.8912 4.20317 67.9355 3.79087 3.96927 593.831 159.795 69.6291 7.20823 90.1657 69.0144 61.2265
internal_count=152627 95678 56949 26842 30107 19535 17010 14731 2279 88605 80266 62041 18225 16658 2525 1567 1508 7073 1684 387 5389 352 1017 57501 8339 5348 244 2991 2418 4540
is_linear=0
shrinkage=0.08


Tree=93
num_leaves=31
num_cat=0
split_feature=2 4 4 14 4 2 3 8 0 0 9 15 9 8 9 8 8 12 11 13 3 11 12 4 0 3 12 18 12 3
split_gain=4.73476 16.9322 19.1597 14.0129 12.5824 9.92004 7.51562 7.03721 6.99478 9.68462 6.53569 6.50398 8.95713 11.0489 8.09248 27.1059 9.00184 6.40876 7.0552 6.18106 6.17588 6.07715 17.1238 11.5761 5.41792 5.41126 4.7356 4.35174 4.15749 4.04666
threshold=0.60495716333389293 1.0000000180025095e-35 0.30384616553783422 0.91106721758842479 0.16025641560554507 0.52027395367622387 0.42163743078708654 4.5000000000000009 0.54368531703948986 0.53894189000129711 0.46737588942050939 1.5000000000000002 0.24283374845981601 4.5000000000000009 0.64760348200798046 7.5000000000000009 5.5000000000000009 0.82875940203666698 0.64521294832229625 0.96820342540740978 0.78456193208694469 0.78481063246727001 0.68100523948669445 0.88194444775581371 0.65706622600555431 0.70659971237182628 0.073427468538284316 1.0000000180025095e-35 0.5664658546447755 0.84680575132370006
decision_type=2 2 2 2 2 2 2 2 2 2 2 2 2 2 2 2 2 2 2 2 2 2 2 2 2 2 2 2 2 2
left_child=1 6 29 4 25 24 11 20 9 -6 -8 14 -13 -14 15 -1 -16 18 -12 -9 -7 22 -10 -23 27 -2 -27 -4 -26 -3
right_child=3 2 5 -5 8 7 10 19 21 -11 17 12 13 -15 16 -17 -18 -19 -20 -21 -22 23 -24 -25 28 26 -28 -29 -30 -31
leaf_value=0.14262388384091476 0.019492304057815959 -0.072319245057304943 0.03943046438022766 0.074607192014682133 0.089350673683159521 -0.0097749429984506538 0.12471529010579176 -0.0699024219045557 0.0011825704377062196 0.69582216400503483 0.058240448367881267 0.17535097282284481 0.10913773632740367 -0.013071159676525959 -0.013642772547063984 -0.0081632596371599125 -0.078543643364127474 0.067919073472293728 -0.0070824917382112549 0.12334063872150644 0.11956185939100092 -0.012444318664090933 0.068475358153798516 0.068025139235973503 -0.015527499943099793 -0.28987030629528249 0.085222364394432745 0.19186648984619031 0.068827819643904539 0.033335344209612677
leaf_weight=8.1149437701387779 21.053551991251879 52.84354562003864 2.3342562374309663 17.002040854655206 0.97338224208215141 15.887314344843618 3.8797557953512287 18.723171491816178 560.65668137719331 0.20379883522400633 13.563719179015605 2.5014623138704364 6.263739179295956 19.396263974689646 44.430684251725324 127.63442884980759 19.760811287502293 13.615513077471403 48.132068569248077 1.122869990649632 2.7756519487593314 315.26546856533969 25.293363181874156 11.872254203422925 8.8106218005123065 0.21824837429449218 16.599355088546872 2.4635583356430288 6.4963472930830894 2.4266010975406962
leaf_count=639 1279 40090 443 2128 125 1593 228 2799 40649 12 3636 39 177 595 13851 19205 8849 259 3853 61 133 5475 489 3275 1416 3 706 269 101 394
internal_value=-0.00045849 -0.00754027 -0.033889 0.00261918 0.00133371 -0.00202508 0.00222465 -0.0258053 -0.00053801 0.194346 0.0234582 -0.00514707 0.0308476 0.0167607 -0.0102169 0.000850625 -0.033622 0.0182418 0.00727865 -0.0589689 0.00946069 -0.00078926 0.00408736 -0.00952398 0.0435238 0.0465197 0.0803546 0.117703 0.0202733 -0.0676805
internal_weight=1390.32 421.177 113.884 969.138 952.136 58.6138 307.293 38.509 914.265 1.17718 79.1911 228.102 28.1615 25.66 199.941 135.749 64.1915 75.3113 61.6958 19.846 18.663 913.088 585.95 327.138 20.1048 37.8712 16.8176 4.79781 15.307 55.2701
internal_count=152771 98630 47299 54141 52013 6815 51331 4586 50025 137 7976 43355 811 772 42544 19844 22700 7748 7489 2860 1726 49888 41138 8750 2229 1988 709 712 1517 40484
is_linear=0
shrinkage=0.08


Tree=94
num_leaves=31
num_cat=0
split_feature=8 14 13 14 4 13 13 12 4 5 13 9 13 14 12 11 0 0 3 4 13 12 4 4 11 12 14 13 9 13
split_gain=4.80291 5.08077 16.4001 21.6969 14.3975 13.5807 12.841 13.411 9.3309 9.89326 8.15893 7.66693 7.47797 6.33268 5.64286 6.21175 4.58112 7.85684 10.2998 8.41313 3.41919 7.56398 3.32185 3.31507 2.54062 1.9885 6.15544 1.66831 1.29534 2.06753
threshold=33.500000000000007 0.19292803853750232 0.29345564544200903 0.056349206715822227 0.88194444775581371 0.35829523205757147 0.50510254502296459 0.34156504273414617 0.78888890147209179 0.76388889551162731 0.34930197894573217 0.83484846353530895 0.52653238177299511 0.39696970582008367 0.36681957542896276 0.64779701828956615 0.87400174140930187 0.87111458182334911 0.77712419629096996 0.30384616553783422 0.46190130710601812 0.33460560441017156 0.240384615957737 0.27922078967094427 0.75068005919456493 0.13755734264850619 0.28348214924335485 0.48394460976123815 0.21913109719753268 0.92876657843589794
decision_type=2 2 2 2 2 2 2 2 2 2 2 2 2 2 2 2 2 2 2 2 2 2 2 2 2 2 2 2 2 2
left_child=1 2 16 14 6 10 7 13 11 -10 -5 -8 -7 -3 -4 -16 17 19 -19 -1 21 -6 -18 -24 -9 26 -22 -27 29 -2
right_child=28 4 3 5 20 12 8 24 9 -11 -12 -13 -14 -15 15 -17 22 18 -20 -21 25 -23 23 -25 -26 27 -28 -29 -30 -31
leaf_value=-0.041493083054004412 -0.090055577884582919 0.076389189205449196 -0.08046548224059176 0.041389344527573119 0.08557585397374412 -0.034801174455857127 0.0090445308606888451 -0.053867422940581298 -0.074586600393802355 -0.003342369535399385 0.21395050477706418 -0.0067497150319118238 0.0076442545419887365 0.38621751359749518 0.25704456718030433 -0.098666201030137429 -0.12225628295924734 0.28700174468607459 -0.011222066787133304 0.040191234979547533 -0.58973316638393281 -0.31450308918712638 0.11099021431789194 0.0010206819480931494 0.062101515939311895 0.20545012309519062 0.0814416728074637 0.071762361588225854 -0.12434618267478448 0.10724010030772635
leaf_weight=10.741290067220687 1.1508994283067284 24.132913052453663 41.247419465944404 7.9068960411386779 0.82463482575258484 63.482282199460315 518.07795270087081 7.1483737096132227 20.818863779306412 31.122803918551654 2.2533255583839491 317.08991166265332 45.679229266737821 0.42972487164661188 0.67402245714038034 0.58854595842421986 1.3889319863810659 1.6592559302225702 1.3395622637472113 32.445617446952383 0.11836924031377094 0.47760357335209846 1.7671439956757229 243.25289941453957 1.4551371334237044 0.61399385007098572 0.3348106307676062 22.119128155522048 2.3736353144486202 0.4824276715517043
leaf_count=4980 155 2065 59525 1312 50 28728 20707 1394 174 642 470 11382 9199 23 107 131 65 44 26 2125 10 4 37 3482 169 24 66 5197 422 3
internal_value=0.000846118 0.00109659 -0.00585439 -0.0262898 0.00443997 -0.00880571 0.00282897 0.0517022 0.00100176 -0.0318979 0.0796598 0.0030479 -0.0170397 0.0818097 -0.075366 0.0912301 0.00544826 0.0285698 0.153786 0.019875 0.0649809 -0.0611554 0.00111446 0.00181381 -0.0342533 0.0720653 -0.0938672 0.0753731 -0.0866147 -0.0317813
internal_weight=1403.2 1399.19 454.426 161.832 944.764 119.322 920.276 33.1661 887.11 51.9417 10.1602 835.168 109.162 24.5626 42.51 1.26257 292.595 46.1857 2.99882 43.1869 24.4885 1.30224 246.409 245.02 8.60351 23.1863 0.45318 22.7331 4.00696 1.63333
internal_count=152718 152138 110231 99472 41907 39709 36556 3651 32905 816 1782 32089 37927 2088 59763 238 10759 7175 70 7105 5351 54 3584 3519 1563 5297 76 5221 580 158
is_linear=0
shrinkage=0.08


Tree=95
num_leaves=31
num_cat=0
split_feature=7 4 14 8 1 21 15 1 7 13 14 21 7 4 21 14 14 13 21 4 1 7 16 21 1 1 14 9 15 12
split_gain=5.69024 9.3779 10.6685 9.68537 9.91877 8.67134 10.4511 15.1679 8.22149 7.97421 16.5386 11.535 7.33402 10.2078 7.40011 6.66622 6.52705 6.82414 8.57852 5.74864 18.4425 13.4769 12.1595 8.32274 8.57079 7.1871 6.24892 5.51664 18.4209 9.01817
threshold=0.50035613775253307 0.38750000298023229 0.21807064861059192 5.5000000000000009 0.33589744567871099 0.66971620917320263 1.5000000000000002 0.24509049206972125 0.50517073273658764 0.61341515183448803 0.44722221791744238 0.63316634297370922 1.0000000180025095e-35 0.78888890147209179 0.80032455921173107 0.19292803853750232 0.71825397014617931 0.59163263440132152 0.72748827934265148 0.057189542800188072 0.55456349253654491 0.67208993434906017 1.0000000180025095e-35 0.76194885373115551 0.32282878458499914 0.42724868655204779 0.90692642331123363 0.26209992170333868 1.5000000000000002 0.41499398648738867
decision_type=2 2 2 2 2 2 2 2 2 2 2 2 2 2 2 2 2 2 2 2 2 2 2 2 2 2 2 2 2 2
left_child=1 2 27 4 15 6 -4 -8 9 -2 11 -11 14 -14 -6 -3 17 18 -5 20 23 -21 26 24 -10 -25 -23 28 29 -1
right_child=8 3 5 16 12 -7 7 -9 19 10 -12 -13 13 -15 -16 -17 -18 -19 -20 21 -22 22 -24 25 -26 -27 -28 -29 -30 -31
leaf_value=-0.080151119722394013 -0.084112898593419555 -0.090236218283200081 -0.0056595207048487466 -0.069812702609786101 0.067073080207216154 -0.031824498158003006 0.039045674743970492 0.30687230247743008 -0.00056007287463544166 0.19381087939833966 0.071889964419140806 0.90364855330181093 -0.049964578601863617 0.095739827874623804 -0.0059660581745049667 0.1399565601612151 0.043288508978491028 -0.09883857776624165 0.11577539897913236 -0.040091971984185959 0.077737137842593715 -0.00022814321136750533 0.045706419028040415 -0.064547212577125396 0.043522507196607205 0.013488525998665407 0.091879094061424929 -0.074134341826375891 1.7441051595238284 0.76905735761577743
leaf_weight=0.53217227492132479 0.71053957582625971 0.912795216194353 82.839525290939491 3.9308215029886986 21.933224801527103 78.73602060021949 9.6570984101854247 1.5738647999241937 83.511390850530006 0.26833911958965462 1.3147856368450446 0.32272038116934709 16.344345163321126 3.7910397443920365 14.914860861841587 6.8273508893325925 5.3853776140604159 10.227787096577229 2.6813453032809775 50.589533973485231 26.17404062426067 814.20979805669049 39.578334145015106 18.055111478897746 42.639430681869271 12.986425759503616 4.741541161434724 24.536211617756635 0.043825815722811967 0.094199773855507374
leaf_count=593 485 286 10405 3131 1757 3198 287 98 13906 29 26 30 1586 271 367 143 281 90 71 12900 1499 46588 7970 192 2463 295 124 43354 10 65
internal_value=0.000358737 -0.0097115 -0.0193284 0.0121895 0.0278357 -0.0122364 0.00415871 0.0765779 0.00297916 0.144622 0.229899 0.581385 0.0162935 -0.0225317 0.0375093 0.11281 -0.0333746 -0.0578913 0.00544641 0.00263994 0.0155615 3.37049e-05 0.00239814 0.00520867 0.01434 -0.0319005 0.000305137 -0.0679489 0.158502 0.0475609
internal_weight=1380.06 284.962 198.013 86.9489 64.7236 172.807 94.0705 11.231 1095.1 2.61638 1.90585 0.59106 56.9835 20.1354 36.8481 7.74015 22.2253 16.84 6.61217 1092.49 183.366 909.119 858.53 157.192 126.151 31.0415 818.951 25.2064 0.670198 0.626372
internal_count=152500 65993 58010 7983 4410 13988 10790 385 86507 570 85 59 3981 1857 2124 429 3573 3292 3202 85937 18355 67582 54682 16856 16369 487 46712 44022 668 658
is_linear=0
shrinkage=0.08


Tree=96
num_leaves=31
num_cat=0
split_feature=17 14 12 13 21 19 14 8 9 2 19 13 12 11 13 14 14 9 5 14 9 8 8 14 9 14 0 14 12 9
split_gain=5.94295 6.86728 5.94787 8.26949 9.53685 7.10869 7.03378 8.4114 5.78049 5.14812 4.9958 5.74178 7.56126 4.98714 4.65738 4.49699 4.35973 5.6894 4.60375 3.89119 3.87365 13.1216 9.31364 6.34151 5.97109 5.57331 3.94128 3.86299 3.60694 3.32135
threshold=1.0000000180025095e-35 0.81534090638160717 0.84866103529930126 0.92508503794670116 0.94772925972938549 7.5000000000000009 0.68990385532379161 8.5000000000000018 0.94174209237098705 0.38327018916606909 3.5000000000000004 0.89561396837234508 0.14721362292766574 0.91007909178733837 0.91533854603767406 0.70294117927551281 0.5313725769519807 0.85053193569183361 0.63333335518836986 0.77097901701927196 0.72804316878318798 7.5000000000000009 4.5000000000000009 0.75499999523162853 0.88303694128990184 0.43874999880790716 0.41772992908954626 0.93095237016677868 0.54677084088325512 0.52803984284400951
decision_type=2 2 2 2 2 2 2 2 2 2 2 2 2 2 2 2 2 2 2 2 2 2 2 2 2 2 2 2 2 2
left_child=1 2 20 4 15 -6 8 -8 -5 27 29 16 -13 14 -14 -4 17 28 -19 -15 21 26 25 -23 -24 -22 -1 -3 -12 -2
right_child=10 9 3 6 5 -7 7 -9 -10 -11 11 12 13 19 -16 -17 -18 18 -20 -21 22 23 24 -25 -26 -27 -28 -29 -30 -31
leaf_value=-0.088953709014132423 0.0082596576328809318 -0.058116690738864545 -0.077233132006672686 0.07825216628213659 -0.15949259912310759 -0.53751790730318227 0.033349315483061207 -0.093262200544653479 -0.065788155133034223 0.076542321017658704 0.088778024148586154 -0.19447964632642897 -0.02982259410028874 0.012035571086462785 0.0400183642138707 0.024207314863583594 0.053747149799808255 -0.10257567308732102 9.0096220765061328e-05 -0.04364824724161686 0.0031659293574460806 0.0085716496768154116 -0.017392303030550917 -0.094963004947298604 -0.18978034002564631 0.03040878359559818 0.067450506214566247 0.032003193511510701 0.0049336732557039454 -0.010288549470189015
leaf_weight=1.066997503919995 70.755852183196112 3.855952109210194 8.9439124852651712 8.972683096420953 1.9238321587909006 0.38149923412129272 6.1268189031979983 7.4313544502947479 2.2253355267457655 14.742519501887726 6.4060634718625824 1.3281267746933725 8.3282185388379748 12.854037857963702 22.951717062853277 4.0695245660608625 25.311603295907844 3.7978530845139149 10.590240627818275 21.408288130303845 257.13307888715644 169.51012002430798 100.07154219997756 3.8726796382106832 1.3026759570348065 59.108349317102693 30.688837468798738 14.458689006743953 6.7373302606865764 487.38583082979312
leaf_count=91 14689 24 116 148 106 19 272 65 146 1213 162 67 201 747 1005 92 936 86 373 1383 19059 19661 9123 57 38 2833 2019 143 99 77484
internal_value=0.000574893 0.00576812 0.00399334 -0.0258805 -0.0720785 -0.22205 0.00270607 -0.0360476 0.0496276 0.0413543 -0.00475648 0.010073 -0.0055017 -0.00167232 0.0214234 -0.045511 0.029782 0.0077491 -0.0270094 -0.0227576 0.00591576 0.0149181 0.00149367 0.0062591 -0.0196075 0.00825786 0.0621953 0.0130294 0.0457992 -0.00793719
internal_weight=1373.74 695.886 662.829 40.075 15.3188 2.30533 24.7562 13.5582 11.198 33.0572 677.855 119.713 66.8704 65.5423 31.2799 13.0134 52.8431 27.5315 14.3881 34.2623 622.754 205.139 417.616 173.383 101.374 316.241 31.7558 18.3146 13.1434 558.142
internal_count=152457 55225 53845 964 333 125 631 337 294 1380 97232 5059 3403 3336 1206 208 1656 720 459 2130 52881 21828 31053 19718 9161 21892 2110 167 261 92173
is_linear=0
shrinkage=0.08


Tree=97
num_leaves=31
num_cat=0
split_feature=9 9 3 1 5 7 3 5 3 13 0 19 1 5 11 7 8 9 9 5 1 8 9 2 0 3 3 13 8 9
split_gain=4.78551 16.2516 16.5237 36.106 15.4272 10.9033 8.88811 7.78268 31.1728 12.414 7.77498 7.55443 7.62532 8.16674 7.33776 7.14477 6.78045 16.4804 15.8729 11.9584 11.5889 9.96817 7.10484 6.48804 9.57233 7.34877 6.36546 5.94986 5.81285 8.08901
threshold=0.9759001135826112 0.95875850319862377 0.82972848415374767 0.78474903106689464 0.63333335518836986 0.47806638479232794 0.89512962102890026 0.86607143282890331 0.95861870050430309 0.58077901601791393 0.93075495958328258 7.5000000000000009 0.75255101919174205 0.63333335518836986 0.64169430732727062 0.49544513225555425 2.5000000000000004 0.92380261421203624 0.86402156949043285 0.76388889551162731 0.91458967328071605 1.5000000000000002 0.88047617673873912 0.8521554470062257 0.92143356800079357 0.88548010587692272 0.78192934393882763 0.63654914498329174 5.5000000000000009 0.65821567177772533
decision_type=2 2 2 2 2 2 2 2 2 2 2 2 2 2 2 2 2 2 2 2 2 2 2 2 2 2 2 2 2 2
left_child=1 16 11 5 10 -4 -6 26 15 14 -5 12 13 -3 -10 -9 17 22 28 21 -21 -19 -1 24 -20 -25 -2 -28 -18 -30
right_child=7 2 3 4 6 -7 -8 8 9 -11 -12 -13 -14 -15 -16 -17 18 19 23 20 -22 -23 -24 25 -26 -27 27 -29 29 -31
leaf_value=0.091252751926326411 -0.0020347029296298707 -0.087953615777640812 -0.042816650960952322 -0.080169984696292509 -0.28727591622449011 0.099347791521456869 -0.10504400749211859 0.052609913628956811 0.0094264046355105567 0.069730618331753522 0.06318695756894549 -0.52177279013152233 -0.225298291649771 0.088697395364833009 -0.065063917191303972 -0.13260472765663808 0.012434407433541815 0.033092872075274102 -0.036374943541164204 -0.10294596463891514 0.063687958838599845 -0.027101578081709207 0.031269084020309215 0.099702214370883516 -0.13831339133251191 -0.017281024746482725 0.016807871074485378 0.075161251418225286 0.006076800346431383 -0.012948446586115422
leaf_weight=16.577649114187807 21.101353865786223 19.630962053342966 4.4139661449880814 4.3443512877274788 2.001389394135912 15.853880527953152 11.884862901410086 1.4941970712970913 83.826103423925815 21.197034187847748 5.4697475513094105 0.25951891392469306 2.3286792951257658 1.8311652395350382 9.4138272482668963 12.352839129976928 253.95149528305046 41.397927789395908 53.902046203846112 12.901334791531555 3.3685622026678166 30.637071029545041 53.174311901093461 3.7087643062695852 6.6195167556579682 46.857636327127693 19.076603610097663 27.02564041595906 334.30912873974739 249.96910492231837
leaf_count=962 4110 4142 200 177 101 498 298 84 3231 5086 266 8 110 155 425 630 22194 4719 9363 452 93 4333 5267 105 273 1823 827 890 47930 34288
internal_value=0.000714077 -0.00121355 -0.0391695 -0.0100072 -0.0770476 0.068387 -0.131309 0.0123041 0.000750875 0.0144688 -0.000272044 -0.0924832 -0.0878004 -0.0728816 0.0019056 -0.112619 0.00111783 0.0164594 -0.00143648 -0.00649953 -0.0684456 0.00749168 0.0455251 -0.0298523 -0.0475244 -0.00870095 0.034358 0.0510153 0.00232938 -0.00206268
internal_weight=1370.88 1175.39 68.0185 43.9682 23.7004 20.2678 13.8863 195.488 128.284 114.437 9.8141 24.0503 23.7908 21.4621 93.2399 13.847 1107.37 158.057 949.318 88.3049 16.2699 72.035 69.752 111.088 60.5216 50.5664 67.2036 46.1022 838.23 584.278
internal_count=153040 137757 5955 1540 842 698 399 15283 9456 8742 443 4415 4407 4297 3656 714 131802 15826 115976 9597 545 9052 6229 11564 9636 1928 5827 1717 104412 82218
is_linear=0
shrinkage=0.08


Tree=98
num_leaves=31
num_cat=0
split_feature=11 13 11 16 15 19 0 12 13 5 13 2 11 12 3 13 13 12 11 13 12 11 12 4 13 4 1 13 15 11
split_gain=4.54028 7.83593 6.13628 10.4273 18.7732 6.18642 5.87902 5.72468 6.95909 7.92588 5.17104 5.01962 4.38176 13.8038 14.9313 8.76576 7.38641 8.54742 7.20156 19.9823 16.9341 14.4182 10.1288 7.62784 14.6121 10.4121 6.30648 5.75343 5.54369 4.63103
threshold=0.93501552939414989 0.78995800018310558 0.986863672733307 1.0000000180025095e-35 1.0000000180025095e-35 5.5000000000000009 0.40707941353321081 0.96712303161621105 0.98227471113204967 0.38750000298023229 0.96820342540740978 0.23132664710283282 0.85993880033493053 0.64395171403884899 0.23606811463832858 0.66806137561798107 0.78171369433403026 0.71494102478027355 0.78481063246727001 0.85777497291564953 0.50187969207763683 0.82649993896484386 0.66063237190246593 0.4083333313465119 0.83124706149101268 1.0000000180025095e-35 0.17712418735027316 0.81705284118652355 1.0000000180025095e-35 0.86919930577278148
decision_type=2 2 2 2 2 2 2 2 2 2 2 2 2 2 2 2 2 2 2 2 2 2 2 2 2 2 2 2 2 2
left_child=12 -2 3 4 10 -6 -5 -4 -9 -10 -3 -8 18 14 29 26 17 -17 22 20 21 -20 23 25 -25 -1 -15 -16 -24 -14
right_child=1 2 7 6 5 -7 11 8 9 -11 -12 -13 13 15 27 16 -18 -19 19 -21 -22 -23 28 24 -26 -27 -28 -29 -30 -31
leaf_value=0.0046994182733893237 0.14942263769324038 -0.026425635855824567 0.058091399235024675 -0.12478839960458327 -0.086808042279828967 -0.20004736712775742 0.081815036640572117 -0.13171736380325744 -0.016837076344456876 0.070574262188757939 0.052619621168183972 0.0036100174211924014 0.24073840426409263 0.46870212556972896 0.049156603331725751 -0.0085561913120710698 0.0063311859131448787 -0.13005867624171658 -0.064670129095133463 0.014879719459906586 -0.058114754590725182 0.063173319659707197 0.059152850192182714 0.011074885614624479 -0.038456619866794314 -0.0264318291392081 0.083713220701241819 -0.030529884641520774 0.0033348174336410531 0.10753630108749324
leaf_weight=147.15827688090212 1.9109176549245592 56.766321336617693 12.031456730910575 2.0043277190998188 14.518091540900061 3.9216626142151645 6.2008954323828211 2.5902265531476578 27.887492372887209 8.7130465987720509 5.8417911756550884 34.350650856213178 2.7762745735235503 0.41763037140481063 27.415886806906201 10.82146623847075 148.3014383095433 5.6350239530438548 8.6969725176168158 80.413224944495596 73.678237503976561 16.093380795093253 30.603499964054208 442.85488351418462 41.707986597844865 129.06012805150385 0.7826162219280377 7.3543171315104692 18.135910752345808 4.1938719842582941
leaf_count=46178 53 588 389 12 175 42 31 33 477 1153 74 3070 34 8 1125 290 3356 119 820 2016 2324 1263 621 24384 1568 61768 38 208 625 43
internal_value=0.000269655 -0.0116989 -0.01346 -0.0231084 -0.0399455 -0.110891 0.00895801 0.00982229 -0.0049962 0.00397188 -0.0190501 0.0155687 0.00203814 0.012601 0.0537249 0.00225785 0.000688584 -0.050161 -0.000181487 -0.0147082 -0.0388708 0.0183232 0.00302852 0.000763534 0.00681154 -0.00984633 0.217672 0.032302 0.038383 0.160592
internal_weight=1372.84 176.737 174.826 123.604 81.0479 18.4398 42.5559 51.2222 39.1908 36.6005 62.6081 40.5515 1196.1 207.699 41.7404 165.958 164.758 16.4565 988.403 178.882 98.4686 24.7904 809.521 760.781 484.563 276.218 1.20025 34.7702 48.7394 6.97015
internal_count=152885 6097 6044 3992 879 217 3113 2052 1663 1630 662 3101 146788 5221 1410 3811 3765 409 141567 6423 4407 2083 135144 133898 25952 107946 46 1333 1246 77
is_linear=0
shrinkage=0.08


Tree=99
num_leaves=31
num_cat=0
split_feature=9 2 1 4 0 14 1 5 1 21 4 1 2 2 1 0 4 3 1 2 15 4 5 2 0 14 2 21 11 1
split_gain=4.32917 7.64642 14.0008 9.18978 6.97966 6.42835 6.38049 9.41794 8.5994 6.25959 5.59808 7.30264 5.43355 5.40822 6.10769 5.24614 5.08426 4.93736 4.62901 5.76163 4.62381 3.99287 18.429 8.01384 3.97434 3.81581 3.30661 3.09596 9.12565 2.75691
threshold=0.8760964870452882 0.49295215308666235 0.48435972630977636 0.47222222387790685 0.96784415841102611 0.90692642331123363 0.88047617673873912 0.73214286565780651 0.70871210098266613 0.89572793245315563 0.88194444775581371 0.87138131260871898 0.20373573154211047 0.78142958879470836 0.81016731262207042 0.67361626029014599 0.57738095521926891 0.15504807978868487 0.41728855669498449 0.44562648236751562 2.5000000000000004 0.67948719859123241 0.76388889551162731 0.7897985875606538 0.86624246835708629 0.30217391252517706 0.77459675073623668 0.62313169240951549 0.63333630561828624 0.31622806191444403
decision_type=2 2 2 2 2 2 2 2 2 2 2 2 2 2 2 2 2 2 2 2 2 2 2 2 2 2 2 2 2 2
left_child=4 12 3 9 10 6 8 -8 -4 15 11 21 17 -12 24 -3 -6 -2 -14 25 29 23 -23 -1 -15 -20 -22 28 -19 -5
right_child=1 2 5 20 16 -7 7 -9 -10 -11 13 -13 18 14 -16 -17 -18 27 19 -21 26 22 -24 -25 -26 -27 -28 -29 -30 -31
leaf_value=-0.0010236732052507575 -0.12926976883811464 0.049453642624402681 -0.0026579081022228257 0.11418252881483162 0.18260716898665472 0.085145261144668541 0.040738169936079968 -0.0072784048803685251 -0.035882390501077568 -0.5717272122284881 -0.12742708112057113 0.16663692344803921 -0.062201867280521767 0.35096962681376165 -0.074288000960993181 -0.023093988752985972 0.0305347338656074 0.72737563249723325 -0.080785806998781282 -0.05620479848559462 0.082104511560479432 -0.046679036014110609 0.013177853680503743 0.01915481723740569 0.11448566004950901 0.096279815936237884 -0.28459877305244069 0.18973748987397607 -0.08655490069343838 0.054588536078262091
leaf_weight=554.7479914656069 0.6566786181647325 9.7396486163052085 99.423318787114113 6.1378534148097961 1.4594392482540559 4.6418203543289556 32.171396399149671 139.51233829584089 100.00904096945305 0.12226110976189275 0.74494976544519786 1.7105641107191321 29.358761184383184 0.50877149531152088 1.0400271493126636 18.489836225897307 39.191057617543265 0.098938575043576171 0.96589049873000288 5.6003240204154281 0.25257917167618771 55.837612459174125 80.20455956904334 162.96699312452984 4.2892648924025707 4.0241755206370726 0.4175126479822211 1.4807191707368472 0.80919279513182119 26.070573219796643
leaf_count=95993 43 2920 7688 251 51 1048 1257 8239 4552 5 26 48 12655 7 30 3141 1552 40 441 595 19 1549 2444 6728 187 56 28 21 82 1126
internal_value=0.000336001 -0.00580289 -0.00263567 0.0328377 0.00360016 -0.0084161 -0.00958634 0.0017193 -0.0193189 -0.000537638 0.00207259 0.00150706 -0.0379938 0.0755633 0.101465 0.00193617 0.0359945 0.0650085 -0.0458462 -0.000505028 0.0616179 0.00117621 -0.01139 0.00355813 0.139562 0.0620065 -0.146377 0.118414 0.00212074 0.0659452
internal_weight=1382.68 479.983 436.988 61.2303 902.701 375.758 371.116 171.684 199.432 28.3517 862.051 855.468 42.9947 6.58301 5.83806 28.2295 40.6505 3.04553 39.9492 10.5904 32.8785 853.757 136.042 717.715 4.79804 4.99007 0.670092 2.38885 0.908131 32.2084
internal_count=152822 44207 30274 7490 108615 22784 21736 9496 12240 6066 107012 106762 13933 250 224 6061 1603 186 13747 1092 1424 106714 3993 102721 194 497 47 143 122 1377
is_linear=0
shrinkage=0.08


Tree=100
num_leaves=31
num_cat=0
split_feature=8 16 7 14 11 15 8 8 0 11 15 3 4 7 14 13 13 19 13 7 13 21 1 3 19 1 14 14 11 11
split_gain=4.58742 4.37521 10.4343 8.02909 6.58123 25.8603 9.12407 6.00402 5.40611 5.39242 6.1281 4.67146 6.22526 4.53004 4.05366 4.78532 4.36369 3.36806 2.79621 1.08504 1.23526 0.626793 0.520417 0.521248 0.429164 0.171664 0.165985 0.0537574 0.0151789 0.0034014
threshold=33.500000000000007 1.0000000180025095e-35 0.85805556178092968 0.94281044602394115 0.93501552939414989 1.0000000180025095e-35 6.5000000000000009 8.5000000000000018 0.59885829687118541 0.64169430732727062 1.5000000000000002 0.96922349929809581 0.087121214717626586 0.77806639671325695 0.82085561752319347 0.96820342540740978 0.97329768538475048 11.500000000000002 0.86505654454231273 0.31574073433876043 0.92876657843589794 0.82274028658866893 0.15319426357746127 0.35229477286338812 1.5000000000000002 0.053342817351222045 0.70710784196853649 0.10762548446655275 0.85993880033493053 0.95862466096878063
decision_type=2 2 2 2 2 2 2 2 2 2 2 2 2 2 2 2 2 2 2 2 2 2 2 2 2 2 2 2 2 2
left_child=1 3 9 4 14 6 -6 -7 -4 10 13 12 -11 -3 16 -16 -1 18 -10 20 29 25 -5 -24 -25 -21 28 -13 -27 -2
right_child=19 2 8 22 5 7 -8 -9 17 11 -12 27 -14 -15 15 -17 -18 -19 -20 21 -22 -23 23 24 -26 26 -28 -29 -30 -31
leaf_value=-0.00062033958345862801 -0.081086727365929798 0.042541017386340772 0.32198898877329468 0.027278873740772057 -0.021548532509127787 -0.063659540713120522 0.037012547680872337 -0.14810776941875875 0.024177814241347212 0.0031314946630285972 0.18342007267039218 0.12012472224328555 -0.041905785855560228 -0.14540693285400505 0.053230403983794146 -0.05075771301406997 0.082431889210803355 -0.25765965607460728 0.066305236731588349 -0.038615849605285323 0.10532252500547004 -0.23932706521526506 0.15094379073810568 0.028311076422489766 0.093059890046224308 -0.082177826364631293 -0.13178086817298471 0.079706568357642546 -0.098659924974091165 -0.093970525212233105
leaf_weight=1028.8762786481529 0.27341322124266243 11.62297427959856 0.45510858600027759 0.88222698494791885 41.944942577625625 14.253948690136896 28.663325588684529 8.6628156611695868 19.048423850734252 125.24003850630834 1.9014396723068792 0.22245246171951194 23.296013469313039 0.88310185528826046 16.899809267139066 3.4023961181519544 4.0648464767727992 0.23438214475754549 21.426049851521384 0.26591088797431517 0.35861334204673767 0.22253376245498646 0.85479681193828572 0.76772417547181238 4.4678948735818267 0.83671470103581691 0.97975892201066006 3.9537974242703058 0.62449955567717552 0.25203441828489304
leaf_count=132750 164 1904 6 8 575 206 232 61 2769 5150 34 1 1168 14 331 67 57 40 5739 6 2 1 4 27 108 426 5 861 7 2
internal_value=0.000797913 0.00104324 0.0117147 -0.000883269 -0.00140366 -0.0217416 0.00222425 -0.095582 0.0477932 0.00282805 0.0496134 -0.00158588 -0.00393204 0.0292693 0.000402287 0.0358033 -0.000293511 0.0447278 0.0464789 -0.0868227 -0.00914408 -0.110265 0.0847038 0.0930221 0.0835655 -0.0996549 -0.106304 0.0818595 -0.089222 -0.0872665
internal_weight=1365.84 1362.02 208.284 1153.74 1146.77 93.525 70.6083 22.9168 41.164 167.12 14.4075 152.712 148.536 12.5061 1053.24 20.3022 1032.94 40.7089 40.4745 3.81348 0.884061 2.92942 6.97264 6.09042 5.23562 2.70688 2.44097 4.17625 1.46121 0.525448
internal_count=152725 152112 17686 134426 134279 1074 807 267 8554 9132 1952 7180 6318 1918 133205 398 132807 8548 8508 613 168 445 147 139 135 444 438 862 433 166
is_linear=0
shrinkage=0.08


Tree=101
num_leaves=31
num_cat=0
split_feature=14 13 2 5 21 0 13 9 0 12 11 11 14 11 4 11 11 11 12 21 19 19 13 8 11 14 0 14 4 17
split_gain=4.81502 8.86428 9.65444 7.19475 7.07725 7.18949 6.34983 5.77825 5.45908 5.68545 10.2575 9.57755 5.4506 5.43982 9.41397 7.94832 5.24662 4.76918 8.92462 7.39172 5.69184 5.43327 7.66657 3.79508 3.16166 6.31979 2.88603 2.742 2.54685 2.49857
threshold=0.49074074625968939 0.78995800018310558 0.9529346525669099 0.31666667759418493 0.59913852810859691 0.41772992908954626 0.93362700939178478 0.88047617673873912 0.45313462615013128 0.33905674517154699 0.63496217131614696 0.64521294832229625 0.61721614003181469 0.64959734678268444 1.0000000180025095e-35 0.85993880033493053 0.83183544874191295 0.83183544874191295 0.64395171403884899 0.79462140798568737 1.5000000000000002 2.5000000000000004 0.82378187775611889 2.5000000000000004 0.70603400468826305 0.54772728681564342 0.47377082705497747 0.64495798945426952 0.240384615957737 1.0000000180025095e-35
decision_type=2 2 2 2 2 2 2 2 2 2 2 2 2 2 2 2 2 2 2 2 2 2 2 2 2 2 2 2 2 2
left_child=4 3 17 12 8 -6 13 -8 9 10 -1 -12 24 14 -7 -15 27 18 19 -3 -20 22 -19 -23 25 -2 -18 -14 -26 -5
right_child=1 2 -4 29 5 6 7 -9 -10 -11 11 -13 16 15 -16 -17 26 21 20 -21 -22 23 -24 -25 28 -27 -28 -29 -30 -31
leaf_value=-0.032186362847138224 0.087951556712798043 0.010018395491005621 0.081434921688116974 0.095737105033645492 0.25887008877552287 0.047893634720071021 0.13550938479660654 -0.049269587747966227 -0.05403094256962996 -0.034763142031697572 0.39536178012227807 0.081252491362121509 0.11362281951645704 -0.017992382522916368 -0.00084897408678801423 0.0074084810522125743 0.30552696355166559 -0.10143065567110549 0.061892101191331726 -0.037883847172713606 0.015568849499020614 0.026048522151047502 -0.015667770187454404 -0.0044401469912575976 -0.011787408911117186 -0.1415139903494459 0.11049656921283157 -0.058059220386191761 -0.1019702447536448 0.043233453241983008
leaf_weight=3.9261608801898573 4.311984383268288 54.086090079741552 9.4117011857451853 11.569789463828783 0.6694058608263721 27.054310993626132 3.843932122224941 1.5080242735566569 32.040442525096296 11.483300070685798 0.82313299652014427 2.53316210542107 0.98436675313860122 279.74738546111621 404.73173801486701 109.78249358851463 0.76364705711603198 7.1732997652143231 23.215103485854343 33.315680769272149 63.165689637768082 33.174023555126041 95.241380400024354 123.03983487078222 15.060704125324266 0.93465516855940212 1.3336618738248942 1.5066882390528915 2.3118188022635868 11.633848450146616
leaf_count=1479 140 980 3775 346 11 6877 38 45 34593 2278 205 810 25 33264 55713 2667 5 121 290 1024 1212 1103 1379 3417 458 40 38 41 39 311
internal_value=-0.00143001 0.00490381 0.00127749 0.0366862 -0.00498037 -0.00320063 -0.00341284 0.0834441 -0.033962 0.000303565 0.0555983 0.158288 0.00877569 -0.00397883 0.00220508 -0.0108336 0.0882775 -0.000467182 0.00978221 -0.00824091 0.0280184 -0.00735415 -0.0216747 0.00203451 -0.00735149 0.0470737 0.181509 0.00978276 -0.0237883 0.0694128
internal_weight=1370.38 492.234 441.823 50.4112 878.143 827.337 826.668 5.35196 50.8062 18.7658 7.28246 3.3563 27.2075 821.316 431.786 389.53 4.58836 432.411 173.783 87.4018 86.3808 258.629 102.415 156.214 22.6192 5.24664 2.09731 2.49105 17.3725 23.2036
internal_count=152724 14744 13301 1443 137980 98615 98604 83 39365 4772 2494 1015 786 98521 62590 35931 109 9526 3506 2004 1502 6020 1500 4520 677 180 43 66 497 657
is_linear=0
shrinkage=0.08


Tree=102
num_leaves=31
num_cat=0
split_feature=21 15 11 21 8 0 15 2 12 14 12 14 8 4 8 0 5 14 2 3 11 5 3 11 11 19 21 4 12 12
split_gain=5.93061 4.52554 6.41061 5.26853 4.09081 7.35051 4.78143 10.4092 13.0143 5.70385 5.97854 5.58641 5.27789 3.83591 25.0471 11.8746 9.84356 6.47372 5.77168 4.29022 3.68214 4.13386 3.52608 5.5735 9.31901 3.40926 3.38113 3.2493 3.08713 4.01016
threshold=0.5927729904651643 1.5000000000000002 0.52187490463256847 0.57070627808570873 8.5000000000000018 0.44080047309398657 1.0000000180025095e-35 0.87585616111755382 0.20848321169614795 0.71825397014617931 0.85773810744285595 0.70710784196853649 4.5000000000000009 0.73214286565780651 10.500000000000002 0.94288310408592235 0.6904762089252473 0.69397994875907909 0.75147059559822094 0.93643954396247875 0.92668560147285473 0.73214286565780651 0.15504807978868487 0.70227724313735973 0.71487352252006542 6.5000000000000009 0.91806775331497203 0.11805555596947671 0.43276406824588781 0.48203529417514807
decision_type=2 2 2 2 2 2 2 2 2 2 2 2 2 2 2 2 2 2 2 2 2 2 2 2 2 2 2 2 2 2
left_child=1 3 -3 22 5 -2 9 8 -8 11 -11 -7 -9 15 20 25 18 -18 -16 -17 21 -15 -1 -24 -25 27 -27 -6 -4 -30
right_child=4 2 28 -5 13 6 7 12 -10 10 -12 -13 -14 14 16 19 17 -19 -20 -21 -22 -23 23 24 -26 26 -28 -29 29 -31
leaf_value=-0.064927998984732616 0.092704717793053587 0.39882744893207189 -0.058714566916888422 -0.061951467811705928 0.0021055869909869223 -0.00075483137674220099 0.076003789219209819 0.055669678090658488 -0.00011034701101187662 0.060090206931465835 -0.0037781109690007675 -0.068303797146356371 -0.015011526397307748 -0.11189027297245334 0.080881835996308271 0.17049572218649611 0.10226734125505578 -0.05894827898537084 -0.10870492534753189 0.024561859814580114 -0.13995131375276063 -0.036870362722588423 -0.022993958335927669 0.23971377522670823 0.017234662151664321 0.073809984981344834 -0.05497534784134956 -0.014830364363949253 0.1996765899776555 0.010741520183335782
leaf_weight=6.807258391607319 5.9957399421546134 0.31331427744589646 1.7854813902085878 20.52887728260248 149.57599964860128 623.92114625900285 15.451812879196948 44.25870276929345 206.69973547112022 20.19486161484383 17.51559547893703 7.9353092942619687 7.9805132595356545 7.3475976145709927 1.4592081477167091 3.3578755635535336 11.399806117726255 1.8532701856456704 3.4753161538828863 2.0928454956156202 5.0902935171034178 13.050492570662753 24.034577239392092 1.3936943361040892 8.8977054679125995 6.2825623172102487 1.6466519000241531 140.70330067355098 1.0639606927288698 2.2174206412164494
leaf_count=637 88 4 189 14397 15102 56901 939 7263 12734 362 344 87 291 194 31 41 258 59 113 51 54 296 19080 207 478 200 56 22400 21 36
internal_value=0.0004909 -0.022711 0.0476548 -0.0288506 0.00168995 0.00440638 0.00384554 0.0127397 0.00518379 0.000200683 0.0304249 -0.00160316 0.0448718 -0.00573945 -0.0279072 -0.00255101 0.0438112 0.0797234 -0.0526415 0.114463 -0.0790829 -0.0638933 -0.0123305 -0.00189983 0.0473635 -0.00468982 0.0470653 -0.00610356 0.0259397 0.0720022
internal_weight=1364.33 67.0423 5.38018 61.6621 1297.29 949.953 943.958 274.391 222.152 669.567 37.7105 631.856 52.2392 347.335 43.676 303.659 18.1876 13.2531 4.93452 5.45072 25.4884 20.3981 41.1332 34.326 10.2914 298.209 7.92921 290.279 5.06686 3.28138
internal_count=152913 35049 250 34799 117864 79009 78921 21227 13673 57694 706 56988 7554 38855 1005 37850 461 317 144 92 544 490 20402 19765 685 37758 256 37502 246 57
is_linear=0
shrinkage=0.08


Tree=103
num_leaves=31
num_cat=0
split_feature=17 1 4 9 1 14 13 0 3 1 4 1 2 15 15 9 7 9 8 8 13 21 7 7 21 7 2 0 1 0
split_gain=5.32957 3.75547 6.54633 10.0349 11.1845 6.58181 6.31654 5.96286 5.8735 8.22042 6.16628 4.56897 5.93735 4.53197 6.75958 6.47495 14.3684 6.37683 5.50933 4.07419 3.99644 3.90708 3.72729 7.4502 10.1481 8.06615 6.87349 6.04643 5.63216 13.9554
threshold=1.0000000180025095e-35 0.21913109719753268 0.064583335071802153 0.4803846031427384 0.3312236368656159 0.81534090638160717 0.96820342540740978 0.71884274482727062 0.56374144554138195 0.31622806191444403 0.30384616553783422 0.24509049206972125 0.34178434312343603 1.5000000000000002 1.0000000180025095e-35 0.3357843160629273 0.71446609497070324 0.24283374845981601 24.500000000000004 17.500000000000004 0.35624311864376074 0.52218896150589 0.47232905030250555 0.48442460596561437 0.91089481115341198 0.48349672555923467 0.32049381732940679 0.45786494016647344 0.11200716719031335 0.56394365429878246
decision_type=2 2 2 2 2 2 2 2 2 2 2 2 2 2 2 2 2 2 2 2 2 2 2 2 2 2 2 2 2 2
left_child=1 13 3 11 6 8 -5 -6 10 -10 -4 19 -13 14 15 17 -17 -1 20 -3 -16 -15 -2 24 25 27 -27 -24 29 -25
right_child=22 2 5 4 7 -7 -8 -9 9 -11 -12 12 -14 21 18 16 -18 -19 -20 -21 -22 -23 23 28 -26 26 -28 -29 -30 -31
leaf_value=-0.0057310112650323852 -0.018218312528108318 0.14911499364364134 -0.082119223702937061 -0.044444617575125848 0.073011309003969183 0.069909708808649065 0.15116144525470196 0.010996125413606856 0.083449114507090277 0.0027580900295812822 0.10190839750902976 0.31678098680671168 0.11133894801096904 0.19843310686926241 0.20777149131907163 -0.018316064681226672 1.1740697842766881 0.13572608138005574 -0.090279583451447876 -0.038798267812786183 -0.023218596421673125 0.0232743252384102 0.30359281206236033 0.032578257334133609 -0.7467399872431405 0.16009213809475584 0.78509051247075856 0.041813979510328947 -0.0045886389538640441 0.43190058975536205
leaf_weight=3.520920454742738 117.30958092793298 1.1650953258649663 8.7403160203393746 17.605901791364889 20.033354834333295 9.54575601313263 1.1240149810910214 19.661695303424494 8.2147094269021164 493.5828920413478 1.3445611262577593 1.0974570383550597 5.0118661137821618 0.88227420137263735 0.48404401530569785 13.907453126812467 0.064979852162651563 4.8476234065747121 8.6051409545034385 2.0163951151771471 49.593035375015461 10.691946652543264 0.61306917043111386 6.316312988579738 0.095655001699925246 0.290679857120267 0.18383917016035412 7.1557930515555199 539.55356931997812 0.61461679883359455
leaf_count=248 38573 90 6354 3452 911 1062 6 885 1661 28659 65 94 212 10 62 5063 40 333 403 195 5199 251 93 593 1 28 69 1856 56131 165
internal_value=-0.000207257 0.00477659 0.00713056 0.0305313 0.0182505 0.00409159 -0.032706 0.042294 0.00286419 0.00407905 -0.0575838 0.107759 0.148244 -0.0102004 -0.0168896 0.02056 -0.0127708 0.0762105 -0.0311471 0.0300175 -0.0209859 0.0366262 -0.00526235 -0.00252299 0.072523 0.0820296 0.40223 0.0624719 -0.00366815 0.0679891
internal_weight=1353.87 681.741 589.144 67.7158 58.425 521.428 18.7299 39.6951 511.882 501.798 10.0849 9.29081 6.10932 92.5974 81.0232 22.341 13.9724 8.36854 58.6822 3.18149 50.0771 11.5742 672.133 554.824 8.33904 8.24338 0.474519 7.76886 546.484 6.93093
internal_count=152764 55255 43646 5845 5254 37801 3458 1796 36739 30320 6419 591 306 11609 11348 5684 5103 581 5664 285 5261 261 97509 58936 2047 2046 97 1949 56889 758
is_linear=0
shrinkage=0.08


Tree=104
num_leaves=31
num_cat=0
split_feature=8 9 8 9 1 8 9 2 3 9 21 2 4 6 4 8 1 9 1 14 1 13 13 17 2 14 11 9 13 1
split_gain=5.62474 6.47273 4.71166 9.62722 9.29694 8.82146 17.1747 10.7866 8.42296 6.55845 6.56886 6.4594 5.12216 10.2546 7.99809 4.50394 4.42936 8.16411 6.24975 5.07334 8.02298 4.70898 5.51027 2.91313 7.65719 2.86099 2.74601 2.688 4.5667 1.91714
threshold=27.500000000000004 0.39173060655593878 13.500000000000002 0.58160674571990978 0.40138889849185949 5.5000000000000009 0.82426470518112194 0.44353370368480688 0.46841755509376531 0.44136746227741247 0.80732533335685741 0.59169301390647899 0.38750000298023229 1.0000000180025095e-35 0.30384616553783422 17.500000000000004 0.10084745660424234 0.37965516746044164 0.11010101065039636 0.15075758099555972 0.23845060169696811 0.57583689689636242 0.56675580143928539 1.0000000180025095e-35 0.1627137288451195 0.25357143580913549 0.64959734678268444 0.21913109719753268 0.82378187775611889 0.22318007797002795
decision_type=2 2 2 2 2 2 2 2 2 2 2 2 2 2 2 2 2 2 2 2 2 2 2 2 2 2 2 2 2 2
left_child=1 16 3 12 9 6 -5 -7 26 15 -11 -10 14 -14 -3 -4 17 23 21 -20 -21 22 -18 25 -25 -1 -6 28 -2 -29
right_child=27 2 4 5 8 7 -8 -9 11 10 -12 -13 13 -15 -16 -17 18 -19 19 20 -22 -23 -24 24 -26 -27 -28 29 -30 -31
leaf_value=0.057220288143592944 -0.088568093059254324 0.038881071524152537 0.042674176979509655 0.027602252907603812 0.24743977307808274 -0.050304914975315709 -0.002439859403370073 -0.0066206064716609492 -0.071364715654353331 -0.06483728281962825 -0.39806875109690915 0.010602413762191978 -0.15379613604978981 0.016390088179164892 0.22133195443764517 -0.04260922445000017 0.15486092542859287 0.27409456275598604 -0.048702589754775635 0.020997084802033165 0.10790630613127541 0.099615597119393884 0.68809831137051736 -0.051262723276238868 0.14098005865329172 -0.069697985731026951 0.083952755093093023 -0.097992538839475382 0.058119294732990233 -0.015506559003897906
leaf_weight=1.3205411293310998 2.385350811033276 43.72979371267138 7.1013843047112486 152.03861017712916 0.93533208339067586 41.49177977265208 612.13172949038562 282.33268733961449 7.3597872934478792 26.222213094122711 0.38414401840418477 37.527991061710054 2.4343777052854412 32.75182737945579 1.59375145206286 8.968203396900206 0.3214800300484052 0.60785643898998465 5.0156065364426459 39.751478849415435 8.2004287471354456 2.863607176230289 0.2019294140918646 3.554479848127813 2.1150475946924416 8.1653155726380628 2.2138352205802221 6.6628652191211568 3.1547066287603229 2.4725234252618975
leaf_count=150 356 6220 1006 11979 33 17928 58390 27571 1585 12132 27 3341 390 1286 159 2222 94 22 3307 1747 243 45 4 205 168 88 66 1024 27 710
internal_value=0.000251827 0.000794788 -0.000540149 0.000823322 -0.0181035 -0.00115199 0.00353729 -0.0122179 0.00603606 -0.0452755 -0.0696485 -0.00283689 0.0275174 0.00461566 0.0452968 -0.00492125 0.0241036 -0.0133835 0.0345893 0.0278524 0.0358597 0.139944 0.360582 -0.0249137 0.0204545 -0.0520295 0.13251 -0.0490049 -0.00503905 -0.0756674
internal_weight=1346.01 1331.34 1259.22 1168.5 90.7129 1087.99 764.17 323.824 48.0369 42.6759 26.6064 44.8878 80.5098 35.1862 45.3235 16.0696 72.1178 15.7632 56.3545 52.9675 47.9519 3.38702 0.523409 15.1554 5.66953 9.48586 3.14917 14.6754 5.54006 9.13539
internal_count=152525 150408 144335 123923 20412 115868 70369 45499 5025 15387 12159 4926 8055 1676 6379 3228 6073 633 5440 5297 1990 143 98 611 373 238 99 2117 383 1734
is_linear=0
shrinkage=0.08


Tree=105
num_leaves=31
num_cat=0
split_feature=1 4 1 0 3 5 4 7 1 14 1 0 5 19 8 19 13 12 2 2 3 8 13 0 1 2 0 2 0 19
split_gain=4.21032 14.1192 14.6241 13.0138 10.7638 10.6313 13.0728 9.66861 8.62175 8.1226 8.05734 15.8085 7.38447 20.4004 12.7746 8.60229 9.23694 8.53358 7.10372 10.5925 8.08326 7.77676 10.3661 6.40836 7.04361 6.0238 5.92527 5.84845 5.72311 5.46006
threshold=0.26138716936111456 0.064583335071802153 0.55456349253654491 0.71234518289566051 0.75642716884613048 0.23611111193895343 0.4083333313465119 0.95634919404983532 0.36451049149036413 0.1490740776062012 0.32282878458499914 0.56825557351112377 0.35416667163372045 1.5000000000000002 2.5000000000000004 1.5000000000000002 0.66521108150482189 0.073427468538284316 0.53694942593574535 0.3034138828516007 0.50926244258880626 13.500000000000002 0.64533194899559032 0.62782201170921337 0.17902930825948718 0.36758151650428778 0.59602802991867077 0.38148742914199835 0.90002825856208812 1.5000000000000002
decision_type=2 2 2 2 2 2 2 2 2 2 2 2 2 2 2 2 2 2 2 2 2 2 2 2 2 2 2 2 2 2
left_child=18 2 3 10 5 6 -3 27 9 -7 11 -2 13 28 -15 17 -17 -14 19 21 -20 22 -1 24 -23 -12 -24 -5 -6 -22
right_child=1 4 -4 7 12 8 -8 -9 -10 -11 25 -13 15 14 -16 16 -18 -19 20 -21 29 23 26 -25 -26 -27 -28 -29 -30 -31
leaf_value=-0.049432942779470745 0.10031937382601253 -0.068094980155508772 0.077299274513832103 0.099258092340866924 0.033054234417675736 -0.035691495231420338 0.12341686232989556 -0.22745509675865555 -0.016622841523435811 0.12400298866944066 0.132655557207673 -0.043339937953220255 0.0023626367091993191 0.027048383169705405 -0.054857808027985532 0.025179659222018289 -0.0010694873677639628 -0.022039090702458537 0.82035932172926807 -0.040442554509616015 0.12442485814793154 -0.010445614378843338 0.0382346418378492 0.11791252576616053 -0.071729185609727381 0.038263225622865521 -0.10348338119491976 -0.032643101848046675 0.088689276339559864 -9.0075421236422758e-05
leaf_weight=11.81928525589319 6.5304707902978434 39.339385335748375 27.819347940268926 2.3427592491207241 24.887017885048408 3.1588098337670072 2.4215856507798881 1.5428134620888148 64.33858040963969 5.7471408552373759 4.7287192967050933 19.663483967160573 177.53088409501652 24.211431670380989 24.538585796872212 120.89857164854766 295.51900026225485 189.76132865482941 0.088018226379061981 64.915289651675266 3.7767145385878376 60.412522672238993 52.851361840774189 2.1354717201465965 14.978999639839456 50.920723248636932 1.9581122999661591 26.34045659036201 22.561246361845406 5.5898701374171651
leaf_count=8871 1531 18116 1550 83 1990 6063 57 88 15853 235 508 4353 1422 1221 1568 4019 11116 26241 2 31500 1382 4791 1643 216 2441 3605 85 950 406 1013
internal_value=-0.00037282 0.00158529 0.025383 0.0124957 -0.00176076 -0.0247773 -0.0569898 -0.0323634 -0.00641099 0.0673617 0.0290628 -0.00752393 0.00124753 0.0221658 -0.0141795 -0.00132013 0.00655143 -0.0102445 -0.0105413 -0.0136086 0.0572864 -0.00152488 0.0185184 -0.0187506 -0.0226216 0.0462841 0.0331717 -0.0218698 0.0595082 0.0501158
internal_weight=1353.33 1134.8 139.889 112.069 994.914 115.006 41.761 30.226 73.2445 8.90595 81.8434 26.194 879.908 96.1983 48.75 783.71 416.418 367.292 218.526 209.071 9.4546 144.156 66.6288 77.527 75.3915 55.6494 54.8095 28.6832 47.4483 9.36658
internal_count=152919 100975 12668 11118 88307 40324 18173 1121 22151 6298 9997 5884 47983 5185 2789 42798 15135 27663 51944 49547 2397 18047 10599 7448 7232 4113 1728 1033 2396 2395
is_linear=0
shrinkage=0.08


Tree=106
num_leaves=31
num_cat=0
split_feature=4 13 2 4 1 9 5 9 1 8 9 9 11 12 13 12 7 11 1 11 12 14 0 21 19 2 5 21 19 21
split_gain=3.43663 9.8257 8.87727 6.71822 5.10859 4.8543 21.263 16.0735 13.5685 10.3521 12.5964 10.1481 4.2281 7.14652 6.50927 4.75207 4.20861 3.33072 3.27287 3.13335 2.79192 2.21171 2.01495 1.97421 1.88011 0.977529 0.695495 0.461792 1.24177 0.358199
threshold=0.88194444775581371 0.59424430131912243 0.89512962102890026 0.86607143282890331 0.96720427274703991 0.95875850319862377 0.86607143282890331 0.98172149062156688 0.84045451879501354 2.5000000000000004 0.92380261421203624 0.88303694128990184 0.64169430732727062 0.26198686659336096 0.30517394840717321 0.35859310626983648 0.94226190447807323 0.63750296831130993 0.64932429790496837 0.66340163350105297 0.28136573731899267 0.24068965017795566 0.91206130385398876 0.77307745814323436 1.5000000000000002 0.87112742662429821 0.63333335518836986 0.93689852952957164 1.5000000000000002 0.95282822847366344
decision_type=2 2 2 2 2 2 2 2 2 2 2 2 2 2 2 2 2 2 2 2 2 2 2 2 2 2 2 2 2 2
left_child=3 2 22 4 5 9 7 -7 -8 10 -1 -11 13 14 -4 21 -6 18 -3 -17 -15 -14 25 -20 -25 -2 -18 28 -24 -19
right_child=1 17 12 -5 16 6 8 -9 -10 11 -12 -13 15 20 -16 19 26 29 23 -21 -22 -23 27 24 -26 -27 -28 -29 -30 -31
leaf_value=0.044229588415441765 0.26874624229539346 -0.2087760728097986 0.0055238000713635875 -0.35332982555290782 0.33611679368963365 -0.033044862668940536 -0.013172798933022509 0.026558941853070565 -0.12597037170570674 -0.001660547638684198 -0.0015761962172353872 -0.035738172244781957 -0.11982135825798648 0.18023835592290391 -0.063043599407972967 -0.090962370611761087 0.10243044571329722 0.083586985775678968 0.11711892672785364 0.048899563514165058 0.054900642993646144 0.082699658007005863 -0.094069647384401989 -0.12689759634309133 0.085703528832574691 0.14009990327261412 -0.015061965126883877 0.12389514936794881 0.10335834900867913 0.052493896912538328
leaf_weight=68.156779674201971 0.72241095209028505 0.48221795324934924 62.600394073175266 0.34899314312497054 0.47290200332645205 54.181303490797291 11.733476534602234 62.195337779863621 16.315757623320678 872.62303735041496 88.07262740918668 59.757466887240298 4.7999434086377715 1.4356358483200882 10.321905715449246 1.4883292359299956 0.89350110967643559 13.448695396771656 0.83444589923601609 3.2941619224729948 5.4755911864922382 0.37185483495704819 0.31358651848859131 0.69331230549141742 0.43214982416247949 0.79295292991446331 0.50451029126998037 0.62471260130405426 0.58288242714479566 2.8788406958337864
leaf_count=6238 33 18 865 9 18 5689 520 5704 517 108976 9542 6534 290 149 1928 29 50 3025 77 111 261 27 50 13 56 10 20 4 8 1933
internal_value=-0.00116368 0.0122811 0.00160662 -0.00237829 -0.00227911 -0.00247954 -0.0162605 -0.00119071 -0.0787852 -0.000651223 0.0184071 -0.00384463 -0.00294305 0.00318703 -0.00418168 -0.0521064 0.129815 0.0650714 -0.0220665 0.005374 0.0809364 -0.10526 0.136136 0.0238718 -0.045264 0.201429 0.0600301 0.0710932 0.0342977 0.0781047
internal_weight=1346.85 111.594 92.8244 1235.26 1234.91 1233.04 144.426 116.377 28.0492 1088.61 156.229 932.381 89.7878 79.8335 72.9223 9.95429 1.87091 18.7697 2.44213 4.78249 6.91123 5.1718 3.03655 1.95991 1.12546 1.51536 1.39801 1.52118 0.896469 16.3275
internal_count=152704 8887 3765 143817 143808 143720 12430 11393 1037 131290 15780 115510 3660 3203 2793 457 88 5122 164 140 410 317 105 146 69 43 70 62 58 4958
is_linear=0
shrinkage=0.08


Tree=107
num_leaves=31
num_cat=0
split_feature=4 13 11 1 14 12 4 14 13 14 8 4 1 3 12 2 11 0 14 21 14 3 21 14 21 21 21 21 11 12
split_gain=4.14365 9.22294 6.15872 5.16588 4.76355 5.04686 4.75678 4.33438 4.24233 3.99166 3.56214 4.4062 21.4294 10.0521 3.46354 3.15413 2.70166 2.55585 2.21727 1.77487 1.61589 2.27942 1.40044 1.13265 0.733884 0.439783 0.671995 0.412662 2.47573 8.77564
threshold=0.88194444775581371 0.59424430131912243 0.64169430732727062 0.96720427274703991 0.15075758099555972 0.40061728656291967 0.86607143282890331 0.23205128312110904 0.35493414103984838 0.11651583760976793 27.500000000000004 1.0000000180025095e-35 0.55456349253654491 0.56374144554138195 0.33213429152965551 0.81530213356018078 0.63750296831130993 0.9384731948375703 0.16441441327333453 0.77307745814323436 0.81534090638160717 0.2290398105978966 0.65232649445533764 0.28348214924335485 0.95861858129501354 0.75684094429016124 0.74837595224380504 0.95282822847366344 0.91800329089164745 0.78969484567642223
decision_type=2 2 2 2 2 2 2 2 2 2 2 2 2 2 2 2 2 2 2 2 2 2 2 2 2 2 2 2 2 2
left_child=3 2 4 6 5 8 10 9 -2 14 11 12 -1 -13 -4 -5 17 -3 -11 -19 22 -22 -12 -21 -17 26 -6 -18 29 -29
right_child=1 16 7 15 25 -7 -8 -9 -10 18 20 13 -14 -15 -16 24 27 19 -20 23 21 -23 -24 -25 -26 -27 -28 28 -30 -31
leaf_value=0.00048673421818171922 0.012192961452352481 -0.15975590593739372 -0.084102004522182791 0.27023720309826077 0.090487329584669943 0.23985887032671188 -0.2737211451149682 0.086923992866073538 -0.041716753584242747 -0.16474665248826095 -0.036852454174035501 -0.056952819322034637 0.076239665909041326 -0.0029741549248361206 0.070937401604846184 0.093012924456579743 0.085748188200749476 0.1150806468719051 -0.066276752044808512 -0.083551207630727986 0.064785599914493647 -0.047037378344901688 -0.098842926761155039 0.081604794456845153 -0.031600422591255992 0.11106170363463246 -0.00055831928595712142 0.080350039408631085 0.080265791772733103 -0.84837677889922503
leaf_weight=299.73512637006934 71.354864184482722 0.55706417455803903 1.8222789228893801 0.64304512226954047 1.7531217634095804 0.59047056967392464 0.41219965580967155 1.2604086203500617 10.749634590465574 2.7203702768310905 6.6849968544338463 22.659623134262802 25.970366598165128 862.71600694740482 1.8669817767804486 1.105423499306198 12.54379631456686 0.93998581607593257 3.1675735999597237 0.8359429115662349 1.9382270239293564 2.9307035747915506 3.5821461159794126 0.38962736137909815 0.41640390851534892 2.4958258661208674 0.73692494235001493 0.26682906440691967 2.4613425320712849 0.086135104764252901
leaf_count=49785 1850 18 262 8 58 8 8 106 1312 32 1845 24913 1533 65103 41 61 3054 80 46 12 15 34 229 62 18 70 16 132 1801 43
internal_value=-0.000416749 0.0139961 0.0043572 -0.00178437 0.0113894 0.00681078 -0.00200228 -0.0525362 0.00513476 -0.0708899 -0.00191094 -0.0014289 0.00652695 -0.00435564 -0.00564299 0.121686 0.0665164 -0.00693034 -0.111772 0.0323823 -0.0404802 -0.00252282 -0.0584806 -0.0310456 0.0589161 0.0873297 0.0635425 0.0795368 0.0518516 -0.14629
internal_weight=1345.39 116.599 98.5185 1228.79 87.6808 82.695 1226.63 10.8376 82.1045 9.5772 1226.22 1211.08 325.705 885.376 3.68926 2.16487 18.0807 2.72262 5.88794 2.16556 15.1361 4.86893 10.2671 1.22557 1.52183 4.98587 2.49005 15.3581 2.81431 0.352964
internal_count=152555 9003 3801 143552 3314 3170 143465 487 3162 381 143457 141334 51318 90016 303 87 5202 172 78 154 2123 49 2074 74 79 144 74 5030 1976 175
is_linear=0
shrinkage=0.08


Tree=108
num_leaves=31
num_cat=0
split_feature=14 4 21 11 5 2 5 11 14 12 21 12 3 1 9 21 4 14 19 17 12 12 2 12 9 8 8 7 1 1
split_gain=4.81267 12.4772 10.3213 7.42998 11.3335 7.86336 8.5226 7.14519 9.76187 10.5472 7.54255 6.92203 6.86098 6.73888 8.19357 6.93869 6.6248 13.9764 8.41488 6.3904 5.51644 4.7583 8.08556 4.51731 3.92831 13.7246 11.9975 3.52098 10.6004 35.3227
threshold=0.19292803853750232 0.88194444775581371 0.6514093577861787 0.64521294832229625 0.63333335518836986 0.7320508360862733 0.73214286565780651 0.61543303728103649 0.053342817351222045 0.091287881135940566 0.83008873462677013 0.36681957542896276 0.23606811463832858 0.26138716936111456 0.44136746227741247 0.5452575981616975 0.16025641560554507 0.077935222536325469 1.5000000000000002 1.0000000180025095e-35 0.18673992902040484 0.18908278644084933 0.95040982961654674 0.17257053405046466 0.71563342213630687 4.5000000000000009 5.5000000000000009 0.77062767744064342 0.19082633405923846 0.18561584502458575
decision_type=2 2 2 2 2 2 2 2 2 2 2 2 2 2 2 2 2 2 2 2 2 2 2 2 2 2 2 2 2 2
left_child=2 3 27 4 13 -6 -7 8 9 10 -4 -11 -9 15 -15 -2 17 -10 -18 20 -14 22 23 -5 26 -26 -23 -1 29 -29
right_child=1 -3 7 21 5 6 -8 12 16 11 -12 -13 19 14 -16 -17 18 -19 -20 -21 -22 24 -24 -25 25 -27 -28 28 -30 -31
leaf_value=-0.063129039524525574 0.051017124040049523 0.067973012423094337 0.050648645732223906 -0.0045265742136642315 0.11536945153686703 -0.13178652548403666 -0.0090159053076726524 0.57489539723769145 0.54190637091413363 -0.071085746814378015 -0.0031044610315498302 0.24956633669508546 0.075104607643920115 0.2167661928010125 0.054912299275574859 -0.053756011855378774 -0.0053597333505192961 0.08336329669596608 0.08469762558356092 -0.069951325868463851 -0.021223600361500249 0.077957910374649345 -0.29410569153564986 -0.084567870166373904 0.0051555261015912568 -0.023077613419255568 0.0036429289155472245 -0.080214627058858984 -0.010002150014479639 3.7392651041517202
leaf_weight=26.973258965444984 8.722830927086763 18.281891156570055 17.851219469230273 15.133365593355853 2.2880784512963173 4.9402082015294591 13.529078435036354 0.12138254416640748 0.4885724116320519 17.382041806587953 260.57891726994421 0.44182092469418321 4.0860483821888911 2.1254864387738044 34.381307854229817 7.5440496941737356 17.018781392747773 3.2910969233053038 10.888922563666709 17.216337145808211 55.276947707228828 14.625830513658 0.75873182015493412 6.4300457976933094 327.60297572481795 166.04835870082024 281.43650185152364 0.059576448191363762 6.8855740180370049 0.020943856281519402
leaf_count=53392 1345 5354 1308 430 29 61 225 29 66 21020 1995 27 802 63 1862 3183 1872 237 570 13136 6232 353 13 174 11906 5493 11702 72 9804 21
internal_value=-0.000782291 0.00255439 -0.00765867 0.00120387 0.0255553 -0.0245241 -0.0418549 -0.00410442 0.00103677 -0.00347732 0.000341856 -0.0631374 -0.026086 0.045253 0.0643357 0.00242675 0.0432402 0.142636 0.0297785 -0.0270386 -0.0145932 -0.0010012 -0.0374258 -0.0283943 2.83878e-05 -0.00434119 0.00731418 -0.0500343 0.000669699 0.913257
internal_weight=1342.43 903.849 438.581 885.567 73.531 20.7574 18.4693 404.642 327.941 296.254 278.43 17.8239 76.7007 52.7737 36.5068 16.2669 31.6874 3.77967 27.9077 76.5793 59.363 812.036 22.3221 21.5634 789.714 493.651 296.062 33.9394 6.96609 0.0805203
internal_count=152776 42193 110583 36839 6768 315 286 47294 27095 24350 3303 21047 20199 6453 1925 4528 2745 303 2442 20170 7034 30071 617 604 29454 17399 12055 63289 9897 93
is_linear=0
shrinkage=0.08


Tree=109
num_leaves=31
num_cat=0
split_feature=17 14 21 14 0 0 4 7 7 7 13 14 0 2 0 8 8 12 21 1 1 3 3 8 13 21 12 1 13 8
split_gain=4.76942 4.6709 4.65438 4.49873 4.36809 3.04022 8.98988 5.27297 3.90975 9.45597 7.03743 7.01375 4.96756 5.02687 3.8576 3.04002 4.16127 4.10354 3.58217 3.01614 11.3056 21.5625 3.73707 2.88764 2.75055 2.55172 2.54681 3.04917 2.19839 2.00708
threshold=1.0000000180025095e-35 0.93095237016677868 0.62613442540168773 0.89736840128898632 0.49682632088661199 0.57827109098434459 0.240384615957737 0.32274965941905981 0.69113755226135265 0.81499999761581432 0.39034107327461248 0.90692642331123363 0.88002020120620739 0.87585616111755382 0.56394365429878246 2.5000000000000004 8.5000000000000018 0.85773810744285595 0.59360086917877208 0.35160160064697271 0.35355392098426824 0.33466666936874395 0.31643131375312811 26.500000000000004 0.92508503794670116 0.63001772761344921 0.92930763959884655 0.11583184450864793 0.83124706149101268 9.5000000000000018
decision_type=2 2 2 2 2 2 2 2 2 2 2 2 2 2 2 2 2 2 2 2 2 2 2 2 2 2 2 2 2 2
left_child=1 3 4 23 15 6 7 25 12 10 -10 -11 13 -7 -9 -2 18 -18 -17 -6 21 -21 -22 26 -14 -4 28 -28 -1 -3
right_child=2 29 5 -5 19 8 -8 14 9 11 -12 -13 24 -15 -16 16 17 -19 -20 20 22 -23 -24 -25 -26 -27 27 -29 -30 -31
leaf_value=0.0062912307253185475 -0.08712103811740507 0.098711561650437735 0.11743913383473215 -0.10400711135465057 -0.069610022311203196 -0.021223484017307972 0.20559338409423875 0.014120834669929774 0.36226012097855731 -0.0049349761067290368 0.051643195339825421 0.067710180674977694 -0.098760602214310475 0.024577745383263898 0.09113740400878946 0.012680548919290246 -0.029711456052527469 0.12321820746369953 0.12538188505580317 2.7012019428046323 0.21614088473191417 -0.080074437059196285 -0.037988988587686408 -0.049563380910080265 -0.34403641326329071 -0.05044226837512629 -0.12928531734657533 0.063871641956488368 -0.0043668799729518308 0.031312440631522984
leaf_weight=469.99113732572732 2.9408478564146199 3.5473072450840872 0.6172462656541019 2.5006337897793847 17.789973535967878 113.88733395076997 1.5627213164189004 25.929131956654604 0.48266084368515194 411.41309746341722 14.217894694331333 8.6854004533961398 1.4739954289398145 17.723020065808669 4.9581617384828851 6.6467460204294202 20.237630675415861 1.1889047846198071 2.4778337077150354 0.028741369198541089 0.41328482530661892 0.047033640294102952 3.5639847976344754 6.4978946287519639 0.36508597614010785 9.4602261742475076 0.56434936076402564 7.1467751316376962 168.17873077327386 13.939661632233763
leaf_count=48570 1107 82 149 125 27086 21178 43 1573 140 27422 627 1634 93 869 710 2402 4724 7 201 3 19 147 6204 977 33 939 3 261 4760 559
internal_value=-0.000573315 0.0041799 -0.00537117 0.00309031 -0.0275883 -0.00335834 0.0172734 0.0100894 -0.00490241 -0.00122612 0.0618416 -0.00343306 -0.0168803 -0.0150558 0.0264839 -0.00943643 -0.00195852 -0.0212258 0.0432853 -0.0554207 0.00686043 0.97486 -0.0115819 0.00350082 -0.147452 -0.0401595 0.00403468 0.0497352 0.00348247 0.0449846
internal_weight=1338.48 672.366 666.111 654.88 55.335 610.776 42.5275 40.9648 568.248 434.799 14.7006 420.098 133.449 131.61 30.8873 33.492 30.5511 21.4265 9.12458 21.843 4.05304 0.075775 3.97727 652.379 1.83908 10.0775 645.881 7.71112 638.17 17.487
internal_count=152647 55337 97310 54696 41900 55410 3414 3371 51996 29823 767 29056 22173 22047 2283 8441 7334 4731 2603 33459 6373 150 6223 54571 126 1088 53594 264 53330 641
is_linear=0
shrinkage=0.08


Tree=110
num_leaves=31
num_cat=0
split_feature=8 9 1 2 0 9 0 4 1 14 0 13 4 2 9 19 8 4 2 14 4 14 1 14 13 13 9 21 12 1
split_gain=4.48742 19.4893 6.96507 7.87274 7.02492 6.88705 7.33436 9.7635 7.23227 6.59699 5.60162 8.35773 7.36681 14.3337 7.82623 7.06092 5.67164 7.15829 5.45785 5.14437 7.55396 4.90668 5.17839 4.43296 9.6385 6.07703 4.38324 4.34968 6.30575 4.26826
threshold=8.5000000000000018 0.7228132188320161 0.23582887649536136 0.51316702365875255 0.50185325741767894 0.60630899667739879 0.9384731948375703 0.73214286565780651 0.70412456989288341 0.82480818033218395 0.89341199398040783 0.60723635554313671 1.0000000180025095e-35 0.43159537017345434 0.45199692249298101 2.5000000000000004 10.500000000000002 0.63068181276321422 0.2674796879291535 0.67333334684371959 0.63068181276321422 0.98148149251937877 0.58102023601531994 0.68990385532379161 0.93362700939178478 0.97329768538475048 0.63299319148063671 0.92459025979042064 0.74431523680686962 0.26726190745830541
decision_type=2 2 2 2 2 2 2 2 2 2 2 2 2 2 2 2 2 2 2 2 2 2 2 2 2 2 2 2 2 2
left_child=1 -1 3 4 -3 10 9 27 -9 19 12 15 13 14 -2 -12 17 -13 -4 26 -21 22 -14 25 -25 -20 -7 28 -8 -11
right_child=5 2 18 -5 -6 6 7 8 -10 29 11 16 21 -15 -16 -17 -18 -19 23 20 -22 -23 -24 24 -26 -27 -28 -29 -30 -31
leaf_value=0.03506804164521319 0.0078377558998686328 -0.0055655395543259475 0.16100380489814631 0.052988872373403093 -0.070473426822501267 -0.062639140508656224 0.1107612347724629 0.11143702381289126 -0.037233152381757444 -0.08568506810019326 -0.02606302117273028 0.12280773059838185 -0.035586210378135558 0.07945574744776282 -0.034384995345088466 0.1259397157322624 0.079369345367774347 -0.061387218436426264 -0.0023213328425145895 -0.041105696384581378 -0.15686782377444816 0.063837612429356774 -0.1848013625380921 0.041096335155973475 -0.0091776167951760843 0.083790584116801001 -0.018701052265152476 0.16826125123458219 -0.1266678363554409 0.047495340857973141
leaf_weight=108.35367729063 95.35888684126985 18.910113667036057 1.359462562468251 6.3786285496098563 24.494437496548926 18.357888241829642 2.3574901532265389 2.4887524782679966 13.207605961390071 1.8177230963483442 19.383330308919543 1.9118627597345064 38.96153535124904 14.362479167240961 39.831143629766302 2.1753680919646277 18.783205502433702 4.597267891978845 690.65261909916444 12.085702472599225 5.1427603170741341 3.0559441957157096 1.547625271603464 49.951139901037095 47.725153195497114 5.2851283458294338 69.704494399309624 3.2469521290622652 1.0280927456915376 10.083892743801696
leaf_count=10288 7782 4014 163 1867 14412 4449 106 46 190 17 1333 50 15130 978 9127 43 343 54 59119 139 61 366 155 2428 3230 137 16365 41 7 317
internal_value=0.000196855 0.00312617 -0.000970885 -0.0299992 -0.0421949 -0.0071603 -0.0212942 0.0207268 -0.0136606 -0.0293006 0.00105739 0.0258728 -0.00496291 0.00347027 -0.00460237 -0.0107253 0.0570682 -0.00728545 0.000846938 -0.0356821 -0.0756611 -0.0339127 -0.0412869 0.000572589 0.0165322 -0.00166738 -0.0278606 0.102107 0.0386617 0.0271548
internal_weight=1332.6 953.11 844.757 49.7832 43.4046 379.49 139.521 22.3289 15.6964 117.192 239.969 46.851 193.118 149.553 135.19 21.5587 25.2923 6.50913 794.974 105.291 17.2285 43.5651 40.5092 793.614 97.6763 695.938 88.0624 6.63254 3.38558 11.9016
internal_count=152757 95658 85370 20293 18426 57099 21738 390 236 21348 35361 1823 33538 17887 16909 1376 447 104 65077 21014 200 15651 15285 64914 5658 59256 20814 154 113 334
is_linear=0
shrinkage=0.08


Tree=111
num_leaves=31
num_cat=0
split_feature=8 9 0 9 4 0 8 4 1 9 8 8 19 13 11 4 3 5 3 1 3 8 1 0 8 9 0 7 0 1
split_gain=3.95989 8.70061 11.2714 13.0777 11.5535 10.7655 10.0212 9.77081 8.99944 8.66115 7.88201 7.75377 7.74065 7.12414 8.54322 6.38532 17.2634 6.25092 12.5072 15.0333 11.4141 15.328 14.663 10.3335 8.41107 16.9468 7.96314 6.88789 5.98618 5.93049
threshold=4.5000000000000009 0.66915422677993786 0.9384731948375703 0.78501400351524364 0.88194444775581371 0.95557281374931347 8.5000000000000018 0.67948719859123241 0.29061582684516912 0.86602565646171581 2.5000000000000004 7.5000000000000009 3.5000000000000004 0.61341515183448803 1.0000000180025095e-35 0.38750000298023229 0.93957647681236278 0.76388889551162731 0.82972848415374767 0.64126753807067882 0.96580946445465099 1.5000000000000002 0.71291208267211925 0.92812862992286693 2.5000000000000004 0.92380261421203624 0.97143357992172252 0.51387086510658275 0.89341199398040783 0.81016731262207042
decision_type=2 2 2 2 2 2 2 2 2 2 2 2 2 2 2 2 2 2 2 2 2 2 2 2 2 2 2 2 2 2
left_child=9 6 4 15 7 -5 -2 8 -3 10 -1 -9 -7 14 -12 -4 -17 18 24 28 21 22 -19 -21 25 -11 -23 -22 -20 -6
right_child=1 2 3 5 29 12 -8 11 -10 17 13 -13 -14 -15 -16 16 -18 20 19 23 27 26 -24 -25 -26 -27 -28 -29 -30 -31
leaf_value=0.094652982157712465 0.036654068397339284 -0.067559337689970383 -0.1038827672588649 -0.14960917284134775 0.18439765945152314 -0.045300344070849735 -0.001643608852331605 -0.0050041212255070768 -0.012969768146500991 0.047349000491075204 0.01595188035364872 -0.091842612080358543 0.043758486117873766 0.029850283421727155 -0.042417212891337312 0.14662410720960486 0.017311395749040177 0.017135159216413245 0.050561477575572028 -0.024260608149983504 0.074501686971736383 -0.040456843914231676 -0.10026863127766708 0.028622023236021494 -0.046635054091705562 -0.018250966778246759 0.040233539106496193 -0.0030656859913961239 0.12807050920228116 -0.10156757523604598
leaf_weight=8.440868262347065 51.389244506193791 21.982270373380743 2.3092999593063714 4.4695212435908607 2.4611041205935176 18.987294592807306 293.29931176118407 9.1821746134228288 160.03804414806655 34.845698175951838 48.127716520859394 23.226535179477651 9.3079361157724616 94.67985831486294 24.077297888841713 7.4138761813228475 60.731984849844594 8.8892294954566733 23.475905354745919 37.746820818254491 7.7888686598453196 14.627781806004352 29.083097262249794 63.315657056577038 30.969910027546575 91.081479658518219 16.837204692041269 123.47322555381106 8.7555354177893587 0.57200829553767096
leaf_count=420 4428 13852 243 155 105 353 46480 437 22663 4950 428 876 220 2939 10130 112 1748 317 1130 2068 669 539 1128 2387 7905 16562 563 8960 186 14
internal_value=-0.00039229 -0.00475768 -0.0142421 0.00752762 -0.0245752 -0.0342292 0.00406615 -0.0267683 -0.0195625 0.00396756 0.0192305 -0.0672392 -0.0160037 0.0154158 -0.00351173 0.0269464 0.0313799 -0.00148375 0.00602384 0.0240428 -0.012339 -0.0385697 -0.0727847 0.00887037 -0.00928443 -9.85973e-05 0.00272132 0.00153703 0.0716165 0.130468
internal_weight=1331.59 665.371 320.682 103.22 217.462 32.7648 344.689 214.429 182.02 666.216 175.326 32.4087 28.2952 166.885 72.205 70.4552 68.1459 490.89 290.191 133.294 200.699 69.4373 37.9723 101.062 156.897 125.927 31.465 131.262 32.2314 3.03311
internal_count=152967 91686 40778 2831 37947 728 50908 37828 36515 61281 13917 1313 573 13497 10558 2103 1860 47364 35188 5771 12176 2547 1445 4455 29417 21512 1102 9629 1316 119
is_linear=0
shrinkage=0.08


Tree=112
num_leaves=31
num_cat=0
split_feature=9 8 8 9 3 15 13 8 8 13 11 14 9 8 11 12 0 13 9 7 7 12 4 0 9 12 11 4 21 9
split_gain=2.98413 11.2728 8.24832 7.40921 9.51599 5.78893 6.18097 5.84292 5.32102 7.83449 7.47422 7.28725 6.73241 13.1983 8.34715 7.24538 6.37336 5.9986 4.97969 4.75061 8.74254 5.61506 5.03733 4.85208 4.3548 6.3347 4.26478 5.20861 4.09188 4.03629
threshold=0.86402156949043285 2.5000000000000004 2.5000000000000004 0.92380261421203624 0.76253134012222301 1.0000000180025095e-35 0.3597503006458283 1.5000000000000002 4.5000000000000009 0.61341515183448803 0.56869852542877208 0.22792208194732669 0.7245689630508424 8.5000000000000018 0.60980001091957103 0.39484742283821112 0.94547370076179515 0.55701982975006115 0.55291152000427257 0.40787036716938024 0.39553572237491613 0.71494102478027355 0.27922078967094427 0.72977957129478466 0.83935481309890758 0.18577750027179721 0.6624930500984193 0.63068181276321422 0.91089481115341198 0.64549729228019725
decision_type=2 2 2 2 2 2 2 2 2 2 2 2 2 2 2 2 2 2 2 2 2 2 2 2 2 2 2 2 2 2
left_child=1 -1 3 5 -5 28 -7 -8 9 10 17 -12 13 29 15 -14 -16 -3 -15 20 22 26 -4 -24 25 -11 -21 -28 -2 -10
right_child=2 8 19 4 -6 6 7 -9 12 24 11 -13 14 18 16 -17 -18 -19 -20 21 -22 -23 23 -25 -26 -27 27 -29 -30 -31
leaf_value=0.09260433236519397 0.023400107569246664 0.0080678482612156904 -0.077482613137413531 -0.031280029392411715 0.0024946522598416582 0.32272174945039284 0.12898796709231489 0.029454422699851438 0.051780739437410225 -0.067575078919521858 -0.081207609097034381 0.021467643754812912 0.012871947590004613 0.0052162779534969039 -0.032555722829918698 0.29900810947422796 0.0012775665041482431 0.33901795252737144 -0.014461052526202185 -0.023700089143080146 0.812075231871625 0.004356250147216658 0.18833904717756766 0.022011395733469392 0.0039717937797322626 0.046648499737794308 -0.083809613143863704 -0.015349692798309045 -0.038013001112029689 0.017766269932592713
leaf_weight=8.8348660254414408 25.705128847796004 54.370822743847384 2.7015762154769591 66.883206939564843 264.61863020910823 0.55524908611551183 4.9023299657856141 16.408486802334664 35.41701340678992 3.2697556166676796 13.289929379032403 6.6314563320192965 46.744408589547675 189.48015625395783 112.03514144115616 0.57331023511505819 52.253177192818839 0.35278795265185081 145.52509406531317 39.400140406287392 0.089386298393947849 22.334701872430742 1.3284774787171025 7.2389052695070859 29.460366788189276 62.573909027429181 22.959163322979293 10.305044286360497 9.5132923768833262 60.410903388830775
leaf_count=421 4153 3821 1514 14884 15917 15 172 1372 2614 98 6081 582 12207 26673 13967 144 1029 27 26453 6277 28 682 526 498 1064 1823 1747 274 74 7477
internal_value=-0.000231852 0.00272542 -0.00513863 0.000264373 -0.00431967 0.0268849 0.0592166 0.0523511 0.00174797 0.0143361 -0.00507234 -0.0470289 -0.00158207 0.00415736 -0.0132676 0.0163388 -0.0217948 0.0102014 -0.00333148 -0.024879 0.0240181 -0.0307252 0.0177672 0.0478025 0.0295374 0.0409762 -0.0415082 -0.0626012 0.00681104 0.0303377
internal_weight=1316.17 821.223 494.944 388.586 331.502 57.0845 21.8661 21.3108 812.388 169.949 74.645 19.9214 642.439 430.833 211.606 47.3177 164.288 54.7236 335.005 106.357 11.3583 94.999 11.269 8.56738 95.304 65.8437 72.6643 33.2642 35.2184 95.8279
internal_count=152614 104481 48133 36587 30801 5786 1559 1544 104060 13496 10511 6663 90564 63217 27347 12351 14996 3848 53126 11546 2566 8980 2538 1024 2985 1921 8298 2021 4227 10091
is_linear=0
shrinkage=0.08


Tree=113
num_leaves=31
num_cat=0
split_feature=17 9 8 8 9 9 3 1 21 13 13 12 13 4 0 9 21 21 9 0 11 21 0 19 8 11 12 21 9 9
split_gain=4.33395 3.9177 6.45488 5.70294 6.19957 5.48827 4.90101 9.56657 4.7657 5.16533 4.68013 6.68206 4.8413 4.07667 4.11087 8.49498 3.83607 3.80618 4.27793 3.76567 3.59235 3.58649 3.29268 2.90044 2.68667 7.96315 8.75153 7.17393 8.67331 4.64659
threshold=1.0000000180025095e-35 0.72804316878318798 7.5000000000000009 4.5000000000000009 0.89009663462638866 0.80810147523880016 0.52479505538940441 0.51389962434768688 0.88040447235107433 0.83791333436965953 0.55888774991035473 0.45480082929134374 0.68985682725906383 0.88194444775581371 0.9364452362060548 0.66915422677993786 0.55977728962898265 0.92459025979042064 0.74388790130615245 0.44080047309398657 0.89525863528251659 0.56364989280700695 0.96574243903160106 3.5000000000000004 12.500000000000002 0.83183544874191295 0.89672946929931652 0.66360375285148632 0.52419984340667736 0.60630899667739879
decision_type=2 2 2 2 2 2 2 2 2 2 2 2 2 2 2 2 2 2 2 2 2 2 2 2 2 2 2 2 2 2
left_child=1 2 8 5 17 10 19 -8 16 -10 11 -3 -12 14 15 -4 -1 22 -19 -7 -16 -18 -5 -11 29 -26 27 -27 -29 -2
right_child=24 3 13 4 -6 6 7 -9 9 23 12 -13 -14 -15 20 -17 21 18 -20 -21 -22 -23 -24 -25 25 26 -28 28 -30 -31
leaf_value=-0.081698083166397539 0.021693693613496649 0.0074124226030046134 0.0099832844120238996 -0.024148535835741787 -0.4317881836556961 0.066189379187802933 0.041438549161767507 -0.0011126426249028171 0.037387184723524557 -0.1347345226229201 0.14345198151214242 -0.33270586894627285 0.042025043759746333 0.27895256818323683 0.068766681203280819 -0.045527081570130738 0.31300610330322587 0.14260206434737818 0.005800871547407647 -0.047408655562512191 -0.070991828272186877 0.068061820387033456 0.091763675473743284 0.030659717011274089 -0.037576278973728741 -0.03388650306829926 -0.037483848925587253 0.11078143971310893 -0.01654893076238529 -0.0045681613346994108
leaf_weight=1.0851340250228556 46.930618543556193 8.7750936423399253 170.90551909350324 86.08690310302336 0.22876047424506296 2.0821764261199887 39.653621037679841 229.67022414164967 7.3795668293023464 2.2250083917751913 3.8043036905000944 0.38594299100805152 14.459161884500643 0.35361280670622264 10.430294067075009 19.675105331552913 0.38932266345364297 1.5905450951540867 18.239052069722675 18.121148137099226 1.3268002404365677 22.069287871665438 1.5975583236431692 0.97635312925558526 51.629096989730897 5.6500098224205457 14.086000392795539 10.964907585977924 4.9781381851207689 530.82013795297098
leaf_count=356 5503 862 17115 9094 12 183 3890 12478 68 31 105 13 364 29 296 3180 37 34 221 5100 41 1654 38 53 20370 176 167 237 167 70941
internal_value=0.000148886 0.00473377 0.0129784 0.00013646 -0.0157638 0.0055415 0.00230157 0.00515234 0.0451677 0.00057183 0.0397462 -0.00691633 0.0631524 0.00755905 0.00708475 0.00425252 0.0652098 -0.0148786 0.0167738 -0.0357011 0.0529948 0.072308 -0.0220367 -0.0842925 -0.00441154 -0.0174916 0.0115717 0.0435726 0.0710232 -0.00243491
internal_weight=1326.57 661.51 236.816 424.694 107.743 316.952 289.527 269.324 34.1247 10.5809 27.4245 9.16104 18.2635 202.691 202.338 190.581 23.5437 107.514 19.8296 20.2033 11.7571 22.4586 87.6845 3.20136 665.059 87.3082 35.6791 21.5931 15.943 577.751
internal_count=152815 55254 22860 32394 9399 22995 21651 16368 2199 152 1344 875 469 20661 20632 20295 2047 9387 255 5283 337 1691 9132 84 97561 21117 747 580 404 76444
is_linear=0
shrinkage=0.08


Tree=114
num_leaves=31
num_cat=0
split_feature=16 3 14 11 15 14 8 20 11 0 0 11 15 11 3 9 5 20 20 1 4 4 7 0 14 14 11 11 14 3
split_gain=3.19968 11.1268 5.80915 6.56577 16.1061 4.70083 6.82039 4.51446 3.97679 4.5854 4.79481 4.19849 4.00749 3.88667 4.66911 3.93176 3.66886 15.7726 4.55688 3.20637 12.3118 6.65674 3.09227 3.67036 3.0337 2.57398 2.43892 6.08652 2.34787 0.735619
threshold=1.0000000180025095e-35 0.89512962102890026 0.94281044602394115 0.93501552939414989 1.0000000180025095e-35 0.81101191043853771 8.5000000000000018 1.8688347935676577 0.64434990286827099 0.46650511026382452 0.47377082705497747 0.654962718486786 1.5000000000000002 0.986863672733307 0.43792808055877691 0.58658170700073253 0.52777779102325451 0.89587974548339855 0.89587974548339855 0.71563342213630687 0.5634920895099641 0.4083333313465119 0.78351852297782909 0.75926098227500927 0.8441295623779298 0.16441441327333453 0.80519837141036998 0.79144933819770824 0.30217391252517706 0.41702897846698767
decision_type=2 2 2 2 2 2 2 2 2 2 2 2 2 2 2 2 2 2 2 2 2 2 2 2 2 2 2 2 2 2
left_child=2 8 3 7 13 6 -6 16 9 -2 -11 22 -12 14 -5 -15 17 -1 -18 21 -21 -13 23 -10 -7 -3 27 -9 -28 -4
right_child=1 25 29 4 5 24 -8 26 11 10 12 19 -14 15 -16 -17 18 -19 -20 20 -22 -23 -24 -25 -26 -27 28 -29 -30 -31
leaf_value=0.015883400320895073 -0.073216002637828653 -0.022178440366981373 0.034723717503139191 -0.093463882010990235 -0.024860054311277503 -0.23499542468654205 -0.12811745713020339 0.026814885769834849 -0.097209604777450262 0.36471833354687883 0.031577345708099037 -0.0023093271903477765 0.15836411248094739 0.15782484966154156 -0.0078350707623469316 0.018389256391788525 -0.013860635176800589 -0.015379705068187983 0.00064501987674410411 -0.0076349969327773595 -0.31415161639301559 0.07137969130565601 0.083634364057964261 -0.37884992197194295 -0.098248380955438683 0.06971437272811741 -0.038937015400089398 -0.084403392173615435 0.056989631227472803 0.092083084160220305
leaf_weight=248.37744561775617 1.9382258286059357 2.1576757322764051 2.1533305738121262 4.4184685205109409 10.156385344220331 1.9232765750493843 6.8586964025162152 17.580848519282885 1.7472476517286848 0.31988632824504648 10.419629108102525 149.29523107748537 1.8840253092930641 1.4607914015650738 52.494854106451385 11.352731008199042 292.57163336599478 176.79591951482871 263.37389400858956 5.1965796160511664 1.0000804675510151 8.2809578988235426 0.4619478634558617 0.35657714921399009 2.2564205355010927 20.351268543017795 1.8211814456153685 3.8363644309574729 15.799843159038572 4.2654824328492396
leaf_count=78858 258 48 16 78 160 20 52 443 454 35 1767 6014 46 15 554 160 20463 28321 5286 657 102 584 18 4 29 7771 18 68 344 130
internal_value=-0.00136665 0.00786214 -0.0030465 -0.00348491 -0.0240846 -0.0851558 -0.0664826 -0.00164896 0.00126207 0.0413511 0.0589418 -0.00224744 0.0509919 -0.00552084 -0.0144829 0.0342855 -0.00271052 0.00288355 -0.00698872 -0.000656593 -0.0571038 0.00156318 -0.103791 -0.144945 -0.161172 0.0609057 0.0250304 0.00689288 0.0470753 0.0728406
internal_weight=1320.91 203.409 1117.5 1111.08 90.9216 21.1948 17.0151 1020.16 180.9 14.5618 12.6235 166.339 12.3037 69.7268 56.9133 12.8135 981.119 425.173 555.946 163.773 6.19666 157.576 2.56577 2.10382 4.1797 22.5089 39.0382 21.4172 17.621 6.41881
internal_count=152773 17758 135015 134869 1068 261 212 133801 9939 2106 1848 7833 1813 807 632 175 132928 107179 25749 7357 759 6598 476 458 49 7819 873 511 362 146
is_linear=0
shrinkage=0.08


Tree=115
num_leaves=31
num_cat=0
split_feature=1 4 1 9 5 7 4 14 2 9 8 9 8 1 1 12 3 11 12 1 13 3 1 7 2 7 9 9 3 19
split_gain=3.61304 12.3119 12.0263 16.0095 9.43435 18.6459 11.9413 8.8225 8.31273 11.2707 13.8396 8.51238 7.17145 18.5641 6.51737 6.29534 5.88799 5.31064 13.6975 9.11206 5.11971 5.27518 4.8001 5.61741 5.473 4.61455 3.92492 3.74857 3.48847 3.37433
threshold=0.24509049206972125 0.064583335071802153 0.55456349253654491 0.4803846031427384 0.15476191043853763 0.85358974337577831 0.4083333313465119 0.85357144474983226 0.51316702365875255 0.64760348200798046 11.500000000000002 0.44136746227741247 2.5000000000000004 0.25176055729389196 0.31866537034511572 0.87727573513984691 0.8216732144355775 0.78481063246727001 0.45480082929134374 0.49615384638309484 0.63185164332389843 0.2290398105978966 0.19082633405923846 0.32274965941905981 0.26158231496810919 0.57807540893554699 0.31643131375312811 0.97467949986457836 0.90070420503616344 6.5000000000000009
decision_type=2 2 2 2 2 2 2 2 2 2 2 2 2 2 2 2 2 2 2 2 2 2 2 2 2 2 2 2 2 2
left_child=8 2 3 25 5 6 16 17 9 10 20 29 13 -5 -14 -7 -3 18 -6 -19 -1 -22 23 -11 -25 -2 -27 -4 -10 -12
right_child=1 4 27 12 7 15 -8 -9 28 22 11 -13 14 -15 -16 -17 -18 19 -20 -21 21 -23 -24 24 -26 26 -28 -29 -30 -31
leaf_value=-0.03065349008107118 0.14784154894859344 -0.084893065731479977 0.081462915596196145 0.38627541752845218 -0.00094564478836233227 0.063876315226300828 0.13138020736152048 0.049983338797087419 0.088127630741552582 -0.072553930970689018 -0.0044663270980280336 -0.05898833354044182 -0.047249404056206902 0.02817107348366369 0.0054299452740597795 -0.14803508065207066 0.12933409383324251 0.030770198208191657 0.031499966890281832 -0.013038427215895746 0.025366298419428401 0.096004175759176594 -0.08080117157682111 0.041246956076241327 -0.034827314924183748 0.20792664010390188 0.031851329536108607 -0.087140816016737552 -0.087188437425181481 0.12909284056397657
leaf_weight=4.7272850403096554 6.0548035338870232 30.334721714018091 23.940149898626263 0.97070243858616123 487.19069771648356 11.505245664913669 1.8262148341600539 23.288035607896745 7.267372589078148 12.339319414015334 82.050589346494235 21.471782835134945 20.034944180173625 20.335695827714517 60.172456045766012 0.97308523562969718 0.84394783551397168 34.084419795821304 100.44207972675213 280.05729247222189 13.972493206267247 13.119017260643885 15.505647320766 9.5329719288201904 16.577184261048387 0.92543123246286985 6.5094337399787037 0.87477640993893047 0.80705983830557659 1.2287851981818665
leaf_count=3511 569 9095 1484 165 66458 1392 21 2846 2696 5826 7962 7751 6706 1576 4404 39 34 745 2115 7436 183 529 9278 1181 8318 31 420 44 67 21
internal_value=0.00103783 0.00281537 0.0250099 0.0141112 -0.000382013 -0.0359532 -0.0674484 0.00136694 -0.00890034 -0.0122697 -3.96793e-05 -0.0140755 0.00323041 0.044486 -0.00772879 0.047351 -0.0790943 0.000111436 0.00460017 -0.00828519 0.0461678 0.0595726 -0.0432262 -0.0280732 -0.00705215 0.0959925 0.0537677 0.0755193 0.0706043 -0.00249566
internal_weight=1308.96 1110.36 139.818 115.003 970.546 45.4832 33.0049 925.063 198.6 190.525 136.57 104.751 101.514 21.3064 80.2074 12.4783 31.1787 901.774 587.633 314.142 31.8188 27.0915 53.9551 38.4495 26.1102 13.4897 7.43486 24.8149 8.07443 83.2794
internal_count=152903 105580 15399 13871 90181 10581 9150 79600 47323 44560 19957 15734 12851 1741 11110 1431 9129 76754 68573 8181 4223 712 24603 15325 9499 1020 451 1528 2763 7983
is_linear=0
shrinkage=0.08


Tree=116
num_leaves=31
num_cat=0
split_feature=21 17 0 14 11 14 15 11 12 13 11 14 12 1 1 0 15 12 13 11 11 13 11 8 1 13 13 21 1 0
split_gain=4.95884 4.40684 4.35907 4.2985 9.75096 8.04338 7.85046 5.03439 4.81384 8.74166 7.16665 4.94452 4.39239 4.07396 8.27595 4.56739 3.91722 3.88467 8.71116 9.29068 7.06155 5.15044 5.05921 4.82474 7.95506 4.57311 6.65549 4.41429 6.63276 4.3792
threshold=0.5927729904651643 1.0000000180025095e-35 0.44080047309398657 0.29520697891712194 0.58734863996505748 0.17445652186870578 1.0000000180025095e-35 0.5237984061241151 0.89672946929931652 0.95811167359352123 0.83183544874191295 0.72902098298072826 0.33460560441017156 0.13397436589002612 0.13100686669349673 0.90769547224044811 2.5000000000000004 0.70396453142166149 0.85258609056472789 0.88708442449569713 0.85993880033493053 0.9525684416294099 0.96513387560844432 13.500000000000002 0.21913109719753268 0.92508503794670116 0.87727573513984691 0.66463455557823192 0.15450928360223773 0.48330998420715338
decision_type=2 2 2 2 2 2 2 2 2 2 2 2 2 2 2 2 2 2 2 2 2 2 2 2 2 2 2 2 2 2
left_child=2 17 -1 4 6 -6 7 -3 13 10 -10 -11 -7 14 -5 -15 -4 20 23 21 25 -20 -21 -19 -25 26 -2 29 -29 -22
right_child=1 3 16 8 5 12 -8 -9 9 11 -12 -13 -14 15 -16 -17 -18 18 19 22 27 -23 -24 24 -26 -27 -28 28 -30 -31
leaf_value=-0.001362897234493681 0.0075252297355281198 -0.00089459944415414829 -0.046718278401899717 0.02762238782831624 -0.082379154534022989 0.022228371098619162 0.11512138299374412 -0.064450552684488932 0.066106287673012201 0.037783465239273333 -0.063406276147643714 -0.014419753978436462 -0.03427751987414001 -0.0040614535181122645 0.22863883671773688 0.016407441401853663 0.30408924725037545 -0.050493690644148381 0.055708916974408641 -0.024138905697970829 0.062000719557491375 -0.057511379349108285 0.01461752928007648 -0.052707383774443888 0.13502841250225342 0.064943187886365841 -0.043884869856282815 -0.11607222813084705 0.03824122497973767 0.2240463791832514
leaf_weight=31.542131886584684 394.74523845285876 153.90761370956898 29.00168055739778 13.969607567531053 18.680882889850182 11.660918849956941 3.608027836882683 8.4125373438364459 3.047746321011803 18.341726312675746 26.602261248015566 31.648777883616276 35.939342156671046 171.2838616912195 1.4465245781466372 117.71813618129818 0.20515482232440163 31.866071017633658 26.680692304857079 49.033106380607933 3.6157201630994669 2.8457015218154984 38.467985427880194 3.3465143996290854 2.5416590434033424 8.4317848422215302 16.80219926717109 1.8705771438544605 37.925518704694696 1.5143616721034048
leaf_count=3820 37418 5658 31025 514 31414 2243 365 13435 60 469 645 1543 6725 6390 38 4011 16 811 586 1435 46 83 1579 42 30 426 463 44 1413 27
internal_value=0.000330622 0.00142742 -0.0219841 -0.00336278 -0.0119553 -0.0378935 -0.00159417 -0.0041885 0.00183245 -0.0156783 -0.0500936 0.00473383 -0.0204349 0.00641354 0.0464841 0.00427607 -0.0442541 0.00619119 -0.0047863 0.00599341 0.00984595 0.0447969 -0.00710047 -0.0382004 0.0283297 0.00662122 0.00542632 0.0399914 0.0309879 0.109835
internal_weight=1296.7 1235.96 60.749 616.268 232.209 66.2811 165.928 162.32 384.059 79.6405 29.65 49.9905 47.6003 304.418 15.4161 289.002 29.2068 619.687 154.782 117.027 464.905 29.5264 87.5011 37.7542 5.88817 419.979 411.547 44.9262 39.7961 5.13008
internal_count=152774 117913 34861 73510 59840 40382 19458 19093 13670 2717 705 2012 8968 10953 552 10401 31041 44403 4566 3683 39837 669 3014 883 72 38307 37881 1530 1457 73
is_linear=0
shrinkage=0.08


Tree=117
num_leaves=31
num_cat=0
split_feature=8 21 15 21 9 9 8 21 7 8 7 7 13 9 9 13 18 5 1 4 7 13 9 12 11 2 10 8 8 6
split_gain=3.29554 2.93012 6.67825 5.44386 4.42398 3.733 4.67982 3.98294 3.95265 7.04924 6.3602 5.14334 4.9474 4.47378 3.26331 4.49707 3.29927 3.067 2.96451 7.29155 4.86247 2.59528 4.11778 2.55606 1.75005 1.17126 1.04771 0.744412 0.643126 0.466132
threshold=33.500000000000007 0.5927729904651643 1.5000000000000002 0.57070627808570873 0.52803984284400951 0.39173060655593878 19.500000000000004 0.88804689049720775 0.4232142865657807 18.500000000000004 0.32877847552299505 0.51124340295791637 0.81705284118652355 0.37965516746044164 0.45199692249298101 0.6552698314189912 1.0000000180025095e-35 0.73214286565780651 0.2314560413360596 0.11805555596947671 0.33650793135166174 0.65015336871147167 0.47114317119121557 0.57207792997360241 0.49558898806571966 0.1627137288451195 1.0000000180025095e-35 17.500000000000004 52.500000000000007 1.0000000180025095e-35
decision_type=2 2 2 2 2 2 2 2 2 2 2 2 2 2 2 2 2 2 2 2 2 2 2 2 2 2 2 2 2 2
left_child=1 2 3 14 21 8 18 17 9 13 -11 23 -13 -3 15 -1 -16 -8 20 -20 -7 22 -4 -10 -6 -26 27 -5 -2 -28
right_child=28 5 4 26 24 6 7 -9 11 10 -12 12 -14 -15 16 -17 -18 -19 19 -21 -22 -23 -24 -25 25 -27 29 -29 -30 -31
leaf_value=-0.037259922806828376 -0.098057940286332065 0.09425629767513842 0.12702273544689349 -0.076878852195711334 0.16862009654344895 -0.046622335179511393 -0.052376199138066626 0.039610459901255834 0.039416460428641685 -0.0364482270883736 0.10371910237282467 -0.0011520686363544991 0.06738615870200837 0.28602339880059169 -0.0037965995178206335 0.044955667062398126 -0.072586808998862842 -0.19390105976274144 0.019519318276051065 -0.00038592878699751946 -0.0018826534391984916 0.085416929831500538 0.50931232618015421 -0.042399045212530045 0.071708756430372417 -0.094413935798224741 -0.08048117395508482 -0.038846815414372772 0.077852473051659973 0.13048182925255719
leaf_weight=6.6216853411970105 2.5086993273434923 5.1017016992991548 0.56084682495566029 11.673454203057195 0.25156797026284028 21.30240946145932 10.572741454467176 2.8772213608026496 3.0071890450271921 5.9856272085016808 3.1686165237915702 14.812766076705886 12.368899158900602 0.91880679603491433 10.922617692529458 11.928118640207684 7.5441082370889481 1.0801241523440683 134.58262650335382 943.24963154940633 57.546290459154989 2.3817456480755936 0.26578105067892466 13.046498983225318 0.34688182931859035 1.2520912470208712 0.091090547342900119 4.5884529140457735 0.1404599514135042 0.25378362499759533
leaf_count=4066 581 158 56 11829 2 5502 3106 23 456 480 93 1859 213 25 10983 220 4796 47 15692 77451 12100 33 16 149 4 121 100 2185 12 9
internal_value=0.00040493 0.000588222 -0.0168763 -0.0251656 0.0709888 0.00142169 0.000437323 -0.0446817 0.0211599 0.0562875 0.0120688 0.00883076 0.030036 0.123522 -0.00809256 0.0156073 -0.0318991 -0.0654944 0.0010041 0.00209952 -0.0139699 0.127805 0.249938 -0.0270733 -0.0275168 -0.0583752 -0.0632215 -0.0661477 -0.0887311 0.0747608
internal_weight=1290.95 1288.3 58.6822 53.6233 5.05891 1229.62 1171.21 14.5301 58.4101 15.1748 9.15424 43.2354 27.1817 6.02051 37.0165 18.5498 18.4667 11.6529 1156.68 1077.83 78.8487 3.20837 0.826628 16.0537 1.85054 1.59897 16.6068 16.2619 2.64916 0.344874
internal_count=152367 151774 34420 34188 232 117354 113921 3176 3433 756 573 2677 2072 183 20065 4286 15779 3153 110745 93143 17602 105 72 605 127 125 14123 14014 593 109
is_linear=0
shrinkage=0.08


Tree=118
num_leaves=31
num_cat=0
split_feature=21 21 21 3 3 12 15 19 9 8 9 12 1 3 8 7 21 1 14 9 9 3 8 9 8 1 9 0 1 21
split_gain=3.97054 4.5919 5.29794 9.48601 15.8972 14.9229 5.49522 4.74601 3.53348 4.6431 5.99194 7.73611 5.86676 6.1928 7.451 5.41242 3.97332 3.78486 5.57218 3.51542 9.75048 3.21577 3.18815 3.02347 2.87887 5.63104 5.29223 2.7972 2.53401 3.20642
threshold=0.5927729904651643 0.54111653566360485 0.53173431754112255 0.2014492750167847 0.15504807978868487 0.41797162592411047 1.5000000000000002 3.5000000000000004 0.27823315560817724 19.500000000000004 0.49626865983009344 0.88583961129188549 0.2124435901641846 0.3464102596044541 24.500000000000004 0.55012077093124401 0.69910156726837169 0.12613636255264285 0.32795698940753942 0.72804316878318798 0.7245689630508424 0.17192118614912036 5.5000000000000009 0.60630899667739879 4.5000000000000009 0.3440061509609223 0.84045451879501354 0.44765211641788488 0.12034482508897783 0.61211317777633678
decision_type=2 2 2 2 2 2 2 2 2 2 2 2 2 2 2 2 2 2 2 2 2 2 2 2 2 2 2 2 2 2
left_child=1 2 6 4 -4 -6 -1 -5 17 10 11 15 -11 14 -14 -10 -13 28 -19 20 22 -20 27 -15 26 -26 -12 -3 29 -2
right_child=8 19 3 7 5 -7 -8 -9 9 12 24 16 13 23 -16 -17 -18 18 21 -21 -22 -23 -24 -25 25 -27 -28 -29 -30 -31
leaf_value=-0.027266907951821816 -0.099619078323295154 0.15855943715029711 -0.090421270447283333 -0.072984068785929002 0.62879937161200938 0.13845344521754283 0.13063767734607262 0.36664455825157211 0.068716790580651443 -0.067623734015825901 0.018332391871951664 -0.097706060785935966 -0.014969506235936512 -0.021370103251771248 0.19306223705597031 0.015776863259853967 0.0049202845773156801 -0.068613226380079176 0.22017729079873946 -0.083940585416678357 0.41842292802404396 0.077393682942542827 -0.035731548086435902 -0.31651878047702686 -0.027037555778768343 -0.0015391191231437548 -0.00023391234064387738 -0.083685839408156895 -0.075540234893973449 0.03967963734931295
leaf_weight=14.889386545670282 1.2199575826962261 1.0177335917542283 0.852823382330825 1.9965061089460507 0.66244188901327994 0.99210884474450722 1.5581122564035457 0.17058593034744252 21.46661310178024 14.42100363050122 121.06247279021045 4.2397367816884053 2.3361590614731567 12.693659339940492 2.0855724566281424 29.133484022131597 5.6081454524537548 1.5059445053557263 1.1968938820064066 8.1982230148569197 0.31460859419894305 6.4478735370794311 26.620535737671162 0.22608474278240542 63.872533303620003 419.33433743778005 521.62040485486796 0.4356510173092828 2.1404269098784416 7.9446595602639718
leaf_count=6059 67 30 58 2188 120 38 31 1 1827 1244 7181 45 308 3038 122 2688 140 626 9 10912 180 126 15079 70 20870 34600 44633 211 55 137
internal_value=-0.00013704 -0.0206489 0.00905136 0.0842068 0.190155 0.334776 -0.0123082 -0.038378 0.00081868 0.000264948 0.00107312 0.0256104 -0.0299206 0.00143294 0.0831516 0.0382361 -0.0392627 0.0337923 0.0720409 -0.0377952 -0.024469 0.0997484 -0.0294323 -0.026535 -0.000244261 -0.00490962 0.00326343 0.0859466 0.00283252 0.0211367
internal_weight=1296.26 57.7087 21.122 4.67447 2.50737 1.65455 16.4475 2.16709 1238.56 1218.1 1186.34 60.448 31.7625 17.3415 4.42173 50.6001 9.84788 20.4558 9.15071 36.5868 28.3885 7.64477 28.0739 12.9197 1125.89 483.207 642.683 1.45338 11.305 9.16462
internal_count=152693 34907 8495 2405 216 158 6090 2189 117786 116766 111984 4700 4782 3538 430 4515 185 1020 761 26412 15500 135 15320 3108 107284 55470 51814 241 259 204
is_linear=0
shrinkage=0.08


Tree=119
num_leaves=31
num_cat=0
split_feature=20 3 2 14 2 14 13 4 13 21 14 0 15 8 5 3 4 0 0 1 13 4 2 2 3 12 14 7 20 4
split_gain=2.66621 4.15384 6.21362 4.93052 5.65004 5.48488 4.05656 7.64544 5.52158 5.12027 4.05546 4.85211 4.60712 2.71749 8.55279 11.7971 12.4857 10.8176 10.6493 10.1175 10.0664 9.99244 9.11961 6.84945 6.52327 4.36946 23.9586 9.68929 6.83021 4.93781
threshold=1.8688347935676577 0.87585616111755382 0.68614074587821972 0.63961037993431102 0.83424907922744762 0.87867647409439098 0.57205790281295787 0.73214286565780651 0.87113836407661449 0.82274028658866893 0.56385868787765514 0.97143357992172252 1.0000000180025095e-35 2.5000000000000004 0.73214286565780651 0.99450549483299266 0.47222222387790685 0.90304020047187816 0.95790162682533275 0.61620295047760021 0.58077901601791393 0.47222222387790685 0.89512962102890026 0.9569842815399171 0.84292763471603405 1.0000000180025095e-35 0.089572194963693633 0.80037879943847667 0.89587974548339855 0.67948719859123241
decision_type=2 2 2 2 2 2 2 2 2 2 2 2 2 2 2 2 2 2 2 2 2 2 2 2 2 2 2 2 2 2
left_child=13 2 -2 -4 5 -5 7 9 -8 -3 11 -10 -12 14 17 16 18 19 -16 21 -17 -1 -18 25 -21 27 -27 28 -15 -28
right_child=1 6 3 4 -6 -7 8 -9 10 -11 12 -13 -14 23 15 20 22 -19 -20 24 -22 -23 -24 -25 -26 26 29 -29 -30 -31
leaf_value=-0.0025748185381516955 0.018860692337044065 0.00073160023499383711 0.029223428139440955 -0.16615416267138972 0.08552688673561136 0.024351443091557481 0.070032514004153126 0.029629165449682287 -0.10839888718648943 -0.37316865318809045 0.08160392874128998 0.093830790521665708 -9.2638166174853354e-05 0.035382325825839021 -0.027511211226388457 -0.003711547321615933 -0.033445688256916489 0.038241074581022869 0.13024711104110612 -0.056625661675984561 0.068804339700127976 0.051648669207010521 -0.11109853210875599 -0.25420488651389161 0.022713442586572243 -0.074489438918721951 0.00010081826471628947 0.0021272622718621547 0.15684478142213554 -0.018188310281275353
leaf_weight=72.461384460930276 16.58371976524359 0.36602174770086937 2.7096047862432879 4.7052756373304874 0.92577429150696833 1.2175104715861378 17.562596831761766 2.0441353005007841 3.1972473616478991 0.65184786217287183 6.4964663943974328 0.995807418541517 13.806518989120375 10.063233309643691 6.940312815437208 90.699614530749386 29.361987896147184 79.274347344049602 4.5233467055077199 25.77453346169932 14.164747468195854 31.080301098409109 14.439149142475797 0.69858057217788783 8.9303986890154174 31.556405538587569 537.28670567060908 149.1750052501302 4.1994706600162308 114.63503161972039
leaf_count=18520 273 54 50 97 58 60 984 65 86 5 121 116 2252 672 427 3650 967 3245 94 2017 3541 1179 493 34 644 58487 50656 1633 354 1866
internal_value=-0.000417432 0.0146254 -0.0107494 -0.0621239 -0.0982651 -0.126993 0.029327 -0.0595738 0.0357993 -0.238716 0.0112556 -0.0603714 0.0260483 -0.00129234 0.004352 -0.00967983 -0.0395909 0.0146816 0.0347373 0.00117197 0.00608367 0.0137015 -0.0590441 -0.00380714 -0.0362098 -0.0036006 -0.00641055 0.00815026 0.0711454 -0.00311517
internal_weight=1296.53 71.2625 26.1419 9.55817 6.84856 5.92279 45.1206 3.062 42.0586 1.01787 24.496 4.19305 20.303 1225.26 377.65 160.129 55.2648 217.521 11.4637 138.247 104.864 103.542 43.8011 847.614 34.7049 846.916 683.478 163.438 14.2627 651.922
internal_count=152700 4221 538 265 215 157 3683 124 3559 59 2575 202 2373 148479 34777 9172 1981 25605 521 22360 7191 19699 1460 113702 2661 113668 111009 2659 1026 52522
is_linear=0
shrinkage=0.08


Tree=120
num_leaves=31
num_cat=0
split_feature=8 9 8 14 3 9 9 8 9 9 8 8 5 5 3 0 11 9 2 8 14 11 14 3 8 18 21 7 9 15
split_gain=3.27996 3.27838 7.58969 5.66223 5.91678 7.6204 5.70769 5.19139 5.70697 5.68606 9.38496 5.99071 8.27492 6.93385 5.111 6.20681 4.70765 4.6493 11.0942 5.98469 5.63357 4.49232 3.49338 3.21681 3.0966 2.82823 2.30096 2.09932 1.9252 1.38284
threshold=33.500000000000007 0.7228132188320161 8.5000000000000018 0.19292803853750232 0.17192118614912036 0.57735043764114391 0.57735043764114391 4.5000000000000009 0.88303694128990184 0.8760964870452882 2.5000000000000004 2.5000000000000004 0.38750000298023229 0.86607143282890331 0.5673658847808839 0.6343837082386018 0.6400514841079713 0.52419984340667736 0.41060766577720648 13.500000000000002 0.82085561752319347 0.82649993896484386 0.30217391252517706 0.76506900787353527 1.5000000000000002 1.0000000180025095e-35 0.89572793245315563 0.48164983093738561 0.60630899667739879 1.0000000180025095e-35
decision_type=2 2 2 2 2 2 2 2 2 2 2 2 2 2 2 2 2 2 2 2 2 2 2 2 2 2 2 2 2 2
left_child=1 2 3 6 -5 -6 23 9 14 10 24 13 -13 -11 16 -16 -9 19 28 27 -20 -21 -12 -1 -3 -8 29 -4 -19 -10
right_child=-2 7 17 4 5 -7 25 8 26 11 22 12 -14 -15 15 -17 -18 18 20 21 -22 -23 -24 -25 -26 -27 -28 -29 -30 -31
leaf_value=0.040711165057091943 -0.08712792124042805 0.17084768200659131 0.05813476620459132 -0.067229196503988703 0.11172239301078339 0.031617148511127728 -0.019742649818305386 0.017677615727461113 -0.10860102005644987 0.0085648849544114058 -0.0047646066386732066 -0.067189065016380334 -0.0072960105681383518 -0.013433037073683858 0.11716520424881044 -0.0091532307263066364 -0.056869713942855012 -0.042094576735763063 -0.0063794271770416669 -0.013626738538777262 0.056672179423392616 0.017723489060331058 0.017911217292836342 -0.11118167527761258 0.058309678088709356 0.029108444504390124 -0.2239609399986161 0.020791845653450977 -0.088492772533792244 0.087772146651516045
leaf_weight=1.1365087176091027 2.8100677520815216 1.7606504361901869 15.619274695454804 3.3250165915815151 8.7465385031537135 58.000566378017538 12.033857280410301 6.828123276030964 1.094459404877852 216.53173093458463 87.631287897231232 21.802474441399681 45.728799308628368 159.07577929257241 2.5227031281465306 189.2440011676299 26.317555048684881 13.839805288695063 129.74112798606075 69.247002504205739 9.7508584159077127 50.649454507001792 86.302822729427135 4.1535078643355519 14.069523533631582 20.515686608923716 1.0616812789812682 25.14634769888653 9.7593027894108655 0.29039784771157418
leaf_count=373 610 63 1532 100 230 2459 4508 7409 76 25397 12747 5034 2869 10620 908 13362 6896 5841 18405 17203 432 1047 2940 216 882 2464 9 2064 6077 16
internal_value=-0.000791477 -0.000603687 0.0050854 0.0234593 0.0369256 0.0421141 -0.00147797 -0.00345837 -0.0138272 0.000266431 0.0118539 -0.00469566 -0.0266325 -0.000751586 -0.0125053 -0.0074915 -0.0415127 -0.00103889 -0.0105541 0.00862018 -0.00197195 -0.000383045 0.00648671 -0.078549 0.0708263 0.0110478 -0.135353 0.0350997 -0.0612823 -0.0674225
internal_weight=1294.74 1291.93 431.665 107.912 70.0721 66.7471 37.8396 860.262 227.359 632.903 189.764 443.139 67.5313 375.608 224.912 191.767 33.1457 323.753 163.091 160.662 139.492 119.896 173.934 5.29002 15.8302 32.5495 2.44654 40.7656 23.5991 1.38486
internal_count=152789 152179 62951 10350 2789 2689 7561 89228 28676 60552 16632 43920 7903 36017 28575 14270 14305 52601 30755 21846 18837 18250 15687 589 945 6972 101 3596 11918 92
is_linear=0
shrinkage=0.08


Tree=121
num_leaves=31
num_cat=0
split_feature=11 11 14 13 14 13 19 11 13 0 0 14 8 19 13 9 2 5 1 1 1 2 15 3 21 9 13 8 2 3
split_gain=3.36793 5.31375 5.82686 5.82229 5.08482 5.74586 4.21978 4.05573 5.6643 4.67426 13.2626 4.67203 5.78876 5.23537 3.97704 9.2067 3.89473 11.8999 6.82605 6.78732 9.38328 4.76904 3.72731 3.69881 3.46472 3.4453 3.2716 2.7738 5.3905 2.55725
threshold=0.93501552939414989 0.986863672733307 0.70710784196853649 0.78995800018310558 0.82085561752319347 0.85777497291564953 2.5000000000000004 0.90304511785507213 0.83791333436965953 0.63974633812904369 0.54368531703948986 0.44722221791744238 10.500000000000002 2.5000000000000004 0.81040117144584667 0.87367022037506115 0.78611555695533764 0.35416667163372045 0.71563342213630687 0.81909090280532848 0.69309264421463024 0.81120249629020702 3.5000000000000004 0.52223318815231334 0.62313169240951549 0.86715686321258556 0.92029970884323131 5.5000000000000009 0.86526826024055492 0.6820855736732484
decision_type=2 2 2 2 2 2 2 2 2 2 2 2 2 2 2 2 2 2 2 2 2 2 2 2 2 2 2 2 2 2
left_child=4 3 -3 -2 7 -6 -7 16 9 10 -9 12 -10 -13 15 -5 19 21 -19 20 -1 -18 24 -11 -16 -21 -4 29 -29 -8
right_child=1 2 26 14 5 6 27 8 11 23 -12 13 -14 -15 22 -17 17 18 -20 25 -22 -23 -24 -25 -26 -27 -28 28 -30 -31
leaf_value=-0.0047222740064547597 0.13075490484909472 0.081690944920305153 0.19622675172108284 -0.01002632139233639 -0.20392785703183805 0.072670725957564089 -0.0088352230710734194 -0.0015350403719404404 0.015753048399581897 -0.080777393175412285 0.30582086787380253 -0.045769900758899376 0.12900171156478668 0.014882897587424013 -0.12438623887941383 -0.50516726047929583 -0.02140799849541232 0.016929017845929699 -0.0058202686005799876 0.32113792157013749 -0.04885707999323647 0.056365254826060619 -0.16168093960058641 0.049066924988502965 -0.018385402273657661 0.068699118558285185 -0.0030501228338673542 0.0027870034067745499 -0.21484266162984056 0.070444720280714399
leaf_weight=473.82271699171542 1.5913130916596845 6.4123742426745585 0.53434327460126851 0.71568575012497493 0.66376223487895814 11.961513132438993 3.9343280671164411 1.9960513096302777 15.56662647938356 1.5620610956102599 1.6340908317361025 16.338367378746625 3.5468642194755367 20.581520525185624 2.0103063406422725 0.36185875069350004 5.9156799336778922 110.74121121835196 355.07156835256319 0.37599085608962823 32.975510640491848 34.325242589911795 1.2070293455326453 13.884340202697784 107.68869912446826 4.3400147440697765 39.788138864387292 12.801767632714469 0.77235084027052003 7.7003793795884121
leaf_count=118147 52 177 9 18 24 354 61 50 421 23 39 257 43 756 14 39 252 5094 15483 15 2616 934 62 536 3870 170 1883 383 31 833
internal_value=-0.000998426 -0.0118501 0.0108554 -0.0211932 0.000540369 0.0293737 0.0335398 -0.000457988 0.0174816 0.0551336 0.13682 0.00466295 0.0367684 -0.0119581 -0.0233524 -0.176304 -0.00178216 0.0031938 -0.000411908 -0.00670501 -0.00759396 0.0449321 -0.0218663 0.0359361 -0.0203279 0.0888252 -0.000409356 0.0149723 -0.00959586 0.0436359
internal_weight=1290.82 160.31 46.7349 113.575 1130.51 37.8341 37.1703 1092.68 75.1099 19.0765 3.63014 56.0334 19.1135 36.9199 111.984 1.07754 1017.57 506.054 465.813 511.514 506.798 40.2409 110.906 15.4464 109.699 4.71601 40.3225 25.2088 13.5741 11.6347
internal_count=152646 6124 2069 4055 146522 1686 1662 144836 2125 648 89 1477 464 1013 4003 57 142711 21763 20577 120948 120763 1186 3946 559 3884 185 1892 1308 414 894
is_linear=0
shrinkage=0.08


Tree=122
num_leaves=31
num_cat=0
split_feature=4 1 4 1 1 7 8 7 7 8 14 4 2 3 12 5 4 14 10 15 0 20 11 3 4 0 13 5 0 0
split_gain=4.37502 16.7835 11.3047 16.2255 11.805 8.07222 7.29518 6.99435 11.63 6.38423 6.33614 6.93853 6.31007 9.08123 20.6976 6.96002 8.06391 6.1759 5.55131 5.33993 4.81161 5.86573 4.43753 4.03582 4.01516 3.81015 3.68644 7.30202 3.46146 3.4063
threshold=1.0000000180025095e-35 0.55456349253654491 0.30384616553783422 0.63714733719825756 0.49615384638309484 0.95634919404983532 7.5000000000000009 1.0000000180025095e-35 0.43042929470539099 1.5000000000000002 0.061553031206130988 0.47222222387790685 0.65030118823051464 0.72046512365341198 0.16733333468437198 0.31666667759418493 0.36931818723678594 0.94281044602394115 1.0000000180025095e-35 1.5000000000000002 0.8857199251651765 0.89587974548339855 0.72300145030021679 0.87841832637786876 0.27922078967094427 0.71568331122398388 0.89561396837234508 0.19090909510850909 0.9384731948375703 0.83761700987815868
decision_type=2 2 2 2 2 2 2 2 2 2 2 2 2 2 2 2 2 2 2 2 2 2 2 2 2 2 2 2 2 2
left_child=1 5 3 26 6 7 10 29 22 28 23 -12 15 14 -14 -6 -17 -15 25 -10 21 -8 -9 -4 -11 -3 -2 -28 -5 -1
right_child=2 18 4 9 12 -7 20 8 19 24 11 -13 13 17 -16 16 -18 -19 -20 -21 -22 -23 -24 -25 -26 -27 27 -29 -30 -31
leaf_value=-0.020999091938459401 -0.057017272456535276 0.15671143885497593 0.019111780050871881 -0.036240614640195512 -0.1058773011009292 -0.1491866838422157 0.024373112621768694 -0.0028189832452078264 -0.00025810559256108398 0.095585138338611417 0.0029130752399998995 0.071519917675767417 0.49851087761951868 -0.002709017051328198 0.042270048133115176 0.034249459555293439 -0.046909177111795181 0.083267428447529851 -0.22201290329502521 0.036576337384664516 0.042392330794851808 -0.057543792562193496 0.083824789971787758 -0.085357875028010038 -0.093903413903986682 0.065126094809050142 -0.081240360726416952 0.058853556276310684 -0.34377216759609913 0.32080592194820301
leaf_weight=59.392749118131178 52.287628379726812 3.4075059597380521 8.3378630807492282 1.5345124033483433 7.0301541194712618 2.2033510889450545 9.5185555454809236 4.8069863944292619 179.38264780626923 8.9416267441556521 12.465897841364493 38.794778604438761 0.71891528928244852 744.55147294158087 5.5425207771477289 12.047402937059813 22.41047263553628 5.3858160270610815 0.39999747276306052 29.303585585410474 10.116193523790569 13.570082100428406 17.760753394599305 3.3046284634765462 0.7779427694622435 19.79901130880171 4.2746054502204043 5.3755438609514385 0.27643698104657222 0.18718558549880882
leaf_count=15904 45284 57 2695 129 1069 270 2791 3504 29796 225 829 1148 115 37431 527 1615 2066 1528 2 700 521 1270 889 362 291 1468 91 108 8 1
internal_value=0.00042654 0.0085886 -0.0022454 -0.0324113 0.000234189 0.00336102 0.0267216 0.00451672 0.0108139 0.0547237 0.0427353 0.0548357 -0.0029571 -0.00129049 0.094654 -0.0333343 -0.0185339 -0.00209156 0.0734807 0.00491416 -0.00361478 -0.0237726 0.0653694 -0.0105411 0.0804187 0.0785739 -0.0486327 -0.00320209 -0.0831846 -0.0199252
internal_weight=1283.91 316.644 967.263 73.4683 893.795 293.037 96.108 290.834 231.254 11.5305 62.9032 51.2607 797.687 756.199 6.26144 41.488 34.4579 749.937 23.6065 208.686 33.2048 23.0886 22.5677 11.6425 9.71957 23.2065 61.9378 9.65015 1.81095 59.5799
internal_count=152694 52591 100103 46136 53967 51064 9616 50794 34889 653 5034 1977 44351 39601 642 4750 3681 38959 1527 30496 4582 4061 4393 3057 516 1525 45483 199 137 15905
is_linear=0
shrinkage=0.08


Tree=123
num_leaves=31
num_cat=0
split_feature=17 14 13 11 13 5 3 4 9 15 14 3 2 9 2 11 0 2 2 1 16 14 9 13 11 11 0 13 1 0
split_gain=3.05673 4.12746 15.5391 6.95642 6.96369 7.25944 6.19024 7.44816 6.60599 6.14262 6.56819 7.17267 4.22554 4.04218 7.51301 6.95109 3.99171 3.90858 12.9088 4.86927 3.59471 3.44924 2.47605 6.30594 6.69094 5.16348 4.61616 4.05749 4.00948 5.94067
threshold=1.0000000180025095e-35 0.061553031206130988 0.25410278141498571 0.64959734678268444 0.83124706149101268 0.63333335518836986 0.76506900787353527 0.240384615957737 0.680425524711609 1.0000000180025095e-35 0.54006412625312816 0.83424907922744762 0.76631206274032604 0.44782213866710668 0.39234012365341192 0.63750296831130993 0.97753432393074047 0.79277813434600841 0.81872946023941051 0.6195238232612611 1.0000000180025095e-35 0.4220647811889649 0.3551971316337586 0.63654914498329174 0.70603400468826305 0.89525863528251659 0.43413865566253668 0.93362700939178478 0.29925373196601873 0.47047936916351324
decision_type=2 2 2 2 2 2 2 2 2 2 2 2 2 2 2 2 2 2 2 2 2 2 2 2 2 2 2 2 2 2
left_child=1 2 6 4 13 -6 7 -1 -9 10 11 -5 -12 15 -15 -3 20 19 -19 -8 -11 -7 23 -2 26 27 -25 -26 29 -24
right_child=22 3 -4 9 5 21 17 8 -10 16 12 -13 -14 14 -16 -17 -18 18 -20 -21 -22 -23 28 24 25 -27 -28 -29 -30 -31
leaf_value=-0.056432610837467458 -0.066787749530979851 0.061598178618789447 -0.073857076494429144 0.030317396401478142 0.011842197524210746 -0.34124091946562196 -0.0049539603581400925 0.20170246611246964 0.049759680319935246 -0.020747510178516514 0.014915830613551201 -0.0051067006910598435 0.062780985252233301 -0.05818620867322024 0.035457239713986337 0.31779170969879339 0.066932286863729318 0.10490693344847764 -0.0041032778399359652 -0.067956619606472327 0.0018037527333336512 -0.098168002222195891 0.012912616840485501 0.31317242099408527 -0.044094437213262387 0.066546354924419307 0.089807420650747205 0.071681909224389578 -0.0026056337858178964 -0.034867531406373491
leaf_weight=2.8175167335866709 4.5060393621133725 4.3989168099287772 19.886467797041405 50.636649422274786 2.2643952521611932 0.72073118900880195 24.086300641676644 2.5480321319191699 6.5102966568083502 93.177462977342657 24.27215216611512 131.79428607094451 22.978641964087728 5.9450189307462997 70.595770003630605 0.80125052508810757 4.4455811780062495 7.6859392235055557 72.841921757673845 11.64759001083439 87.926485507981852 0.775773148634471 23.090909483693395 0.77257552975789012 8.3873476703884098 8.2428859425708634 2.5355315320048248 2.5191869139671317 523.26327312141802 59.743141808776272
leaf_count=627 3008 833 24855 4083 54 12 415 76 251 4477 233 1443 376 4015 4541 173 1919 76 652 211 5815 65 4261 24 232 62 104 14 54440 35180
internal_value=-0.000184424 0.00367468 -0.00806151 0.00714407 0.0279237 -0.0785141 0.00214971 0.057166 0.0924999 0.00286527 0.0116108 0.00472583 0.0381932 0.0328209 0.0281838 0.101073 -0.00796041 -0.00347006 0.00630114 -0.0254899 -0.00979881 -0.215234 -0.00413921 0.0195816 0.0369114 0.0187619 0.141972 -0.0173525 -0.00519449 -0.0215483
internal_weight=1281.82 648.757 148.024 500.733 85.5019 3.7609 128.138 11.8758 9.05833 415.231 229.682 182.431 47.2508 81.741 76.5408 5.20017 185.55 116.262 80.5279 35.7339 181.104 1.4965 633.061 26.9636 22.4575 19.1494 3.30811 10.9065 606.097 82.8341
internal_count=152527 55202 27163 28039 9693 131 2308 954 327 18346 6135 5526 609 9562 8556 1006 12211 1354 728 626 10292 77 97325 3444 436 308 128 246 93881 39441
is_linear=0
shrinkage=0.08


Tree=124
num_leaves=31
num_cat=0
split_feature=11 13 4 11 14 13 13 21 14 12 11 12 13 13 13 12 12 11 13 13 4 0 14 11 21 21 8 2 14 21
split_gain=4.25627 8.66868 8.0245 5.77237 5.40906 23.9485 8.95385 10.2984 5.28373 5.18828 5.90408 5.06494 5.3221 5.00187 4.92892 4.91576 6.63636 11.15 6.33971 4.51872 4.50257 6.90006 4.40108 4.24256 5.14692 4.8458 4.03603 3.68307 6.04337 3.25404
threshold=0.64779701828956615 0.51442441344261181 0.88194444775581371 0.67346954345703136 0.053342817351222045 0.25410278141498571 0.48579499125480657 0.77670803666114818 0.39696970582008367 0.32270763814449316 0.63750296831130993 0.12922201305627826 0.45476087927818304 0.73710790276527416 0.58629718422889721 0.3003759384155274 0.4940467774868012 0.82649993896484386 0.72018960118293773 0.7119928002357484 0.240384615957737 0.87400174140930187 0.57518798112869274 0.51158469915390026 0.70720407366752636 0.7408595383167268 1.0000000180025095e-35 0.72255688905715953 0.20294117927551272 0.88040447235107433
decision_type=2 2 2 2 2 2 2 2 2 2 2 2 2 2 2 2 2 2 2 2 2 2 2 2 2 2 2 2 2 2
left_child=4 8 15 14 5 20 -7 -8 27 10 23 -12 -13 19 -4 -3 17 -17 -18 22 -1 26 -11 24 -6 -25 -22 -2 29 -29
right_child=1 2 3 -5 9 6 7 -9 -10 13 11 12 -14 -15 -16 16 18 -19 -20 -21 21 -23 -24 25 -26 -27 -28 28 -30 -31
leaf_value=-0.062804658180440343 -0.08169773594653236 -0.02437838010103267 -0.12588045878907461 0.072529469554937387 -0.035236795200010315 -0.080301761936863877 0.10401333014290004 1.1545159327122942 0.34695057061941065 -0.00017171778712532401 -0.11914667778331874 -0.016986691477811393 0.12848209895390011 -0.13323392656750874 0.090296067270705938 0.005906186531457326 -0.027357871695030751 0.074465529959445595 -0.0015871204107202872 0.2775488807632826 -0.057889085559688559 0.0036520303506453163 -0.41042114851722178 0.038473206076139153 -0.52822243660834134 -0.0039069422309571901 0.046805978635730779 -0.065535515846018938 0.052069549762383982 0.12265645561813704
leaf_weight=5.7455767586616266 12.592157272374612 63.13964573658086 1.9226109224837302 14.54273300283239 4.9480637756059869 25.874967417377778 0.77852405313023965 0.064687502686865628 0.21706376492511381 35.219909963896498 0.72703575810009979 2.0103432389951186 8.075088836347275 1.8753116952721018 1.0402383259497581 102.77671128294605 68.920865316496929 17.813058429703233 537.94032132446591 0.3736504297121418 2.520089968762476 238.47415486353566 0.16815596353262563 60.958052814508846 0.13935446797404427 24.091341739433119 36.320962071433314 10.873525097398669 4.7305974123300976 0.62165025807917196
leaf_count=1932 16548 4112 33 4959 904 57297 263 7 23 8042 51 913 1415 40 108 12680 6379 971 12053 12 66 2007 3 17507 7 999 1401 2080 74 11
internal_value=4.58199e-05 -0.00332308 -0.00177996 0.0517942 0.00633581 0.000458625 -0.0719415 0.184603 -0.0462708 0.0194729 0.0289244 0.0847847 0.0994856 -0.0058775 -0.0499822 -0.00296622 -0.00110774 0.0160335 -0.00451389 0.000800957 0.00729249 0.0087448 -0.00212113 0.0222236 -0.0487406 0.0264685 0.0400131 -0.0492327 -0.0240378 -0.0553582
internal_weight=1285.5 837.131 808.096 17.5056 448.365 309.779 26.7182 0.843212 29.035 138.586 100.949 10.8125 10.0854 37.637 2.96285 790.591 727.451 120.59 606.861 35.7617 283.061 277.315 35.3881 90.1368 5.08742 85.0494 38.8411 28.8179 16.2258 11.4952
internal_count=152897 60031 41295 5100 92866 62973 57567 270 18736 29893 21796 2379 2328 8097 141 36195 32083 13651 18432 8057 5406 3474 8045 19417 911 18506 1467 18713 2165 2091
is_linear=0
shrinkage=0.08


Tree=125
num_leaves=31
num_cat=0
split_feature=19 13 11 14 13 11 15 11 9 19 14 21 9 2 3 8 14 11 14 14 13 11 21 5 19 3 8 8 8 0
split_gain=3.86614 5.59915 4.37539 5.80968 6.31958 9.46037 4.03771 3.78588 6.43652 4.37206 4.59335 4.13972 3.73409 4.47162 3.80415 3.68763 3.91 3.25072 12.1209 5.69304 12.3068 5.66007 4.4392 3.93757 13.4418 8.6636 8.30938 7.37115 6.62303 5.62853
threshold=3.5000000000000004 0.86505654454231273 0.74655577540397655 0.79057019948959362 0.9483163356781007 0.72600579261779796 2.5000000000000004 0.75068005919456493 0.86402156949043285 5.5000000000000009 0.69397994875907909 0.89572793245315563 0.7589399814605714 0.79814815521240245 0.72834226489067089 27.500000000000004 0.53589746356010448 0.58568108081817638 0.056349206715822227 0.0745370388031006 0.25410278141498571 0.51158469915390026 0.70720407366752636 0.58571431040763866 1.5000000000000002 0.99450549483299266 1.0000000180025095e-35 1.5000000000000002 1.5000000000000002 0.84550932049751293
decision_type=2 2 2 2 2 2 2 2 2 2 2 2 2 2 2 2 2 2 2 2 2 2 2 2 2 2 2 2 2 2
left_child=17 7 3 4 -3 -6 15 8 12 10 11 -9 13 -2 -14 16 -4 19 -19 20 -1 22 -21 24 26 27 -20 -25 -26 -27
right_child=1 2 6 -5 5 -7 -8 9 -10 -11 -12 -13 14 -15 -16 -17 -18 18 23 21 -22 -23 -24 25 28 29 -28 -29 -30 -31
leaf_value=0.00534183855450545 0.0045500199948564973 -0.070307173416738408 -0.030328900819530994 0.062811203712966682 -0.13932145963756593 -0.84552454343334293 -0.037808903241882637 -0.031779390788216857 0.01001527190562276 0.048914100628029179 0.087221661145080329 0.026956295019578528 0.24962645886470147 0.11629436055537432 0.090091418313000965 -0.11641041759412483 0.016269390792439359 -0.073395574543966197 0.069272815872214635 -0.037084528171324016 -0.072149242695184024 0.046116015921643307 -0.5038152565606544 -0.060831262152096513 0.016841167857574051 -0.041436551194887691 0.011053121317709356 -0.013606168220283897 -0.019936717207386007 0.0044526986824678554
leaf_weight=268.75869348709239 7.4135877346270735 5.3395731321943449 13.20931320634554 1.9101117517857344 0.41185454174410541 0.17214663937920704 13.593374520511132 22.859577356633963 19.799456176435342 13.997380745713597 3.2662773104384533 11.565045859868404 1.0553021727246221 3.317480644909665 10.226399338804184 1.4905097074806679 90.345646999776363 15.868797865688974 16.93969643413584 4.1325545355321074 13.78959752328228 32.890115051573957 0.13467267062515009 32.39332220228971 38.732838933632593 19.029756731863017 212.5836020573006 60.959610644487839 164.12702616914248 169.22998229810037
leaf_count=5242 169 263 465 173 51 18 554 455 789 770 125 783 21 91 268 23 5192 30322 1813 817 35075 7380 4 407 1697 507 44995 1156 8974 4066
internal_value=0.000725399 0.0103687 -0.000605547 -0.0585125 -0.0976344 -0.34749 0.00321803 0.0252129 0.0431112 0.0107345 -0.0034444 -0.012047 0.0728794 0.0390955 0.105014 0.00852711 0.0103254 -0.00129568 -0.00424233 0.00543129 0.00155993 0.0348695 -0.0518144 -0.00270537 0.00208918 -0.0100668 0.01535 -0.0299932 -0.0129146 -0.000185899
internal_weight=1269.54 219.973 126.473 7.83369 5.92357 0.584001 118.639 93.5005 41.8122 51.6883 37.6909 34.4246 22.0128 10.7311 11.2817 105.045 103.555 1049.57 729.865 319.706 282.548 37.1573 4.26723 713.996 432.383 281.613 229.523 93.3529 202.86 188.26
internal_count=152665 10210 6739 505 332 69 6234 3471 1338 2133 1363 1238 549 260 289 5680 5657 142455 93937 48518 40317 8201 821 63615 57479 6136 46808 1563 10671 4573
is_linear=0
shrinkage=0.08


Tree=126
num_leaves=25
num_cat=0
split_feature=4 8 12 13 1 4 13 21 9 8 0 3 3 14 9 7 1 2 8 21 14 1 13 2
split_gain=3.11151 7.0862 6.26451 14.6414 3.85069 3.65564 3.38346 2.88436 2.74897 7.91954 5.88375 5.23457 9.26728 6.16226 4.58705 2.38168 2.51492 2.24639 4.10239 1.47723 0.624009 0.588492 0.0287807 0.00760087
threshold=0.88194444775581371 11.500000000000002 0.41194295883178716 0.44074714183807379 0.96720427274703991 0.86607143282890331 0.48579499125480657 0.70585912466049205 0.86402156949043285 5.5000000000000009 0.88310161232948314 0.54433220624923717 0.54653680324554454 0.36939570307731634 0.65669643878936779 0.51124340295791637 0.38266584277153021 0.79814815521240245 6.5000000000000009 0.77307745814323436 0.10762548446655275 0.68819445371627819 0.40919661521911627 0.96580946445465099
decision_type=2 2 2 2 2 2 2 2 2 2 2 2 2 2 2 2 2 2 2 2 2 2 2 2
left_child=4 2 15 -4 5 8 -5 -6 9 10 -1 13 -13 -10 -11 16 -2 -17 -19 -8 -9 -18 -22 -24
right_child=1 -3 3 6 7 -7 19 20 11 14 -12 12 -14 -15 -16 17 21 18 -20 -21 22 -23 23 -25
leaf_value=0.027521671246717637 -0.069295911922158171 0.34323391961142341 1.3617780326830171 -0.14428245000253673 0.30451361566871826 -0.22763259832670521 -0.012474110351225845 -0.0075481734880283305 -0.078762603273695539 0.00114165353205517 0.0021346632389660047 0.22098269100307832 -0.0055970514022392562 -0.013483721932714552 -0.013683603883191767 -0.15181756218584366 0.087969587983220146 -9.5385372975162063e-05 0.13755504752076467 0.076450062487789613 0.1226145554898706 0.19511132325753291 0.098032117000722008 0.082736487258028665
leaf_weight=96.093580120254046 0.67725511646130998 0.41118564034695637 0.055359394289552166 0.50830912357196112 0.38738834048854087 0.46195456186251149 1.3471021468867537 0.55230544629739586 13.716207017176201 310.92960049956309 149.05444284222904 1.1592818166682253 335.33821475033619 28.454639923642389 234.16172706289944 0.61143907031509925 2.379147146159085 89.407227825809969 1.4074906967289269 10.631650971859925 0.22675865888595559 0.38058230240130786 0.42015369958244264 0.41163721209159121
leaf_count=16063 33 21 3 4 3 9 67 19 14942 47179 6361 234 22930 1137 34443 21 147 4201 46 4333 1 25 14 56
internal_value=-0.00124404 0.011761 0.010492 0.0636268 -0.00244108 -0.00263069 0.0578716 0.108518 -0.00254176 0.000143798 0.0120859 -0.00814624 -0.00481645 -0.0347159 -0.00522702 0.00346678 0.0688445 0.00100903 0.00203799 0.0664499 0.0613842 0.102745 0.0973501 0.0904626
internal_weight=1279.18 107.817 107.406 12.5424 1171.37 1169.37 12.4871 1.99824 1168.91 790.239 245.148 378.668 336.497 42.1708 545.091 94.8631 3.43698 91.4262 90.8147 11.9788 1.61086 2.75973 1.05855 0.831791
internal_count=152292 8901 8880 4407 143391 143298 4404 93 143289 104046 22424 39243 23164 16079 81622 4473 205 4268 4247 4400 90 172 71 70
is_linear=0
shrinkage=0.08


Tree=127
num_leaves=31
num_cat=0
split_feature=7 4 1 0 3 4 1 2 9 13 2 3 14 7 1 1 4 5 14 7 13 9 4 2 14 2 8 8 14 9
split_gain=3.07311 7.3898 19.9224 10.9778 9.17144 7.89549 8.88985 7.79332 7.72178 7.41551 6.42626 6.25246 6.19858 7.01458 6.73107 5.96151 13.6231 7.99132 7.52763 6.66495 6.5847 5.36403 5.27372 5.51453 5.07873 4.7232 4.5413 3.92143 9.03457 10.9022
threshold=0.50035613775253307 0.14835165441036227 0.53390806913375866 0.75926098227500927 0.52114352583885204 0.19090909510850909 0.81530213356018078 0.52027395367622387 0.53923079371452343 0.51229590177536022 0.79277813434600841 0.51899951696395885 0.90692642331123363 0.5449495017528535 0.61620295047760021 0.56306818127632152 0.16025641560554507 0.58571431040763866 0.22792208194732669 0.39553572237491613 0.72018960118293773 0.62397539615631115 0.5634920895099641 0.91331186890602123 0.72902098298072826 0.61610352993011486 11.500000000000002 5.5000000000000009 0.097167581319808974 0.82807883620262157
decision_type=2 2 2 2 2 2 2 2 2 2 2 2 2 2 2 2 2 2 2 2 2 2 2 2 2 2 2 2 2 2
left_child=10 2 3 7 11 6 -3 8 -2 -9 15 -5 13 -7 -15 17 25 18 20 21 -1 -19 -12 24 -24 -17 -20 -4 29 -29
right_child=1 5 27 4 -6 12 -8 9 -10 -11 22 -13 -14 14 -16 16 -18 19 26 -21 -22 -23 23 -25 -26 -27 -28 28 -30 -31
leaf_value=-0.066025256215694203 0.025786841482196021 -0.077965410513800557 0.051724317938926012 -0.0025970578703729003 -0.101075966525888 -0.056560263200403915 -0.93622943578529572 0.15753971385452303 -0.015516563589377258 0.034518298808424837 0.054485666775656895 0.31983342966910383 0.069594360540918027 0.011664425110722092 -0.0048720672265498075 0.26683546439316985 -0.088814042411290664 0.018343391416693267 0.0042145065414601803 -0.045415043624770578 0.2261661586022212 0.18895007209435796 -0.036882394581758314 0.038747073970974356 0.071010500390721723 0.030726687373659398 -0.02396780404999313 0.18088090252664235 0.08852321169955811 0.75940249986118857
leaf_weight=20.574345451328558 54.58376166416565 6.6379828380886456 18.589744880737275 6.727035343792525 10.778428963312761 14.568037412449483 0.078147582709789165 3.8053359402329106 61.729102305809647 17.825021148353699 15.99542534026841 0.40827008488122363 7.9153970784682306 213.19424805702511 603.41574805443815 0.87542907035094986 14.667583764916342 1.9213690660762939 84.827160805565654 2.1526687592995586 0.50574025286186852 3.05445385913481 21.637267872509259 14.785304033634018 3.2059332866920149 1.4246996722940819 64.356696228802321 0.809635019621054 11.098925496276932 0.28077244205633178
leaf_count=45399 5316 5521 1231 1122 1934 3082 1 1356 16813 426 1023 35 1804 20037 27500 16 3984 377 7684 594 75 507 1126 968 125 42 4158 95 519 6
internal_value=-0.000304658 0.00162236 0.0160306 0.00441538 -0.0545019 -0.00155697 -0.087952 0.0120666 0.00386646 0.0561609 -0.00826331 0.0158519 -0.000865456 -0.00153645 -0.000554847 -0.0151251 -0.0604274 -0.0107919 -0.0142663 0.072192 -0.0590152 0.123072 0.0157132 6.32864e-05 -0.0229592 0.12059 -0.00794311 0.074847 0.110111 0.329846
internal_weight=1282.43 1032.45 186.636 155.857 17.9137 845.81 6.71613 137.943 116.313 21.6304 249.984 7.13531 839.093 831.178 816.61 194.36 16.9677 177.392 170.264 7.12849 21.0801 4.97582 55.6239 39.6285 24.8432 2.30013 149.184 30.7791 12.1893 1.09041
internal_count=152876 86798 28853 27002 3091 57945 5522 23911 22129 1782 66078 1157 52423 50619 47537 62836 4042 58794 57316 1478 45474 884 3242 2219 1251 58 11842 1851 620 101
is_linear=0
shrinkage=0.08


Tree=128
num_leaves=31
num_cat=0
split_feature=8 9 14 3 9 1 4 1 2 3 1 4 8 1 2 8 9 13 11 9 1 13 9 3 1 4 4 2 6 1
split_gain=3.51632 9.2702 5.85797 6.6268 7.86465 5.75873 5.53662 18.3447 13.134 10.4425 9.89098 27.5774 9.30204 8.86948 7.0076 6.71061 11.0826 6.39589 5.25986 4.26998 4.07861 3.99886 3.87215 3.6537 3.44892 3.31014 3.28889 9.90965 7.83199 4.33127
threshold=13.500000000000002 0.60630899667739879 0.15075758099555972 0.94392031431198131 0.39173060655593878 0.65821567177772533 0.4083333313465119 0.5604878067970277 0.6776927411556245 0.87026646733284008 0.57735043764114391 0.16025641560554507 7.5000000000000009 0.82426470518112194 0.84273937344551098 5.5000000000000009 0.74388790130615245 0.97329768538475048 0.57415857911109935 0.62115561962127697 0.2336879447102547 0.44494949281215673 0.97467949986457836 0.41955395042896276 0.70106381177902233 0.38750000298023229 0.36931818723678594 0.5673658847808839 1.0000000180025095e-35 0.31072796881198889
decision_type=2 2 2 2 2 2 2 2 2 2 2 2 2 2 2 2 2 2 2 2 2 2 2 2 2 2 2 2 2 2
left_child=1 26 24 4 20 -5 10 8 -8 14 15 22 -10 -13 -9 16 -3 -11 19 -6 21 -4 -12 -17 -2 -20 27 -1 -28 -30
right_child=2 6 3 5 18 -7 7 9 12 17 11 13 -14 -15 -16 23 -18 -19 25 -21 -22 -23 -24 -25 -26 -27 28 -29 29 -31
leaf_value=0.023484973219625175 -0.0534319323616066 0.062755994575177221 0.17683260790736732 0.051510660380865235 0.081322282907818816 -0.1118406974632241 0.091627381448497122 -0.041440810226439702 0.029519844952776216 1.9613514445506173e-05 0.091283815914104116 -0.022259488861109775 -0.077059716414627222 0.056782994124525844 0.0263835836468349 -0.06774530501555949 -0.017592315466326284 0.057336977636733455 -0.036202158848656178 0.5882096838098394 0.06884900142892407 -0.0039407298570409265 -0.092509430392706385 -0.028769387811270822 0.27152565575277471 -0.1185338970158577 -0.10844652643878867 0.12550982331426266 0.17161996046796688 0.012104670719865356
leaf_weight=54.336370468055975 21.986173295324992 12.112511662970062 0.79359335305343748 17.106742932024648 0.90709751728718291 1.502530978701542 21.731263786110503 61.961580135597615 49.501017014990794 519.12944719577354 22.823924639524197 73.723598501434026 5.8615458694694089 10.362773335655218 11.569859853887463 21.865614961538085 118.20821010912914 12.766126035479827 42.520774620570592 0.12048888056597207 5.7684912936383617 59.533589136866794 0.75798649434000154 51.998803463895456 0.2110371497401492 3.373239186796126 3.4826858360902397 6.862439470816752 1.1161855012760487 45.412103371214471
leaf_count=8617 18778 1293 152 610 254 39 891 3260 2553 23487 1488 8421 298 400 392 11998 36821 1372 5551 20 185 2457 47 20165 12 41 545 576 34 1811
internal_value=-0.000992991 0.000583773 -0.0123257 -0.00591468 -0.0131986 0.0383215 -0.00186605 0.00216905 0.0389234 -0.00251117 -0.0106973 0.0089229 0.0182357 -0.0125183 -0.0307689 -0.0210431 -0.0101244 0.0013953 -0.0382456 0.140757 0.00458248 -0.00156269 0.0853762 -0.0403072 -0.0503424 -0.0422536 0.0224887 0.0349254 0.00726987 0.0159313
internal_weight=1259.41 1105.58 153.824 131.627 113.017 18.6093 994.374 682.521 77.0938 605.427 311.853 107.668 55.3626 84.0864 73.5314 204.185 130.321 531.896 46.9216 1.02759 66.0957 60.3272 23.5819 73.8644 22.1972 45.894 111.21 61.1988 50.011 46.5283
internal_count=152568 124469 28099 9309 8660 649 112886 32253 3742 28511 80633 10356 2851 8821 3652 70277 38114 24859 5866 274 2794 2609 1535 32163 18790 5592 11583 9193 2390 1845
is_linear=0
shrinkage=0.08


Tree=129
num_leaves=31
num_cat=0
split_feature=0 1 4 2 4 3 2 15 14 0 1 0 5 3 2 2 3 4 4 1 8 8 19 8 5 4 2 19 8 21
split_gain=4.24616 7.92308 16.9363 14.9747 9.43409 13.02 8.47315 8.04551 7.85477 7.1627 7.13948 9.09023 14.405 7.65762 20.6487 6.68869 6.45248 6.45091 7.60221 7.32572 5.93627 5.55829 5.54317 5.31663 5.28486 5.25733 5.14246 6.13325 4.90389 8.33244
threshold=0.92634469270706188 0.64549729228019725 0.16025641560554507 0.85880398750305187 0.57738095521926891 0.91010102629661571 0.61034789681434642 3.5000000000000004 0.8441295623779298 0.69762116670608532 0.75255101919174205 0.95000797510147106 0.73214286565780651 0.88185444474220287 0.89512962102890026 0.80217391252517711 0.8589511811733247 1.0000000180025095e-35 0.30384616553783422 0.31866537034511572 11.500000000000002 1.5000000000000002 1.5000000000000002 7.5000000000000009 0.63333335518836986 0.57738095521926891 0.88989898562431347 2.5000000000000004 1.5000000000000002 0.84465017914772045
decision_type=2 2 2 2 2 2 2 2 2 2 2 2 2 2 2 2 2 2 2 2 2 2 2 2 2 2 2 2 2 2
left_child=1 4 -3 8 15 7 20 -6 21 -8 22 12 13 -12 -15 17 -13 19 -19 -1 -7 -4 -2 24 -18 -25 -14 -28 29 -5
right_child=10 2 3 28 5 6 9 -9 -10 -11 11 16 26 14 -16 -17 23 18 -20 -21 -22 -23 -24 25 -26 -27 27 -29 -30 -31
leaf_value=-0.0056905776421877002 0.0058517229922659024 0.083686739845860794 -0.01760821459471373 0.048724510195257295 0.063840598913413912 -0.42371996052357846 -0.11356834071505613 -0.19834219131598688 0.075272112575092753 0.011178874177317657 0.058547112938185368 0.12941107134474669 -0.073545919623491524 -0.11344257060746032 0.074849431705472633 0.055235446063762933 0.036717506409177696 -0.039741580050269995 -0.0058324853880054916 0.021433770100057783 -0.073992921527191488 -0.059161051550913689 0.039918200029832318 -0.10801720916009226 -0.0015389659389238909 0.05361493311851822 -0.11280922213133975 -0.41553214039266306 0.0288084450020758 -0.090900528481018664
leaf_weight=207.62167737814161 59.053288153081667 9.6597443421487679 29.378265477462264 4.7078517785557761 39.159116790367989 0.4729244373156678 3.0695732393141943 0.76368368486873706 3.4963799792749333 73.020807114553463 10.278303146595137 2.6821149947645599 15.766426511050669 8.5052913503750442 6.6353632269601794 12.150141885475021 25.380307769082719 59.978737394405471 143.67663408761291 91.946250787892495 0.90512369437783491 68.969980373381986 63.375973264191998 1.3764044768759074 258.37864815353532 20.034476976230508 1.3181918692134775 0.63450825569452707 32.906196433192235 6.5290318589832168
leaf_count=45638 2933 780 1795 314 1274 14 192 13 193 2834 408 88 658 282 288 638 1223 45650 18495 6129 40 5531 1800 74 13688 380 52 23 1392 167
internal_value=0.000863218 -0.0027329 -0.0189029 -0.0256911 0.0012446 0.021712 0.00258588 0.0588253 -0.0425595 0.00614643 0.00685204 0.0010498 -0.0333432 0.00525419 -0.030924 -0.00341744 0.00586916 -0.00483359 -0.0158191 0.00263469 -0.194014 -0.0467485 0.0234864 0.00478336 0.00188282 0.0432244 -0.0887131 -0.211176 0.0132268 -0.0324026
internal_weight=1261.83 788.412 155.647 145.988 632.765 117.391 77.4684 39.9228 101.845 76.0904 473.419 350.99 43.1381 25.419 15.1407 515.373 307.852 503.223 203.655 299.568 1.37805 98.3482 122.429 305.17 283.759 21.4109 17.7191 1.9527 44.1431 11.2369
internal_count=152986 131089 10172 9392 120917 4367 3080 1287 7519 3026 21897 17164 1711 978 570 116550 15453 115912 64145 51767 54 7326 4733 15365 14911 454 733 75 1873 481
is_linear=0
shrinkage=0.08


Tree=130
num_leaves=31
num_cat=0
split_feature=11 13 14 13 12 16 11 2 4 2 13 21 0 14 15 4 12 11 13 13 13 1 8 11 13 13 12 7 21 2
split_gain=3.4211 5.64306 6.3976 5.39538 4.93509 5.95314 5.67901 5.56427 11.8138 4.89176 7.66159 4.81363 6.61004 7.56533 4.48341 4.43448 4.42503 4.12868 4.02023 3.6729 3.64446 3.45541 5.95299 3.39038 7.87662 6.78578 3.22109 3.0403 4.06557 3.00252
threshold=0.93501552939414989 0.92508503794670116 0.53589746356010448 0.93362700939178478 0.86700680851936351 1.0000000180025095e-35 0.90304511785507213 0.97100839018821727 0.63068181276321422 0.52672380208969127 0.97329768538475048 0.97038272023201 0.96574243903160106 0.65108695626258861 3.5000000000000004 0.63068181276321422 0.80082646012306224 0.74271398782730114 0.91050845384597789 0.90574499964714061 0.93362700939178478 0.89039039611816417 3.5000000000000004 0.78481063246727001 0.8828207552433015 0.87727573513984691 0.86700680851936351 0.5764550268650056 0.6323494315147401 0.87585616111755382
decision_type=2 2 2 2 2 2 2 2 2 2 2 2 2 2 2 2 2 2 2 2 2 2 2 2 2 2 2 2 2 2
left_child=1 4 20 27 6 18 23 16 -9 17 -11 12 14 15 29 -14 -8 -5 -6 -17 26 -15 -23 25 -25 -1 -3 28 -4 -2
right_child=11 2 3 9 5 -7 7 8 -10 10 -12 -13 13 21 -16 19 -18 -19 -20 -21 -22 22 -24 24 -26 -27 -28 -29 -30 -31
leaf_value=0.0029437374925201194 -0.013029938560072434 0.070418357777147916 0.12047342133445826 -0.03942424481986171 -0.031215114702158264 0.10778743471859141 0.041118784155678462 -0.71576197691298804 -0.023731206041563736 -0.035465527658070636 0.062534626370885443 0.052487016664816012 -0.021638156427775376 0.075786252862160536 -0.13873326634322483 -0.28502616937140773 -0.0095978094801391686 0.045978113260530418 -0.14353804897661618 -0.097126278116574177 0.11277316621530264 -0.035266499895273085 -0.70373328175613192 -0.017050867907760819 0.022071467333011234 -0.032458844009264118 -0.070530809936098587 0.091030942461154812 -0.030830003753971109 0.02881883836521696
leaf_weight=684.50460490789919 131.38090627279598 2.9429917809320596 1.6019111131317894 4.4727460135472965 4.4610186382778885 1.205803075485165 41.453603879665025 0.19867678463924576 0.76878549857065082 28.030071519053308 6.2426591916300813 7.1793323687452348 1.0308099328540259 1.73819776653545 1.7398575613624405 1.7927874497254381 14.992194621125234 19.066180193331093 3.756771843880415 1.0591117216390555 6.9780954791058321 0.53129952491144639 0.10156025015749037 185.17735496769455 40.061312466874369 36.498098479729379 1.6027958386112002 7.6555550640332513 3.9128022584482096 11.972237556648905
leaf_count=133111 2932 62 11 55 66 54 1033 16 545 1143 642 1910 39 159 54 72 277 222 33 41 106 111 11 6940 912 924 17 331 68 804
internal_value=-0.000534517 0.00105488 0.0211738 0.0121978 -0.000583615 -0.0582071 -4.25712e-05 0.0243877 -0.165846 0.00167048 -0.0176151 -0.0115189 -0.0145552 -0.0950852 -0.0110842 -0.163845 0.0276483 0.0297504 -0.0825637 -0.215246 0.0764617 0.0175125 -0.142541 -0.00152488 -0.0100925 0.00115161 0.0207212 0.058408 0.0131205 -0.00953491
internal_weight=1254.11 1095.58 82.5058 70.9819 1013.08 9.42359 1003.65 57.4133 0.967462 57.8117 34.2727 158.526 151.347 6.25377 145.093 3.88271 56.4458 23.5389 8.21779 2.8519 11.5239 2.37106 0.63286 946.241 225.239 721.003 4.54579 13.1703 5.51471 143.353
internal_count=152701 146568 2657 2472 143911 153 143758 1871 561 2062 1785 6133 4223 433 3790 152 1310 277 99 113 185 281 122 141887 7852 134035 79 410 79 3736
is_linear=0
shrinkage=0.08


Tree=131
num_leaves=31
num_cat=0
split_feature=0 3 1 5 7 0 3 1 9 9 2 2 4 0 11 4 14 11 1 21 0 21 11 12 12 0 1 5 4 19
split_gain=5.81761 9.55446 7.66755 10.9572 7.27899 13.5141 10.5781 7.07972 6.04233 5.56664 5.56497 7.67865 5.52165 4.61448 7.88294 4.90084 4.36486 7.71556 4.73569 4.56186 4.12981 3.79373 3.71258 6.38125 5.27194 3.69186 9.74493 14.4493 6.7933 4.86944
threshold=0.96784415841102611 0.92637759447097789 0.81016731262207042 0.73214286565780651 0.80696970224380504 0.9622841775417329 0.91010102629661571 0.81530213356018078 0.88303694128990184 0.87367022037506115 0.77836257219314586 0.89512962102890026 0.78888890147209179 0.90304020047187816 0.74271398782730114 0.57738095521926891 0.60434782505035411 0.92668560147285473 0.84045451879501354 0.97038272023201 0.36793582141399389 0.95861858129501354 0.72600579261779796 0.26840560138225561 0.27239304780960089 0.9472520947456361 0.71563342213630687 0.41428571939468389 0.57738095521926891 1.5000000000000002
decision_type=2 2 2 2 2 2 2 2 2 2 2 2 2 2 2 2 2 2 2 2 2 2 2 2 2 2 2 2 2 2
left_child=2 -2 20 7 9 8 -7 13 -6 12 -9 -12 -5 14 -4 -15 17 18 -3 21 -1 -19 23 -18 -25 26 28 -28 -22 -27
right_child=1 16 3 4 5 6 -8 10 -10 -11 11 -13 -14 15 -16 -17 22 19 -20 -21 25 -23 -24 24 -26 29 27 -29 -30 -31
leaf_value=-0.054194267986400931 0.075257480581462297 0.09614052098277967 -0.70473754958169377 -0.08009828773223332 -0.18928805736097512 0.12370413080750277 -0.040281684845488795 0.10546218604043739 -0.084484734105566825 0.10537109996412491 -0.033694040510166945 0.034951943707551475 0.082526565746361039 0.029601756970005541 -0.061647051380912407 -0.1908385702619369 0.083050684257731738 -0.066036700025672121 0.0060713512661605849 0.092953090513412676 -0.0011428380326910929 -0.24505553979425709 0.072988642470131884 -0.93841531716442195 -0.19614771846100579 -0.0040008239123220466 0.032235904612151284 -0.039715693027298798 0.015984389629727334 0.033007927257104587
leaf_weight=8.4862848715783894 15.292974893702192 3.836786691681481 0.21114270653924849 3.9765605218126421 4.8597151565772974 2.7736289476451956 27.266732363175834 3.9035227365966412 12.778309600631472 3.1905581347818952 18.18869591737166 24.444478033765336 2.0124314299318939 1.4584686422895177 0.28891175403259695 1.1578940774488726 0.51114837991190043 1.6340644884621722 142.26970915099082 0.59612893310259085 571.14067682454515 1.412508960929699 9.6985168557293928 0.077982522547245026 0.28522365525714122 40.034503756513004 23.205470310080273 77.581875090647372 200.15389317787049 52.713107624338591
leaf_count=637 500 143 47 133 140 112 995 183 528 162 616 1084 53 54 4 42 125 33 6816 171 120717 164 2887 1 69 1951 1060 4349 7489 1442
internal_value=0.00133602 0.0148399 -0.000860162 -0.0212386 -0.045217 -0.0577767 -0.0251409 0.00621909 -0.113361 0.020018 0.0140364 0.00566534 -0.0254528 -0.110514 -0.333185 -0.067956 0.00907678 0.00556932 0.00843659 -0.109435 0.00136987 -0.149037 0.0587548 -0.09913 -0.355517 0.0018586 0.000244757 -0.0231494 0.00330174 0.0170331
internal_weight=1255.44 175.615 1079.83 106.511 56.8579 47.6784 30.0404 49.6531 17.638 9.17955 46.5367 42.6332 5.98899 3.11642 0.500054 2.61636 160.322 149.749 146.106 3.6427 973.316 3.04657 10.5729 0.874355 0.363206 964.83 872.082 100.787 771.295 92.7476
internal_count=152707 10909 141798 4153 2123 1775 1107 2030 668 348 1883 1700 186 147 51 96 10409 7327 6959 368 137645 197 3082 195 70 137008 133615 5409 128206 3393
is_linear=0
shrinkage=0.08


Tree=132
num_leaves=31
num_cat=0
split_feature=0 9 8 13 3 21 14 19 14 0 11 2 0 12 0 2 0 2 0 19 21 9 9 9 3 0 4 4 13 2
split_gain=3.48279 6.46773 7.87546 10.2574 5.9743 5.39461 10.5551 5.91415 13.1674 5.3425 5.38465 5.25688 10.9612 5.96183 5.0329 5.67245 5.9529 8.12088 11.8335 6.02677 6.81318 6.02773 5.51013 8.41562 5.70784 5.25781 5.23268 7.52934 4.92825 4.49706
threshold=0.91667616367340099 0.78501400351524364 4.5000000000000009 0.5835326910018922 0.86319074034690868 0.85906931757926952 0.089572194963693633 1.5000000000000002 0.12060606107115747 0.95790162682533275 0.79780694842338573 0.87112742662429821 0.97753432393074047 0.36965656280517584 0.8857199251651765 0.77015754580497753 0.70362812280654918 0.44353370368480688 0.70087745785713207 1.5000000000000002 0.8521724045276643 0.96225070953369152 0.58032256364822399 0.74239632487297069 0.84028983116149913 0.65706622600555431 0.16025641560554507 0.47222222387790685 0.58629718422889721 0.85028737783432018
decision_type=2 2 2 2 2 2 2 2 2 2 2 2 2 2 2 2 2 2 2 2 2 2 2 2 2 2 2 2 2 2
left_child=14 5 4 -4 -3 6 -2 -8 -9 29 -11 12 -6 -13 15 16 17 18 -1 21 -21 -18 28 24 -24 -19 -25 -28 -16 -5
right_child=1 2 3 9 11 -7 7 8 -10 10 -12 13 -14 -15 22 -17 19 25 -20 20 -22 -23 23 26 -26 -27 27 -29 -30 -31
leaf_value=-0.0064458937148115852 -0.081413690780756748 0.03811170972083152 0.034627406905407498 -0.037917540385487773 -0.043107987695383904 0.0087612724340605814 0.013706979400474944 0.33888620740108516 0.063016652280343671 0.031058584171894044 -0.058997524562966683 -0.0055039743862727673 0.11834352794298308 0.020541445387734118 -0.01965888392880423 0.016721799635928881 0.0080115784574925127 0.044218509764647432 0.4603246760152882 -0.044057222151533904 0.0043080757343194965 -0.059221648974079423 -0.0067566661186493071 0.076584799106244258 -0.10207881734388811 0.0051915909535900345 -0.062073282446125068 -0.0046432090039860621 0.033724583085456269 -0.13633787424682214
leaf_weight=218.15791201261345 4.153773581434506 28.399231304065324 10.593923214924869 4.9282652665860969 31.887288306606933 121.30067568097729 16.224876490887254 1.1558029201114575 26.398379279940855 6.2557560825953287 13.247912597958928 158.67606916645309 2.9393252131994805 87.13322384377534 23.029122670050128 101.93397334405017 70.916719260010723 40.550156784807768 0.34815921110202808 64.714283010460349 26.182450532563962 9.701786000718128 5.6350076874077812 3.7121553982433388 14.030670215477583 48.538499163940287 20.332718505480443 51.912525447245571 21.308650460938225 7.4823637487133965
leaf_count=58800 3582 1240 712 36 1185 1646 359 25 501 59 192 7519 78 6885 1572 6196 13307 18889 34 7664 842 1587 380 336 922 13842 1926 1871 477 73
internal_value=-9.46729e-05 0.00489043 -0.00129533 -0.0335807 0.00314556 0.0177399 0.0404617 0.0520253 0.0745884 -0.0562223 -0.0301122 -0.00039287 -0.0294817 0.00372847 -0.00369538 -0.000414967 -0.00406093 0.00259791 -0.00570216 -0.0160029 -0.0301258 -7.93975e-05 -0.0173139 -0.0281226 -0.0747652 0.0229553 -0.0160467 -0.0208063 0.00599711 -0.0972551
internal_weight=1241.78 520.777 351.543 42.5082 309.035 169.234 47.9328 43.7791 27.5542 31.9143 19.5037 280.636 34.8266 245.809 721.005 581.044 479.11 307.595 218.506 171.515 90.8967 80.6185 139.961 95.6231 19.6657 89.0887 75.9574 72.2452 44.3378 12.4106
internal_count=152737 24092 17979 1072 16907 6113 4467 885 526 360 251 15667 1263 14404 128645 121161 114965 91565 58834 23400 8506 14894 7484 5435 1302 32731 4133 3797 2049 109
is_linear=0
shrinkage=0.08


Tree=133
num_leaves=31
num_cat=0
split_feature=8 11 7 12 1 1 12 11 13 12 19 17 11 11 12 3 13 11 21 3 21 12 21 13 13 5 4 13 15 13
split_gain=3.12106 3.60951 3.60367 4.76408 4.18674 5.98735 3.64996 3.27646 2.76473 5.61031 2.25483 2.14519 2.0516 4.19748 4.23708 2.88442 3.32862 1.85549 6.27761 9.51244 7.12144 6.14974 7.74753 6.10456 12.3701 10.2811 5.98217 5.8865 5.48393 4.81184
threshold=19.500000000000004 0.82184189558029186 0.51124340295791637 0.57207792997360241 0.16754386574029925 0.26138716936111456 0.54067841172218334 0.81365317106246959 0.93887132406234752 0.95130419731140148 9.5000000000000018 1.0000000180025095e-35 0.63836494088172924 0.63750296831130993 0.38605175912380224 0.2237871661782265 0.81705284118652355 0.78481063246727001 0.77307745814323436 0.40778534114360815 0.8660678267478944 0.68100523948669445 0.75455355644226085 0.83124706149101268 0.72018960118293773 0.58571431040763866 0.63068181276321422 0.68985682725906383 1.0000000180025095e-35 0.85258609056472789
decision_type=2 2 2 2 2 2 2 2 2 2 2 2 2 2 2 2 2 2 2 2 2 2 2 2 2 2 2 2 2 2
left_child=10 7 3 6 -4 -6 -3 12 11 -10 17 -5 13 14 -2 16 -14 21 19 -19 26 23 29 24 -1 -25 -20 -21 -22 -23
right_child=1 2 4 8 5 -7 -8 -9 9 -11 -12 -13 15 -15 -16 -17 -18 18 20 27 28 22 -24 25 -26 -27 -28 -29 -30 -31
leaf_value=-0.00020997511872231116 -0.023260868669481884 0.0040354940922342313 0.088721615703429513 -0.10761661894088946 -0.078505591939055833 0.067822808299193169 0.21764503433466773 -0.15417822145899024 0.12111674121364763 -0.048059261469806921 0.087619973311082719 -0.018391668889008422 -0.04941042486863028 0.4057429368420945 0.17055044025313557 -0.067435084343993978 0.046865789173553676 -0.0015615039170232864 -0.017078559213909061 0.13575725794836416 -0.008382162433120826 -0.067993627617341693 0.064429487151591566 0.0089499477538087374 0.033464654152082399 -0.052032734015991393 -0.067655244310818416 0.036203316107840791 0.01813872351102706 0.035397284618360489
leaf_weight=522.61721847779518 7.6052508971151838 1.2938714255287806 5.3603724995336943 4.4877383840503153 3.5517320226063021 3.6071173560339957 0.84713791665853921 1.4318014805903647 1.7417192754801361 4.4853067144285887 1.9159192320221325 2.8008376105717616 5.5365400294831506 0.16241677644211527 0.79763350946450362 13.067277098936755 3.9294845946133137 80.724605869552761 92.335885363689158 4.3861709453558424 173.89918022812344 5.780528818810124 22.123459421258303 36.594315439462662 80.578961386752781 34.255780061081168 17.862534412299283 28.501588782470208 69.979827607865445 5.7431383483926766
leaf_count=119811 4968 103 68 66 84 73 16 44 14 63 320 64 734 42 206 3620 26 3601 1542 603 1911 307 550 879 2537 1349 502 765 7664 76
internal_value=-9.27204e-06 -0.0176984 0.0032622 -0.0223215 0.0352574 -0.00477535 0.0885549 -0.0358532 -0.0398855 -0.000740187 0.00090285 -0.0733295 -0.0304054 0.00292243 -0.00486357 -0.0430739 -0.00944477 0.000761498 -0.00314848 0.0132138 -0.00839863 0.00334546 0.036724 0.00167927 0.00428851 -0.020535 -0.0252768 0.0494806 -0.000772131 -0.0164659
internal_weight=1238.01 60.7062 28.1758 15.6566 12.5192 7.15885 2.14101 32.5304 13.5156 6.22703 1177.3 7.28858 31.0986 8.5653 8.40288 22.5333 9.46602 1175.38 467.69 113.612 354.077 707.693 33.6471 674.046 603.196 70.8501 110.198 32.8878 243.879 11.5237
internal_count=152608 10191 551 326 225 157 119 9640 207 77 142417 130 9596 5216 5174 4380 760 142097 16588 4969 11619 125509 933 124576 122348 2228 2044 1368 9575 383
is_linear=0
shrinkage=0.08


Tree=134
num_leaves=31
num_cat=0
split_feature=9 8 15 15 11 9 8 0 0 14 13 21 9 0 21 1 4 1 4 1 2 3 2 0 8 11 9 2 8 13
split_gain=3.05742 7.16023 7.23532 4.11622 5.55438 6.2338 6.63531 6.14369 5.74907 4.55154 4.06599 4.03018 4.40509 4.01117 3.93965 4.02307 12.9276 8.01349 14.7566 10.7628 10.0281 7.25786 6.27021 6.13914 5.80172 8.56326 5.44418 5.06667 3.45597 3.40298
threshold=0.82683658599853527 5.5000000000000009 1.0000000180025095e-35 1.0000000180025095e-35 0.64169430732727062 0.66384181380271923 9.5000000000000018 0.9622841775417329 0.9384731948375703 0.85357144474983226 0.95811167359352123 0.93689852952957164 0.57032969594001781 0.48330998420715338 0.62539774179458629 0.70871210098266613 0.5634920895099641 0.82426470518112194 0.5634920895099641 0.73861283063888561 0.77836257219314586 0.89825496077537548 0.8078865408897401 0.88858649134635936 3.5000000000000004 0.68249160051345836 0.93387979269027721 0.84660634398460399 3.5000000000000004 0.55081140995025646
decision_type=2 2 2 2 2 2 2 2 2 2 2 2 2 2 2 2 2 2 2 2 2 2 2 2 2 2 2 2 2 2
left_child=1 2 -1 9 7 6 -6 29 -7 11 13 12 -3 -4 -2 16 24 18 21 -20 -19 -17 23 -18 26 -26 -16 -22 -15 -5
right_child=14 3 10 4 5 8 -8 -9 -10 -11 -12 -13 -14 28 15 17 22 20 19 -21 27 -23 -24 -25 25 -27 -28 -29 -30 -31
leaf_value=0.0084043656094956402 -0.046412998012367791 0.015433735646251253 -0.018582694002436128 0.049318936771626617 0.037218071126562655 -0.045311418278000948 -0.011202280515330168 -0.52452099923694473 0.017998090895061183 0.065517403501016272 -0.015981837406774432 0.031313678755033589 -0.0067342912272096121 0.12922481238577752 0.0181618212355413 0.0063337537535298003 0.034609321974975175 0.10471579171364136 0.032540209628829392 -0.098705479127951343 -0.058644866845143508 -0.10059268491667078 0.01107899739666361 0.1077978211284485 0.017235795877102979 -0.062759167943688146 -0.015586068917268242 -0.001897435908603047 0.055744587402506554 -0.010880990446571256
leaf_weight=110.61892432941022 13.767012298547341 86.285296778405609 3.9544207878061561 17.263315884953052 21.406481740101299 51.798863387783058 117.71902634141225 0.12925772368907829 11.157250338350421 7.8996458631008855 5.5780056205403517 30.803288446739316 171.19146894077858 4.8237772806751336 60.0298131200434 42.301555942445702 21.866190548658778 5.5191336111020055 4.8011842561973053 23.929742521722801 10.519056106102651 4.4943865963286944 36.740725761395879 11.037594672059639 13.137263110515049 24.603919806912018 62.386716145218088 235.64589662729122 27.168942419870291 9.2188328721313137
leaf_count=9728 16141 21938 404 4985 1001 4502 7427 1 526 106 295 195 39035 262 7795 2580 765 212 271 1082 342 211 1943 293 4335 1803 8189 13409 2150 879
internal_value=0.000176143 0.00381219 0.0190932 -0.000617301 -0.00867969 -0.013204 -0.00375211 0.025677 -0.0340915 0.00560801 0.0475674 0.00396634 0.000694631 0.0574285 -0.00413667 -0.00309178 0.00502106 -0.00878947 -0.0316436 -0.0767732 -0.00193128 -0.0039357 0.0337952 0.0591604 -0.00749139 -0.0349139 0.000963 -0.00432235 0.0668237 0.0283624
internal_weight=1247.8 677.017 152.144 524.873 228.693 202.082 139.126 26.6114 62.9561 296.18 41.5251 288.28 257.477 35.9471 570.78 557.013 229.802 327.211 75.5269 28.7309 251.684 46.7959 69.6445 32.9038 160.158 37.7412 122.417 246.165 31.9927 26.4821
internal_count=152805 93434 12839 80595 19321 13456 8428 5865 5028 61274 3111 61168 60973 2816 59371 43230 25123 18107 4144 1353 13963 2791 3001 1058 22122 6138 15984 13751 2412 5864
is_linear=0
shrinkage=0.08


Tree=135
num_leaves=31
num_cat=0
split_feature=8 16 3 11 15 13 12 13 13 2 12 13 9 9 8 9 8 19 8 9 12 12 17 9 19 19 9 9 0 7
split_gain=2.48625 2.69087 6.66759 4.54199 14.3784 6.40387 9.35929 3.7638 4.81283 9.90254 4.39302 4.36846 3.36807 3.34547 2.93916 2.88796 6.57682 6.28953 5.93431 3.35084 2.87841 2.52025 2.24461 2.0705 1.81729 2.03713 1.49736 2.00298 1.00839 0.983372
threshold=33.500000000000007 1.0000000180025095e-35 0.88998898863792431 0.93501552939414989 1.0000000180025095e-35 0.98227471113204967 0.96712303161621105 0.92508503794670116 0.9525684416294099 0.90443575382232677 0.85773810744285595 0.91050845384597789 0.94804319739341747 0.680425524711609 12.500000000000002 0.94174209237098705 1.0000000180025095e-35 2.5000000000000004 1.5000000000000002 0.84045451879501354 0.92930763959884655 0.70396453142166149 1.0000000180025095e-35 0.60630899667739879 1.5000000000000002 11.500000000000002 0.87367022037506115 0.8760964870452882 0.69312322139740001 0.50271162390708934
decision_type=2 2 2 2 2 2 2 2 2 2 2 2 2 2 2 2 2 2 2 2 2 2 2 2 2 2 2 2 2 2
left_child=1 3 15 7 5 6 -5 10 12 -10 23 -12 -9 14 -6 18 21 -18 22 -20 -15 -17 -3 -1 26 28 -4 -28 -26 -7
right_child=-2 2 24 4 13 29 -8 8 9 -11 11 -13 -14 20 -16 16 17 -19 19 -21 -22 -23 -24 -25 25 -27 27 -29 -30 -31
leaf_value=0.0094873918291741282 -0.083219126017166953 0.1383190195416574 0.052070187572932136 -0.001246849610034998 -0.17226209077880039 0.028267913686416037 -0.12756287463666044 0.045466000338966105 0.0086744741268016366 -0.17279696728634211 -0.0068670750126947986 -0.11024388014850786 -0.036362362565097207 -0.073817765036403998 -0.063094990352211971 0.089834115307476217 -0.13199282833297316 -0.002109470384001022 0.010050735717442106 -0.025944016722271136 0.013537482045921048 -0.010178684274932164 0.040404809247059525 -0.0010009856457078355 -0.016023481084510627 -0.12291888943725703 -0.23364799459444741 -0.0097140543180746341 0.074746955497387357 0.082386227220768812
leaf_weight=143.26444740072111 2.2333195128630896 2.8129515888285814 2.2324352073483196 57.026661167677958 3.5936251154635128 3.435011758527251 4.0186531068175091 34.549128971528262 18.809945915127177 2.1437994980951762 6.1424529714859073 4.5570506389485672 3.5500239982502526 10.951835308223961 2.8146867738105357 2.9200205329252649 4.9669475577757112 4.5921975450473838 118.13863633521032 19.249138839782972 3.0966977301286525 3.6013365072431043 3.2063906484399922 756.72542565184813 0.82665993948467154 0.35833271290175694 0.30022706231102358 1.721013246133225 14.928643687744623 5.7391417673788965
leaf_count=32530 592 126 131 682 31 36 35 378 212 119 96 42 202 139 28 302 478 281 6344 1856 56 161 142 99944 191 44 4 222 7375 164
internal_value=0.00111367 0.00126553 0.0103136 -0.000269091 -0.0173911 -0.000196637 -0.00956232 0.00133192 0.0209041 -0.00989206 6.27734e-05 -0.0508965 0.0378414 -0.0764124 -0.124313 0.00480909 -0.0273392 -0.0695971 0.00841394 0.00500758 -0.0545622 0.0346033 0.086162 0.000668602 0.0534168 0.0656946 0.00690646 -0.0429763 0.0699844 0.0621231
internal_weight=1242.51 1240.27 179.855 1060.42 90.6763 70.2195 61.0453 969.742 59.0529 20.9537 910.689 10.6995 38.0992 20.4568 6.40831 159.488 16.0805 9.55915 143.407 137.388 14.0485 6.52136 6.01934 899.99 20.3673 16.1136 4.25368 2.02124 15.7553 9.17415
internal_count=152943 152351 17657 134694 1171 917 717 133523 911 331 132612 138 580 254 59 9690 1222 759 8468 8200 195 463 268 132474 7967 7610 357 226 7566 200
is_linear=0
shrinkage=0.08


Tree=136
num_leaves=31
num_cat=0
split_feature=9 8 3 3 1 8 12 1 0 13 13 13 21 8 1 4 1 3 9 3 8 0 21 0 7 1 9 1 4 9
split_gain=2.93493 6.99823 3.82895 7.54088 9.73587 23.4306 10.3825 4.74118 4.00816 3.87195 3.81729 4.45913 3.80208 3.87807 4.54999 5.10355 18.6461 7.35653 3.20327 6.71127 6.18223 5.13354 4.35151 3.75436 3.1667 3.10427 4.49275 2.92597 11.0565 6.52305
threshold=0.66915422677993786 8.5000000000000018 0.3483316451311112 0.31139971315860754 0.13397436589002612 6.5000000000000009 0.17875940352678302 0.58397436141967785 0.39344662427902227 0.70431393384933483 0.94352909922599804 0.76325833797454845 0.5927729904651643 4.5000000000000009 0.25962962210178381 0.14835165441036227 0.53390806913375866 0.78456193208694469 0.52419984340667736 0.40936473011970526 13.500000000000002 0.65037882328033458 0.72904920578002941 0.62081989645957958 0.7969634234905244 0.063164893537759795 0.3357843160629273 0.58397436141967785 0.47222222387790685 0.96720427274703991
decision_type=2 2 2 2 2 2 2 2 2 2 2 2 2 2 2 2 2 2 2 2 2 2 2 2 2 2 2 2 2 2
left_child=1 2 3 8 5 -5 -6 10 -1 -10 11 -4 -2 27 24 16 -16 -17 20 -20 -3 23 -23 -21 -15 -22 -27 28 -14 -30
right_child=12 18 7 4 6 -7 -8 -9 9 -11 -12 -13 13 14 15 17 -18 -19 19 21 25 22 -24 -25 -26 26 -28 -29 29 -31
leaf_value=-0.051838887411766947 -0.047432813951310319 0.034981794189980313 -0.030894194058205721 1.7041789275413779 1.143742471682643 -0.081094225777987264 0.11271354290692935 0.04355410657810288 -0.013515311785473773 0.09469668964829818 -0.13854117245094491 0.05491281592232005 -0.0055545565572146915 -0.06552475703194062 -0.018972537966992883 -0.056372888203339057 0.083784662454223668 -0.0085669709848176633 -0.051986688795706303 -0.0036020857756825474 -0.07603639074335708 -0.051631883980711821 -0.00014069132560593764 0.098727177339149305 0.23237937468456601 0.019759830184760695 -0.012482143117995802 -0.0023334669071442492 0.057328200287001745 6.3481042119537253e-05
leaf_weight=2.2339773597195736 12.288531491281899 40.268830242632248 11.058274171369709 0.089588803602963618 0.065326902986271196 0.099086913840437774 1.4491124553642292 22.398737718860502 2.8851217581905058 7.9404620288405567 1.3934334453078907 5.9677360960631622 101.58212945843843 11.321121367596785 34.791052344102354 23.002980524252052 16.73943474121188 197.29587982407975 19.774464124537189 3.9879283934496907 3.4564671399930367 12.052762652489035 81.743669162577135 5.4042320366825152 0.23306872238754373 47.336858236612898 66.540708410811931 444.68571247378713 38.4236787318805 19.038931330898777
leaf_count=164 16813 3562 2189 20 29 25 237 922 905 102 41 123 22736 6696 7393 8393 821 9800 8474 3931 168 7065 2488 2097 50 4127 14380 26181 1576 1199
internal_value=-0.000855152 0.00552266 0.031457 0.0663719 0.224701 0.766606 0.157188 0.0188293 0.045724 0.0658572 -0.011237 -0.000818235 -0.00323882 -0.00262664 -0.0103471 -0.00825716 0.0144077 -0.0135587 0.000385006 -0.00929252 0.00793549 -0.00111086 -0.00675727 0.055278 -0.0595155 -0.00134675 0.000920266 0.000997243 0.0103098 0.0383548
internal_weight=1235.55 336.147 55.5809 14.7627 1.70312 0.188676 1.51444 40.8182 13.0596 10.8256 18.4194 17.026 899.403 887.114 283.384 271.829 51.5305 220.299 280.566 122.963 157.603 103.189 93.7964 9.39216 11.5542 117.334 113.878 603.73 159.045 57.4626
internal_count=152707 51049 4757 1482 311 45 266 3275 1171 1007 2353 2312 101658 84845 33153 26407 8214 18193 46292 24055 22237 15581 9553 6028 6746 18675 18507 51692 25511 2775
is_linear=0
shrinkage=0.08


Tree=137
num_leaves=31
num_cat=0
split_feature=9 8 14 13 5 4 2 9 4 21 13 2 2 2 8 14 19 2 12 8 13 7 12 13 9 9 21 19 4 19
split_gain=2.85094 5.99184 8.90413 6.81069 5.17788 14.1848 11.6675 7.99481 7.08243 5.28721 5.80778 4.78516 4.53945 4.50691 9.97443 3.93825 3.76635 5.26436 4.08124 3.71204 5.92395 5.34451 7.48495 4.31915 3.65746 8.207 3.82613 3.61049 3.6005 4.04624
threshold=0.82683658599853527 5.5000000000000009 0.13840996474027636 0.66806137561798107 0.86607143282890331 0.73214286565780651 0.77836257219314586 0.66384181380271923 0.67948719859123241 0.75684094429016124 0.72767147421836864 0.77836257219314586 0.87585616111755382 0.62575301527977001 15.500000000000002 0.19292803853750232 3.5000000000000004 0.78611555695533764 0.14226190745830539 4.5000000000000009 0.51442441344261181 1.0000000180025095e-35 0.091287881135940566 0.7119928002357484 0.78501400351524364 0.76986128091812145 0.79462140798568737 1.5000000000000002 0.14835165441036227 2.5000000000000004
decision_type=2 2 2 2 2 2 2 2 2 2 2 2 2 2 2 2 2 2 2 2 2 2 2 2 2 2 2 2 2 2
left_child=1 2 24 -4 5 6 7 -3 13 -7 -11 -10 -8 14 -6 -15 17 -5 -18 -2 21 22 -21 -22 25 -1 -27 -25 -23 -30
right_child=19 4 3 16 8 9 12 -9 11 10 -12 -13 -14 15 -16 -17 18 -19 -20 20 23 28 -24 27 -26 26 -28 -29 29 -31
leaf_value=-0.014446716842666225 -0.0022821183892163459 0.0026334906177202778 0.073276792298846316 -0.012141394147391184 0.16141614899606238 -0.13364459416471022 0.034493852041464698 -0.026919889367453053 0.10919688507954492 0.013361292504004106 -0.053894869765173513 0.029237905259597616 0.15778401952312229 -0.031506343260321618 -0.023966479414576559 0.012042635626832623 -0.30342245451564442 0.033303483485918939 0.058004714935223037 0.34937325158273874 -0.090889867090391721 0.10068081525413097 -0.084508998838277255 0.03697985499127026 -0.03588009467139109 -0.037605770374431483 0.13156845401306153 -0.039015980151688855 -0.042054510856796581 0.10967947721488011
leaf_weight=19.864696925746106 515.52005577358432 245.00518339347946 19.53207259123883 30.745515348156914 3.227863298416195 3.9829276801901861 40.029439710982842 76.993169195113296 5.4223517069549407 10.880820191436213 33.567643763031811 41.078703447201406 2.0071216908836496 28.359856695591589 4.375330778726493 25.010645420465153 0.20230126380920666 34.755160704226 17.233169651211938 0.70336378822685108 8.5595457563431392 2.0902096561221688 0.39870806911858381 4.8271910577314001 21.263998986236402 1.0716201381255803 4.2444569305516779 23.375912572722882 6.8116640980333596 1.3472399754609794
leaf_count=2695 54132 44968 2310 703 225 760 1828 27317 136 204 285 1515 37 2421 284 429 10 557 888 15 1005 1153 674 138 4657 955 27 441 1875 65
internal_value=-7.41118e-05 0.00345793 0.0176066 0.0307768 -0.000594299 -0.00466949 0.000741777 -0.00443303 0.0150454 -0.0453433 -0.0374308 0.0385617 0.0403806 -0.002889 0.0547359 -0.0110983 0.0207677 0.011972 0.0538111 -0.00426552 -0.0255168 0.0250009 0.192403 -0.0411151 -0.0114501 0.00917994 0.0974661 -0.0260087 0.00700035 -0.0169994
internal_weight=1232.49 668.854 148.913 102.468 519.941 412.466 364.035 321.998 107.475 48.4314 44.4485 46.5011 42.0366 60.9737 7.60319 53.3705 82.9361 65.5007 17.4355 563.634 48.1138 11.3512 1.10207 36.7626 46.4448 25.1808 5.31608 28.2031 10.2491 8.1589
internal_count=152709 93211 12802 4468 80409 75399 74150 72285 5010 1249 489 1651 1865 3359 509 2850 2158 1260 898 59498 5366 3782 689 1584 8334 3677 982 579 3093 1940
is_linear=0
shrinkage=0.08


Tree=138
num_leaves=31
num_cat=0
split_feature=19 13 1 11 5 11 9 11 13 21 14 21 12 11 4 4 5 15 9 8 12 1 9 13 0 5 8 16 8 8
split_gain=4.04559 6.66638 5.12993 5.28506 5.54458 7.96778 6.07314 3.56278 7.16645 10.5637 6.65454 8.44355 5.45701 7.20019 4.32333 4.31324 6.083 5.7558 6.26512 4.49754 3.46974 6.51399 13.1843 5.46307 4.61613 4.51653 4.86308 3.9704 3.15921 4.19642
threshold=2.5000000000000004 0.89561396837234508 0.084219858050346388 0.90304511785507213 0.86607143282890331 0.48824557662010198 0.92637759447097789 0.64521294832229625 0.44838035106658941 0.90358439087867748 0.13840996474027636 0.63791313767433178 0.39484742283821112 0.61543303728103649 0.78888890147209179 0.67948719859123241 0.76388889551162731 1.0000000180025095e-35 0.74133810400962841 1.0000000180025095e-35 0.27961546182632452 0.58102023601531994 0.69920635223388683 0.92029970884323131 0.95000797510147106 0.76388889551162731 11.500000000000002 1.0000000180025095e-35 6.5000000000000009 5.5000000000000009
decision_type=2 2 2 2 2 2 2 2 2 2 2 2 2 2 2 2 2 2 2 2 2 2 2 2 2 2 2 2 2 2
left_child=7 2 -2 4 5 -4 -6 10 9 -9 11 -1 13 -13 -14 17 -17 18 -10 -19 21 27 -23 -24 25 -22 -27 -3 29 -26
right_child=1 20 3 -5 6 -7 -8 8 15 -11 -12 12 14 -15 -16 16 -18 19 -20 -21 24 22 23 -25 28 26 -28 -29 -30 -31
leaf_value=-0.069673985453697032 0.15037363199732126 0.13025838127836173 0.065904231195999405 0.042705775321958753 0.040632314285019393 -0.0078310955166894652 -0.0077998968369419313 -0.070513730705782138 0.021247532095730583 -1.0579888535769921 0.024907269184830227 0.0030077792804248833 0.016487289683621325 -0.064354844050759766 0.30855570213438882 -0.059274940525305908 -0.0065402613640598807 0.046687728755502728 -0.0047928960572557675 -0.017537807333370667 4.8810297979427837e-05 -0.58227693290153393 -0.16024140102933818 0.013369792866509448 0.028758347291349216 -0.019513302487528365 -0.10912060103770048 -0.026878213018714906 0.1057924198260291 -0.18219885638970854
leaf_weight=11.150423995324671 1.8223938579612866 1.3383253422798569 10.317189249166402 38.466418908239575 56.350539188482799 103.16502470182604 23.472166440304136 8.5963039189973607 97.863503913100431 0.069897510111332717 77.697861379027017 276.60766292254266 0.63811237215122563 10.542170661985436 0.65969260199926794 21.322852742065152 40.759370389394462 7.3389566662881398 149.40131276984175 141.93273821977709 104.90012212796137 0.35894030533381727 2.4819762790575624 2.1779046631418169 14.9863928037812 17.280085943566522 4.9971144385635844 4.454028951440705 3.3583977040252639 0.62881219096016217
leaf_count=40034 17 16 90 1966 1430 2661 1770 10019 11214 1 11198 29292 162 8759 11 176 1405 609 10436 14408 2554 39 91 280 2889 871 154 107 104 16
internal_value=0.00137545 0.00810835 0.016676 0.0156247 0.0102358 -0.00112748 0.0263906 -0.00173802 -0.00640691 -0.0784782 0.00404445 -0.00136612 0.00127443 0.000534686 0.16495 -0.00504503 -0.0246526 -0.00197525 0.00551349 -0.0143802 -0.00464214 -0.0483748 -0.115087 -0.0791001 -0.00140712 -0.00689871 -0.0396136 0.00942825 0.0354022 0.0202633
internal_weight=1235.14 390.556 233.594 231.771 193.305 113.482 79.8227 844.581 467.285 8.6662 377.296 299.598 288.448 287.15 1.2978 458.619 62.0822 396.537 247.265 149.272 156.962 10.8112 5.01882 4.65988 146.151 127.177 22.2772 5.79235 18.9736 15.6152
internal_count=152779 15055 7934 7917 5951 2751 3200 137724 48268 10020 89456 78258 38224 38051 173 38248 1581 36667 21650 15017 7121 533 410 371 6588 3579 1025 123 3009 2905
is_linear=0
shrinkage=0.08


Tree=139
num_leaves=31
num_cat=0
split_feature=4 1 4 1 1 4 2 14 7 7 9 1 8 10 11 21 1 11 12 21 14 1 3 21 13 4 7 19 9 14
split_gain=2.28357 11.1433 6.80382 14.7185 9.1926 7.96999 6.86409 6.25447 5.16753 9.90116 5.00053 9.35081 10.3305 4.8548 4.81612 4.70586 10.3952 4.5466 7.63206 5.79368 3.95914 3.74987 5.06328 3.7482 3.73885 3.53301 3.48607 3.2666 6.28457 3.25211
threshold=1.0000000180025095e-35 0.55456349253654491 0.30384616553783422 0.57735043764114391 0.31866537034511572 0.26136364042758947 0.87585616111755382 0.94281044602394115 1.0000000180025095e-35 0.41939988732337957 0.72804316878318798 0.3312236368656159 10.500000000000002 1.0000000180025095e-35 0.72938838601112377 0.70441585779190075 0.35781671106815344 0.78481063246727001 0.45480082929134374 0.8660678267478944 0.36939570307731634 0.29459981620311743 0.60495716333389293 0.85906931757926952 0.48394460976123815 0.38750000298023229 0.47232905030250555 6.5000000000000009 0.88603895902633678 0.63961037993431102
decision_type=2 2 2 2 2 2 2 2 2 2 2 2 2 2 2 2 2 2 2 2 2 2 2 2 2 2 2 2 2 2
left_child=1 8 3 29 21 6 23 17 10 14 11 -1 -13 27 24 16 -11 18 -6 -19 -16 -4 -23 -5 -10 -24 -17 -3 -29 -2
right_child=2 13 4 5 7 -7 -8 -9 9 15 -12 12 -14 -15 20 26 -18 19 -20 -21 -22 22 25 -25 -26 -27 -28 28 -30 -31
leaf_value=-0.016960189345469591 -0.060114887767624622 0.073793908088232982 0.035699487506306714 0.095605806815233993 -0.0020367679357934845 -0.096002912855111477 -0.24642312900131599 0.082931221947985731 0.17122553425243855 0.0025887684792676581 -0.057466545027694584 0.21423788669107957 -0.069972695401210011 -0.22305810149170716 0.23113500787499316 -0.062717077630813328 0.065572866868293958 -0.02991770321330494 0.02328493738728267 -0.0038027595915028078 0.080130455796255287 0.44129259639323998 -0.081719590314331944 0.018141241916629167 -0.048305996117035496 0.12943581767630066 -0.0072412923198691258 0.080549809330319952 -0.7011495288573879 -0.0090589776751625415
leaf_weight=37.134139706064161 39.357525957495454 18.831768331452629 11.819994362307627 9.1461955152262906 448.70039545393956 2.6644095829178687 0.47612732229754229 5.5703698843717566 0.59977853595773867 116.38059578060711 16.229193078921526 2.4010258201014945 1.2418384024931581 0.36949647963046928 1.2565341247973254 8.0954071235682914 19.594178709681728 71.37515751781757 91.757354067827691 228.19843544272589 9.6088063836214115 0.29666165893286134 0.59219432697864238 7.1014377550454801 2.8835745135074831 3.5305513300409075 69.379230383434333 0.18458514579106022 0.10230437107384205 10.016723616863599
leaf_count=8757 44306 1484 1491 676 39326 931 9 1757 1025 28533 6701 114 371 2 342 311 1732 1140 2022 7859 192 13 174 104 1413 240 1545 39 18 210
internal_value=-0.000379302 0.00563685 -0.00234649 -0.0265636 -0.000414314 0.0325012 0.0529743 -0.00155929 0.00163222 0.0070229 -0.0199091 -0.00496128 0.117352 0.0641614 0.0713508 0.00269859 0.0116649 -0.00211956 0.00226228 -0.0100248 0.0975935 0.0592059 0.122075 0.061748 -0.0105061 0.0991053 -0.013038 0.0697124 -0.198203 -0.049757
internal_weight=1234.9 304.292 930.604 68.7624 861.841 19.3882 16.7238 845.602 284.804 227.798 57.0062 40.777 3.64286 19.4882 14.3487 213.449 135.975 840.031 540.458 299.574 10.8653 16.2394 4.41941 16.2476 3.48335 4.12275 77.4746 19.1187 0.28689 49.3742
internal_count=152837 52579 100258 46236 54022 1720 789 52104 51036 35093 15943 9242 485 1543 2972 32121 30265 50347 41348 8999 534 1918 427 780 2438 414 1856 1541 57 44516
is_linear=0
shrinkage=0.08


Tree=140
num_leaves=31
num_cat=0
split_feature=8 9 9 8 4 11 13 8 11 14 9 11 5 16 14 11 12 11 12 14 8 4 12 3 8 11 11 1 10 15
split_gain=3.15206 3.32159 2.92585 7.25187 9.9925 5.68195 6.04777 4.35876 3.58885 6.66299 6.82971 5.36569 3.22598 6.19853 3.74301 2.73646 10.721 4.56583 5.18497 3.57109 3.34995 3.04385 5.17265 3.76786 2.80016 3.58208 2.58664 2.53598 2.70316 2.39016
threshold=27.500000000000004 0.24283374845981601 0.66915422677993786 4.5000000000000009 0.88194444775581371 0.61299914121627819 0.63185164332389843 14.500000000000002 0.91007909178733837 0.36939570307731634 0.89009663462638866 0.84394684433937084 0.76388889551162731 1.0000000180025095e-35 0.78759399056434642 0.82184189558029186 0.59390470385551464 0.81365317106246959 0.74431523680686962 0.49074074625968939 7.5000000000000009 0.63068181276321422 0.73541563749313366 0.28147007524967199 24.500000000000004 0.83183544874191295 0.7611772119998933 0.75255101919174205 1.0000000180025095e-35 2.5000000000000004
decision_type=2 2 2 2 2 2 2 2 2 2 2 2 2 2 2 2 2 2 2 2 2 2 2 2 2 2 2 2 2 2
left_child=2 26 15 8 5 6 -5 -7 9 11 -11 -4 14 -14 -10 17 24 18 20 -20 -1 23 -23 -18 25 -17 -2 28 -6 -3
right_child=1 29 3 4 27 7 -8 -9 12 10 -12 -13 13 -15 -16 16 21 -19 19 -21 -22 22 -24 -25 -26 -27 -28 -29 -30 -31
leaf_value=0.029222767692004714 -0.079982230257296782 -0.088782034153179867 -0.0028013054365820639 0.010807632665656928 0.35489138548215116 -0.019290171995366413 -0.12074610564758963 -0.15441518340642899 0.013227848856624346 0.038704734676678121 0.0056117202131967091 0.039971604956824121 -0.046657869636397571 0.080218468953091385 -0.033282718586241593 -0.052637904622685312 -0.0046136065787409494 -0.085666412009256579 -0.079823010327743762 0.071385304422337259 -0.0042696994899796906 0.040359065586182762 -0.048377754125010462 0.02809625064103841 0.1713545315651977 0.078130335694149664 0.039579804658699091 0.046719470371201707 0.13161052708125393 0.10407342834729115
leaf_weight=21.699918214490026 1.6150316643561362 6.5132844053077861 342.88336708125098 65.463281149370232 0.45694928485318009 212.84198595080125 2.3156121514475663 1.5388633621478209 36.733740984782344 66.640614926523995 99.513157136345399 19.857192984869471 25.411653738876343 2.7290379490150363 15.852849974704439 1.4909702002769361 40.709847387217451 3.7939555690682019 1.1114354938617896 9.9348895247676392 160.31229072435053 6.0665970948175554 13.695054726180386 50.491614443861181 1.7724172125599569 13.295861062397305 4.0927716461737873 1.5215218810772055 1.4423889964818954 0.43900589225813735
leaf_count=2239 461 1548 47763 19016 79 21291 93 138 1230 2129 5143 728 613 2689 717 291 406 166 41 162 43126 86 311 1365 44 657 71 84 8 5
internal_value=0.000237469 -0.0394749 0.000649713 -0.001709 -0.0122291 -0.0138768 0.0063132 -0.0202601 0.00321921 0.00561728 0.0188846 -0.000459825 -0.0124921 -0.0343536 -0.000793312 0.00715922 0.0162885 0.00124519 0.00295316 0.0561713 -0.00027665 0.00732777 -0.0211366 0.0134955 0.0763344 0.0649449 0.00574954 0.123678 0.185328 -0.0766041
internal_weight=1232.24 12.6601 1219.58 895.202 285.581 282.16 67.7789 214.381 609.622 528.894 166.154 362.741 80.7273 28.1407 52.5866 324.375 127.522 196.852 193.059 11.0463 182.012 110.963 19.7617 91.2015 16.5592 14.7868 5.7078 3.42086 1.89934 6.95229
internal_count=152700 2085 150615 101721 40709 40538 19109 21429 61012 55763 7272 48491 5249 3302 1947 48894 3160 45734 45568 203 45365 2168 397 1771 992 948 532 171 87 1553
is_linear=0
shrinkage=0.08


Tree=141
num_leaves=31
num_cat=0
split_feature=19 15 21 13 13 11 13 11 8 13 11 9 4 9 4 11 11 0 13 11 8 9 13 1 11 0 0 1 9 1
split_gain=2.37594 4.27695 6.46965 7.10389 4.33057 7.61667 6.37362 9.04762 6.81632 5.51173 9.44554 5.6078 4.64463 4.38958 4.32766 4.39704 4.2398 3.70176 3.48339 5.20451 4.67102 5.52856 4.48115 8.80845 8.00885 4.02552 5.76167 5.0189 4.88255 4.39202
threshold=2.5000000000000004 1.5000000000000002 0.93689852952957164 0.81705284118652355 0.89561396837234508 0.78481063246727001 0.74637374281883251 0.85122913122177135 1.5000000000000002 0.72018960118293773 0.66632533073425304 0.86996778845787059 0.73214286565780651 0.93582704663276683 0.81666666269302379 0.79144933819770824 0.69609642028808605 0.43413865566253668 0.89561396837234508 0.89525863528251659 1.5000000000000002 0.94804319739341747 0.90574499964714061 0.85857143998146068 0.74271398782730114 0.56970179080963146 0.56537368893623363 0.44151847064495092 0.58032256364822399 0.43613053858280187
decision_type=2 2 2 2 2 2 2 2 2 2 2 2 2 2 2 2 2 2 2 2 2 2 2 2 2 2 2 2 2 2
left_child=1 4 16 -4 5 9 7 -7 -8 10 -1 -11 13 17 15 -14 -3 -6 19 25 -20 22 24 -24 -22 26 -2 29 -29 -27
right_child=18 2 3 -5 12 6 8 -9 -10 11 -12 -13 14 -15 -16 -17 -18 -19 20 -21 21 -23 23 -25 -26 27 -28 28 -30 -31
leaf_value=1.9130443644627245e-06 0.032275806533247471 0.076984074878675215 -0.58086555245575489 0.012724275768643406 -0.030696250385628638 -0.027269434250593506 0.0088281726921209808 0.042904283741669429 -0.043081726405178634 0.030909549537636138 -0.031000166198905027 -0.012400388949081466 -0.13305095172515541 -0.023307575813619693 0.092096477391089837 -0.020875756092449495 0.010469519345873779 0.031087965260418939 0.028120633615736867 0.036378419155787024 -0.23443272105657598 -0.23992618442770652 -0.0084740713149139679 0.093548394415941177 -0.031480112798359258 -0.03009432654224186 0.22127652990440927 0.068110630254608895 0.0035656065524424679 -0.22476442784783907
leaf_weight=390.78763771110243 11.018107713483912 9.48100628387329 0.23159931029658665 0.29136602030484937 6.8085068075451991 27.969015121252596 20.100047187064774 20.288739561874536 83.209381004620809 59.159103358309949 74.961111758711922 28.280172535334714 2.9238731988007176 13.844034430512691 1.6111803294334102 9.5113453109515813 17.369793502628454 70.168841162638273 24.474870429185103 43.197939690056955 1.374105461523867 0.66520632756873865 114.1299621037906 5.6859441264532498 13.183587738632921 16.115640788339082 1.1390038513345633 7.9070546835573614 145.95060856197961 0.77751541361067111
leaf_count=101368 330 697 6 46 49 2827 542 847 1450 1635 24442 868 24 313 313 95 776 1062 3047 2179 24 11 3333 438 287 670 23 172 4501 19
internal_value=-0.00017887 -0.00257263 0.028528 -0.250152 -0.00362416 -0.00588111 -0.0217698 0.00223331 -0.0329821 -0.0015278 -0.0049878 0.016902 0.0115435 0.0181647 -0.0312676 -0.0472513 0.0339558 0.0256233 0.00501684 0.0114032 -0.00403565 -0.00986376 -0.00872486 -0.00363253 -0.0506369 0.00550475 0.0499833 0.00233797 0.00688271 -0.0390541
internal_weight=1222.62 836.997 27.3738 0.522965 809.623 704.755 151.567 48.2578 103.309 553.188 465.749 87.4393 104.868 90.8214 14.0464 12.4352 26.8508 76.9773 385.62 226.106 159.514 135.039 134.374 119.816 14.5577 182.908 12.1571 170.751 153.858 16.8932
internal_count=152394 137360 1525 52 135835 133979 5666 3674 1992 128313 125810 2503 1856 1424 432 119 1473 1111 15034 7894 7140 4093 4082 3771 311 5715 353 5362 4673 689
is_linear=0
shrinkage=0.08


Tree=142
num_leaves=31
num_cat=0
split_feature=8 14 14 13 11 12 15 21 8 11 12 13 13 12 13 11 19 12 13 2 6 1 1 2 19 11 2 13 19 13
split_gain=3.06696 2.31277 6.8535 6.95562 6.22125 5.94691 8.37988 4.59731 4.40118 3.9851 7.63616 4.73476 3.92561 4.86387 5.04231 4.7242 3.70605 6.38033 3.90164 3.61296 5.15029 3.5525 2.92444 4.83259 2.39354 2.12207 1.35226 3.7735 1.26472 1.36465
threshold=27.500000000000004 0.49074074625968939 0.44722221791744238 0.66521108150482189 0.79780694842338573 0.28136573731899267 1.0000000180025095e-35 0.6666879951953889 5.5000000000000009 0.80519837141036998 0.27625313401222235 0.93362700939178478 0.92876657843589794 0.84866103529930126 0.88931137323379528 0.93501552939414989 2.5000000000000004 0.55190372467041027 0.78995800018310558 0.89512962102890026 1.0000000180025095e-35 0.84680575132370006 0.57735043764114391 0.81530213356018078 2.5000000000000004 0.77204063534736644 0.1627137288451195 0.81705284118652355 2.5000000000000004 0.82378187775611889
decision_type=2 2 2 2 2 2 2 2 2 2 2 2 2 2 2 2 2 2 2 2 2 2 2 2 2 2 2 2 2 2
left_child=1 2 12 -4 5 22 7 -7 -8 10 -6 -12 13 14 -1 -15 17 -11 -18 20 -5 -14 25 -24 -23 -3 27 -2 29 -28
right_child=26 4 3 19 9 6 8 -9 -10 16 11 -13 21 15 -16 -17 18 -19 -20 -21 -22 24 23 -25 -26 -27 28 -29 -30 -31
leaf_value=-0.0015605480607388637 -0.086150608656891045 0.0022429973204010677 0.052028640947572369 -0.04367757039764044 -0.3376460855653145 0.11124451800206432 0.029713948950053394 0.042047586210728467 -0.015567590301735674 0.068900817080527019 -0.0043897038491994321 -0.13638639432659122 0.10153838379703579 0.0060359918717801022 0.041672997963413054 -0.11976423994713846 0.069433499937126719 -0.01569348798527807 0.0056945108635005652 0.086064770035061577 -0.14320259137989591 -0.1375318094751854 -0.080475998985136285 0.0075030840705203076 0.085831062280775597 0.089790058625961247 -0.066475886178775381 0.15134926546642066 -0.097910208041018548 0.0059001555218830427
leaf_weight=740.26326783986042 0.92249980393535114 14.187409799924355 3.4216855407576103 8.1012538418872229 0.55704165445058507 7.1298443111591032 27.051831175122061 44.478178885590751 27.911549150361679 6.0454157093772656 7.908386033785062 2.2295283171552001 4.2603687737719147 3.419158471398986 17.677336374268634 4.3298366912058555 6.4016133051336501 101.66966570308432 154.1344192402612 0.84295968702645119 5.6475477514322856 0.78396890836302169 7.7358638069126782 8.2647225089749536 0.50471644767094404 2.02487457996176 3.730368829379584 0.79896926507353783 2.8220043273540796 3.0147391683422029
leaf_count=135110 133 302 87 343 17 138 1579 718 780 167 227 99 65 56 317 54 300 2077 7302 70 58 19 163 596 34 39 1885 9 60 39
internal_value=0.00030915 0.000697338 -0.00185035 -0.0506295 0.00551089 0.019352 0.0284566 0.0516074 0.00671904 -0.00137549 -0.0492639 -0.0334184 -0.000711038 -0.00119692 -0.000552218 -0.0642563 0.000533787 -0.0109457 0.0082362 -0.0747023 -0.0845591 0.0663339 -0.0107691 -0.0350325 -0.0500513 0.0131774 -0.0411961 0.024078 -0.0529413 -0.0341273
internal_weight=1218.27 1206.98 789.252 18.0134 417.73 138.784 106.571 51.608 54.9634 278.946 10.695 10.1379 771.239 765.69 757.941 7.749 268.251 107.715 160.536 14.5918 13.7488 5.54905 32.2129 16.0006 1.28869 16.2123 11.2886 1.72147 9.56711 6.74511
internal_count=152843 150717 136213 558 14504 4315 3215 856 2359 10189 343 326 135655 135537 135427 110 9846 2244 7602 471 401 118 1100 759 53 341 2126 142 1984 1924
is_linear=0
shrinkage=0.08


Tree=143
num_leaves=31
num_cat=0
split_feature=11 12 12 13 13 21 11 21 11 0 3 1 1 2 0 9 9 1 13 21 1 2 1 2 5 5 9 1 3 9
split_gain=3.10255 5.81998 15.4201 5.20109 4.03907 3.77107 3.36839 6.4269 4.12444 4.09687 7.49509 4.89583 3.91381 6.76459 4.33348 3.29664 3.0522 4.06923 2.6222 2.41457 2.39334 5.59048 9.37156 4.39693 4.86863 4.7738 4.32788 3.89805 4.79757 3.86843
threshold=0.58568108081817638 0.44220647215843206 0.45176798105239874 0.47087104618549352 0.45644879341125494 0.90358439087867748 0.60573562979698192 0.77670803666114818 0.64779701828956615 0.96784415841102611 0.92907443642616283 0.76533168554306041 0.084219858050346388 0.33137255907058721 0.62354859709739696 0.8532998561859132 0.3357843160629273 0.16542288661003116 0.45039078593254095 0.73578083515167247 0.64549729228019725 0.78611555695533764 0.44151847064495092 0.76253134012222301 0.73214286565780651 0.86607143282890331 0.72804316878318798 0.79008570313453685 0.88998898863792431 0.96824595332145702
decision_type=2 2 2 2 2 2 2 2 2 2 2 2 2 2 2 2 2 2 2 2 2 2 2 2 2 2 2 2 2 2
left_child=1 20 -3 4 5 15 7 16 12 11 -11 -10 13 -8 -14 18 17 -5 -2 -17 21 -1 -23 27 26 -26 -25 -22 -29 -24
right_child=3 2 -4 6 -6 -7 8 -9 9 10 -12 -13 14 -15 -16 19 -18 -19 -20 -21 23 22 29 24 25 -27 -28 28 -30 -31
leaf_value=0.010420129873509255 -0.045960373701815257 1.7920462398713721 0.009667722818182593 -0.042464729536462062 -0.084405969636971043 -0.40769241408865553 0.073409237036831096 0.48055137236628737 0.00085262008238524327 0.082574439769337926 0.0071261218914520832 -0.016906058008204095 -0.031572947169284313 0.51547299903677679 0.029612147078092416 0.039496201298492524 -0.05542553297894582 0.32096061974273282 0.062566845862472423 -0.01457684027762649 -0.053182296673628483 -0.061292342913319295 0.12835426785548334 0.087801493207899026 -0.060029781630196739 0.0028076567777467493 0.018849525933665658 -0.091774421562491465 0.15486326266491493 0.027510276089213598
leaf_weight=93.796300931442602 19.995753029350457 0.042706525731772582 0.11395760479354067 0.48920581395941276 6.5737198732476818 0.15772157907485862 1.3890520014101628 0.15035067294957194 600.90428177381546 10.050223727128467 52.164613761618966 119.03539437615837 8.9944819860775151 0.26357752399053413 42.012949960633705 8.4055823716371396 12.315368635227058 0.33031675470920163 1.5341661266029394 14.236752775643252 13.750427766353821 3.0229655839211764 7.8684871873119828 6.8796163731603874 8.1613838296252634 149.02010675825295 38.036022684173076 0.80677497852593605 1.3483460199640829 3.5252460894698743
leaf_count=36954 26877 23 45 75 3961 1 244 5 38554 359 5704 2930 5790 65 2934 9143 2344 30 1288 3478 2161 212 418 488 448 5991 1976 100 34 163
internal_value=0.00137614 0.0080571 0.495543 -0.0010493 -0.0258866 -0.0172088 0.000441463 -0.0395243 0.00107748 -0.000381578 0.0193141 -0.00208361 0.0227487 0.143914 0.018823 -0.0158145 -0.0454774 0.104017 -0.038227 0.00549686 0.00782299 0.0175489 0.0639293 0.0029952 0.00618254 -0.000455071 0.0294107 -0.0375034 0.0625338 0.0971529
internal_weight=1225.38 326.372 0.156664 899.004 50.9037 44.33 848.1 13.2852 834.815 782.155 62.2148 719.94 52.6601 1.65263 51.0074 44.1723 13.1349 0.819523 21.5299 22.6423 326.216 108.213 14.4167 218.003 202.097 157.181 44.9156 15.9055 2.15512 11.3937
internal_count=152795 49013 68 103782 44748 40787 59034 2454 56580 47547 6063 41484 9033 309 8724 40786 2449 105 28165 12621 48945 37747 793 11198 8903 6439 2464 2295 134 581
is_linear=0
shrinkage=0.08


Tree=144
num_leaves=31
num_cat=0
split_feature=0 3 1 9 0 8 7 3 8 1 2 12 9 11 8 2 9 11 14 14 9 20 11 2 17 20 12 8 12 15
split_gain=2.6881 9.83408 5.49847 5.56137 9.61618 12.1642 6.89912 4.59103 4.54738 9.48367 7.10392 5.99182 6.67106 4.42828 4.27034 10.4368 9.23916 4.09635 4.42287 5.55041 4.25781 3.92575 3.84585 3.0897 4.53267 3.08167 4.48346 2.8256 5.34998 3.49436
threshold=0.96784415841102611 0.92031747102737438 0.92052632570266735 0.83484846353530895 0.94547370076179515 3.5000000000000004 0.96794870495796215 0.92637759447097789 3.5000000000000004 0.92637759447097789 0.92031747102737438 0.46888826787471777 0.92940199375152599 0.64169430732727062 1.5000000000000002 0.85565477609634411 0.95875850319862377 0.85993880033493053 0.60434782505035411 0.49074074625968939 0.84877073764801036 1.2424533367156985 0.75556775927543651 0.9569842815399171 1.0000000180025095e-35 2.0126758217811589 0.14721362292766574 5.5000000000000009 0.21960458159446719 1.0000000180025095e-35
decision_type=2 2 2 2 2 2 2 2 2 2 2 2 2 2 2 2 2 2 2 2 2 2 2 2 2 2 2 2 2 2
left_child=2 -2 3 25 14 6 -6 -7 9 10 -3 13 -13 -11 16 -16 -5 20 19 -19 -10 -12 -22 -4 -25 27 -27 28 -1 -29
right_child=1 8 23 4 5 7 -8 -9 17 11 21 12 -14 -15 15 -17 -18 18 -20 -21 22 -23 -24 24 -26 26 -28 29 -30 -31
leaf_value=-0.0099112827540595045 0.087305423830349727 -0.11979534660956287 0.12475338228292128 0.03448498909456317 -0.29267345693974112 -0.052423258332436447 -0.027781802823624586 -0.23738744726455949 0.10019807040072802 0.0069885735209680878 -0.045860246586932767 -0.48856695472168332 0.070262183489414848 -0.048745604789198399 -0.023944926375528086 0.025674513743305896 -0.0094348561983634265 -0.010110318734280564 0.061479865870703441 -0.17823409579570484 0.011186150377607536 0.037881494226788832 0.095748489983878568 0.10842698496403001 -0.11878368520622874 -0.21367809678872315 0.040595410831748426 0.0037778865027238728 0.020686621979336014 -0.0096945260356928239
leaf_weight=55.802989857893408 9.6398833730781899 6.5032971121399923 3.4065453162183976 44.288111607034807 0.64254446089035155 1.2377935818221875 30.458966755351867 2.8053317736630561 6.4564782081579351 81.405843816581182 12.523579932167197 0.13845803361618614 10.861313418179634 10.275352678872876 142.46644287044001 33.511182745089172 99.577238540699909 4.605756225413641 3.0341779814916663 1.7283474511350503 18.788561142806433 5.0184645251720204 4.2140824564266941 1.2244977905647829 1.0384839983889833 0.45514531841036188 17.810148560267407 286.85038649922535 106.12156798004071 215.98839966257219
leaf_count=5702 329 201 152 4896 66 68 1458 104 232 3254 527 10 3729 1047 25527 1349 11820 91 301 67 685 381 173 57 62 10 795 61715 8978 18885
internal_value=-0.00041167 0.0087581 -0.00195091 -0.00238005 -0.0105026 -0.0502239 -0.0332544 -0.180761 0.00418444 -0.00315456 -0.0483791 0.00743591 0.063228 0.000742054 -0.00613797 -0.014496 0.00408561 0.0281377 -0.0179409 -0.0559852 0.0427912 -0.0219032 0.026678 0.0766187 0.00415984 0.00184144 0.0342593 0.000950715 0.0101419 -0.00200903
internal_weight=1218.88 175.194 1043.69 1038.02 354.988 35.1446 31.1015 4.04313 165.554 126.726 24.0453 102.681 10.9998 91.6812 319.843 175.978 143.865 38.8274 9.36828 6.3341 29.4591 17.542 23.0026 5.66953 2.26298 683.029 18.2653 664.763 161.925 502.839
internal_count=152671 11027 141644 141373 45288 1696 1524 172 10698 9149 1109 8040 3739 4301 43592 26876 16716 1549 459 158 1090 908 858 271 119 96085 805 95280 14680 80600
is_linear=0
shrinkage=0.08


Tree=145
num_leaves=31
num_cat=0
split_feature=0 8 4 3 14 21 5 8 7 14 2 12 9 14 4 3 3 0 4 4 3 20 7 0 3 20 7 0 2 8
split_gain=2.41871 7.00498 7.31073 11.8299 5.69463 6.73823 5.20997 6.33754 5.82176 11.8653 5.42484 4.72118 4.90556 3.83827 2.98992 6.13062 5.31172 7.69412 4.36547 4.68225 4.47822 4.19798 5.5712 16.1474 3.73006 27.4289 3.5862 3.79574 7.47826 5.36901
threshold=0.9384731948375703 6.5000000000000009 0.38750000298023229 0.93788579106330883 0.5577777922153474 0.75927841663360607 0.63333335518836986 4.5000000000000009 0.98166668415069591 0.54772728681564342 0.71503761410713207 0.92930763959884655 0.78501400351524364 0.75499999523162853 1.0000000180025095e-35 0.70659971237182628 0.57712131738662731 0.65427145361900341 0.14835165441036227 0.30384616553783422 0.67028987407684337 1.7005987167358401 0.84063491225242626 0.83957579731941234 0.58102023601531994 0.89587974548339855 0.95634919404983532 0.62782201170921337 0.51316702365875255 22.500000000000004
decision_type=2 2 2 2 2 2 2 2 2 2 2 2 2 2 2 2 2 2 2 2 2 2 2 2 2 2 2 2 2 2
left_child=14 6 -3 -4 5 -5 7 8 9 -2 -8 12 -12 -13 15 26 -16 24 20 -20 -19 -17 -23 -24 25 -18 27 28 -1 -29
right_child=1 2 3 4 -6 -7 10 -9 -10 -11 11 13 -14 -15 16 21 17 18 19 -21 -22 22 23 -25 -26 -27 -28 29 -30 -31
leaf_value=-0.0058437103887714857 0.025194173803801893 -0.10533018712320943 0.13493391967350277 0.12743801588370587 0.072355614184943906 -0.0032778314194291977 0.16924382638506319 -0.11530736811953712 0.049574307061366112 -0.34355513490751027 0.024862830390793102 -0.090301756391746313 -0.0061667944905460194 0.082645184754611786 -0.046883437030545212 0.095864368125735192 2.6646666675034103 -0.01515676163107112 -0.035549441421872101 -0.0050435936150830096 0.10372426991876689 0.09602434530520608 -0.94843431888815932 0.081201632169218121 0.046358662117540306 0.055436808205548742 -0.097427355872060431 0.013080848079124394 0.10179305459589259 0.14416297652090582
leaf_weight=192.88622227484666 2.1993857135530592 2.3929526124411487 6.9484443394467226 2.7389513454836552 11.289341148978563 32.142550350574311 1.1671525206620561 1.8079488171788387 28.933212389383698 0.74853119725594286 37.784831414639484 6.2475590253889086 237.96660445509769 0.9455777487164595 19.658636337242569 6.7985171315376638 0.029144639647710302 3.6134343082303513 34.604506119991129 463.59312560832768 4.6219142905829358 0.48765909927897144 0.1553193312138319 0.26176640682388097 14.977381818351203 0.22367094727451331 2.3023371172457692 93.670472766396415 4.2214508348915833 2.0434278976754277
leaf_count=42579 116 245 107 474 389 477 34 48 1445 115 1560 278 12873 663 27830 569 107 1773 10530 32199 274 35 19 37 8555 132 315 8673 228 123
internal_value=-0.000128721 0.00523328 0.0314537 0.0376157 0.0229698 0.00698619 0.000653196 0.0303993 0.0386622 -0.0684382 -0.002874 -0.00358399 -0.00191496 -0.0675669 -0.00249999 0.00386563 -0.00606106 -0.00452268 -0.00620755 -0.00716251 0.0515627 0.0743203 -0.0875685 -0.302226 0.0515024 0.356229 0.00202663 0.0028086 -0.00353846 0.0158794
internal_weight=1217.46 373.313 55.5122 53.1193 46.1708 34.8815 317.801 33.6891 31.8811 2.94792 284.112 282.945 275.751 7.19314 844.149 302.827 541.322 521.663 506.433 498.198 8.23535 7.70326 0.904745 0.417086 15.2302 0.252816 295.124 292.822 197.108 95.7139
internal_count=152802 18824 1692 1447 1340 951 17132 1724 1676 231 15408 15374 14433 941 133978 52578 81400 53570 44776 42729 2047 660 91 56 8794 239 51918 51603 42807 8796
is_linear=0
shrinkage=0.08


Tree=146
num_leaves=31
num_cat=0
split_feature=19 11 13 14 14 11 13 0 11 11 13 0 2 13 2 0 11 21 0 19 21 2 13 13 0 14 13 19 21 9
split_gain=2.0128 2.07838 5.99713 6.90314 4.93923 7.82139 7.541 11.6757 5.58851 5.04261 4.79862 3.49327 3.46816 5.61422 4.3034 7.21019 3.60146 3.44256 3.41162 2.86887 4.44778 4.29274 2.84983 26.4134 2.08229 2.04342 1.4676 0.857955 0.656104 0.649118
threshold=9.5000000000000018 0.64521294832229625 0.51442441344261181 0.21132376790046695 0.13714733719825747 0.61543303728103649 0.53975278139114391 0.9411999285221101 0.62518620491027843 0.62438398599624645 0.3175536990165711 0.70087745785713207 0.99450549483299266 0.58077901601791393 0.9569842815399171 0.98010012507438671 0.67346954345703136 0.87301599979400646 0.97753432393074047 1.5000000000000002 0.53439125418663036 0.33137255907058721 0.50928801298141491 0.51442441344261181 0.82223123311996471 0.61721614003181469 0.83124706149101268 3.5000000000000004 0.95282822847366344 0.91458967328071605
decision_type=2 2 2 2 2 2 2 2 2 2 2 2 2 2 2 2 2 2 2 2 2 2 2 2 2 2 2 2 2 2
left_child=1 4 3 17 5 6 10 -8 9 25 -1 -5 14 16 18 -16 -14 29 -4 21 -21 -10 27 -24 -13 -6 -11 -7 -15 -3
right_child=-2 2 12 11 8 22 7 -9 19 26 -12 24 13 28 15 -17 -18 -19 -20 20 -22 -23 23 -25 -26 -27 -28 -29 -30 -31
leaf_value=0.0050678046733815194 0.086502006084684849 -0.083487290963825261 -0.0019675054454196001 -0.080456179816976892 0.0087212331080657301 -0.077968824555693747 0.047647315824822629 0.57375642187704512 -0.022218574330598009 -0.13125234749617712 -0.028926589748536659 0.13043828796990112 -0.11595171878340384 0.083630793213547105 0.021331263626639375 -0.17538059856223753 0.02432245226460374 0.10910957524723607 0.037581559436144649 0.20708271921159976 0.0020980157992274515 0.087451402748698254 1.1180993283085072 -0.044371757980124507 0.023648576525037216 0.10272277040761672 -0.39705670948746452 0.012349269717321493 0.025080550284008952 -0.051811645641771986
leaf_weight=282.74050972734585 1.7302306163037418 11.877467697626352 729.54203877829241 1.6875766766970608 64.228879827413039 11.49250191793362 0.99630297071416751 0.37031186558306217 2.6990396445617142 0.7557574896782161 29.332558339914613 1.5269514960818922 1.9390058468561608 7.8896727607789199 2.3750293513003262 2.3951352589938324 2.9589798473753035 0.69385005440562864 14.231780726287978 0.73056614876259018 9.3187332366651372 14.862673031486336 0.13322334759868626 2.0503513424519042 4.9793036686023697 1.5149274299474189 0.16131888277595863 0.71500197815476063 1.449998590222094 6.3563151872440349
leaf_count=17842 338 15806 35483 1003 7665 14474 476 5 1388 121 45203 53 36 2909 175 202 73 12 522 22 636 1766 101 1033 101 85 3 32 1823 3118
internal_value=0.000277827 0.000154735 -0.00226698 -0.0392343 0.00468661 4.59838e-05 0.00269373 0.190207 0.0208244 0.00828859 0.00187258 0.0221081 -0.000952564 0.0381611 -0.00169652 -0.0774392 -0.031209 -0.0657897 -0.00121075 0.0510894 0.017 0.0705963 -0.0576224 0.0265524 0.048711 0.0108873 -0.178009 -0.0726788 0.0745408 -0.0724451
internal_weight=1213.74 1212.01 789.903 27.1215 422.103 327.831 313.44 1.36661 94.2719 66.6609 312.073 8.19383 762.782 14.2377 748.544 4.77016 4.89799 18.9276 743.774 27.611 10.0493 17.5617 14.3911 2.18357 6.50626 65.7438 0.917076 12.2075 9.33967 18.2338
internal_count=152506 152168 61316 20093 90852 79166 63526 481 11686 7874 63045 1157 41223 4841 36382 377 109 18936 36005 3812 658 3154 15640 1134 154 7750 124 14506 4732 18924
is_linear=0
shrinkage=0.08


Tree=147
num_leaves=31
num_cat=0
split_feature=21 9 9 13 13 13 19 21 5 4 2 15 8 16 2 1 19 5 13 3 7 9 12 19 7 12 4 13 8 15
split_gain=2.14288 3.8463 5.44212 3.39145 67.331 3.02559 6.2792 5.42374 2.92217 8.24618 8.01854 8.16155 6.12435 5.56415 4.89139 4.76788 4.74879 8.54676 5.98461 4.73682 7.64646 6.4168 4.61954 4.26404 3.85366 3.68246 3.52134 3.27422 3.26851 2.69449
threshold=0.59360086917877208 0.4246212244033814 0.41967740654945379 0.56884813308715831 0.56675580143928539 0.66806137561798107 1.5000000000000002 0.56483092904090892 0.73214286565780651 0.67948719859123241 0.79814815521240245 2.5000000000000004 6.5000000000000009 1.0000000180025095e-35 0.77459675073623668 0.48181217908859258 1.5000000000000002 0.58571431040763866 0.96820342540740978 0.90521115064620983 0.5764550268650056 0.97530490159988414 0.16733333468437198 1.5000000000000002 0.56527778506279003 0.20701970905065539 0.47222222387790685 0.97329768538475048 4.5000000000000009 2.5000000000000004
decision_type=2 2 2 2 2 2 2 2 2 2 2 2 2 2 2 2 2 2 2 2 2 2 2 2 2 2 2 2 2 2
left_child=1 2 5 4 -4 -1 7 -7 9 10 16 15 23 19 -14 -12 18 -18 -2 20 24 -22 -16 25 -10 -11 -21 -28 -13 -3
right_child=8 29 3 -5 -6 6 -8 -9 13 12 11 28 14 -15 22 -17 17 -19 -20 26 21 -23 -24 -25 -26 -27 27 -29 -30 -31
leaf_value=-0.037768488862379657 0.0070716596599836147 -0.038891859760797905 -0.080235511577782845 0.13454988190071029 5.9743622926702509 0.12476111829216702 -0.033811917480434404 -0.010251966189828647 0.039153209783615181 0.016123759563275119 0.086152009670040053 -0.16567626728149334 0.020378364489210793 0.048925642562831766 0.0240798087281788 0.022183474857166711 -0.011325413336514736 0.02912908224682682 0.074504614319892082 0.073338853668441034 -0.026895146809517722 -0.1103187309305922 -0.098219966863859157 0.051845055475351981 0.29119598139613678 -0.098538999284371043 -0.0046268969962746948 0.048974072070614917 0.018403360751338717 0.13455103748907421
leaf_weight=8.7656077041901934 228.32735590437187 28.835833203136648 0.10664666190859751 0.91448692009726074 0.013211243785917759 4.718419796205124 6.984362009097822 3.1928284242458176 5.610576159968331 3.8997850294472283 7.9349460575904223 2.0203277239925224 3.7088656044725239 12.183822585662709 2.294743904007194 123.84310711044236 244.26207782455094 38.72158646920434 8.7457266940618847 3.83837017820042 40.41193008445407 6.909916412914753 14.259055739174071 6.7581203493464272 0.41710702383716114 3.3174437037814641 399.01494688442472 7.4294159767450756 0.88896303996443737 0.58487581601366301
leaf_count=5068 61065 30075 181 37 1 83 101 87 427 153 358 114 88 6058 95 5491 23500 1026 126 230 2006 498 565 152 18 212 14689 215 23 19
internal_value=-0.000341649 -0.0159036 0.00737542 0.186994 0.587128 -0.000476555 0.0214686 0.0702724 0.000381356 0.00371127 0.00571266 0.0231092 -0.0345619 -0.00444036 -0.0626614 0.0260353 0.00120719 -0.00578989 0.00955929 -0.00584277 -0.0282673 -0.0390766 -0.0812664 0.00617922 0.0565942 -0.0365817 -0.00292689 -0.00364712 -0.109429 -0.0354439
internal_weight=1218.91 54.1163 24.6956 1.03434 0.119858 23.6612 14.8956 7.91125 1164.8 688.982 654.744 134.687 34.238 475.816 20.2627 131.778 520.057 282.984 237.073 463.632 53.3495 47.3218 16.5538 13.9753 6.02768 7.21723 410.283 406.444 2.90929 29.4207
internal_count=152761 35652 5558 219 182 5339 271 170 117109 92968 91703 5986 1265 24141 748 5849 85717 24526 61191 18083 2949 2504 660 517 445 365 15134 14904 137 30094
is_linear=0
shrinkage=0.08


Tree=148
num_leaves=31
num_cat=0
split_feature=19 9 8 0 9 1 4 15 15 4 4 14 5 3 1 1 14 9 7 19 21 21 4 11 14 8 9 8 9 21
split_gain=2.17776 2.8449 6.74443 6.18231 6.03056 6.01974 5.34381 5.26727 5.09541 5.00943 5.79405 5.00518 4.96123 4.6691 11.9592 8.24784 6.05189 5.45536 4.07014 3.74898 7.17641 5.1927 6.29812 5.14396 4.65703 3.46829 3.4552 3.00367 2.69403 2.0746
threshold=3.5000000000000004 0.75204917788505565 2.5000000000000004 0.93075495958328258 0.92380261421203624 0.68469786643981945 0.88194444775581371 1.0000000180025095e-35 3.5000000000000004 0.30384616553783422 0.17424242943525317 0.19139194488525393 0.86607143282890331 0.5604878067970277 0.34654632210731512 0.55456349253654491 0.21807064861059192 0.86996778845787059 0.5273268222808839 1.5000000000000002 0.76194885373115551 0.92459025979042064 0.73214286565780651 0.84394684433937084 0.10762548446655275 4.5000000000000009 0.77888888120651256 5.5000000000000009 0.21913109719753268 0.68429434299469005
decision_type=2 2 2 2 2 2 2 2 2 2 2 2 2 2 2 2 2 2 2 2 2 2 2 2 2 2 2 2 2 2
left_child=1 3 4 5 7 8 -7 18 27 10 -6 -9 -11 15 16 26 -15 -16 -3 21 24 23 -23 -5 -21 -22 -4 -1 -2 -30
right_child=28 2 13 19 9 6 -8 11 -10 12 -12 -13 -14 14 17 -17 -18 -19 -20 20 25 22 -24 -25 -26 -27 -28 -29 29 -31
leaf_value=0.028158498218958411 -0.097236365962181534 -0.077973649182393842 -0.099803558445075741 0.00052625124303068318 -0.01322915371887501 -0.082409351639958855 0.20766822974689267 0.17125312562886033 0.22057556084415889 0.01537297494249917 -0.094288632339451589 0.046475765088847494 -0.0082840036024963964 -0.036081601141816737 -0.0059692319961640776 0.11940345573276634 0.15005044647830995 -0.034492127827056941 0.018105466911638925 0.43157734958986688 -0.029967652669774573 0.0046305434435402462 0.092038414582189712 -0.10432619058997114 0.12488756349985129 0.051500651170210583 -0.036582315999057223 -0.0015585730973367614 0.035351560286837065 0.006020173639970392
leaf_weight=23.520138358406257 1.5576757817761961 3.1153001728998779 6.8553288044568026 13.951521734474229 26.893701107725065 7.9498387884959794 0.4283457742712925 2.3527365570553256 0.67570364795392279 105.58481103716622 7.1423874125175635 16.392637060533161 122.62786439898628 1.4980574108667486 190.65002570517026 1.9696135558770027 4.406251818742021 55.382320457218157 29.954945152763685 0.45975151515449653 3.949938383302654 14.907981143100189 8.1655320567078871 3.8128428794443598 1.0196660403162239 21.815552717947867 28.673297134901077 292.22443408748222 16.772008389074472 193.29945497974404
leaf_count=2116 36 1930 3513 1878 10061 699 24 468 16 6929 2391 924 6698 1928 14490 104 169 4736 2605 82 103 85 44 22 17 260 15745 64552 325 9904
internal_value=0.000214446 -0.00135099 -0.00480007 0.00394709 0.0033187 -0.000647494 -0.0675788 0.0282581 0.00112471 -0.00160887 -0.0302393 0.0621366 0.00266113 -0.0136097 -0.00968966 -0.039947 0.102825 -0.0123898 0.00905457 0.0258662 0.0488497 0.0105328 0.0355635 -0.0219787 0.220196 0.0390113 -0.048781 0.000655082 0.00758473 0.00836198
internal_weight=1208.01 996.381 603.499 392.881 314.064 324.798 8.37818 51.8156 316.42 262.249 34.0361 18.7454 228.213 289.435 251.937 37.4982 5.90431 246.032 33.0702 68.0828 27.2449 40.8379 23.0735 17.7644 1.47942 25.7655 35.5286 315.745 211.629 210.071
internal_count=152854 142589 72691 69898 32006 67407 723 5927 66684 26079 12452 1392 13627 40685 21323 19362 2097 19226 4535 2491 462 2029 129 1900 99 363 19258 66668 10265 10229
is_linear=0
shrinkage=0.08


Tree=149
num_leaves=31
num_cat=0
split_feature=17 9 21 11 15 13 13 14 12 9 14 13 12 12 7 15 3 1 2 1 7 9 1 13 21 2 1 11 11 2
split_gain=2.57147 2.67702 6.00365 3.5589 2.53039 6.38781 8.87321 7.42399 5.49643 5.33259 5.58537 6.46884 5.18192 5.11774 4.32732 6.89254 6.84302 3.91432 2.84462 5.59868 3.40636 2.87767 2.76602 2.45838 5.28662 3.33288 2.44675 2.18603 5.67224 4.75289
threshold=1.0000000180025095e-35 0.18274582922458651 0.74837595224380504 0.97061157226562511 1.0000000180025095e-35 0.97329768538475048 0.96394211053848278 0.82480818033218395 0.91704893112182628 0.74388790130615245 0.70710784196853649 0.98227471113204967 0.75694981217384349 0.95130419731140148 0.68941798806190502 1.5000000000000002 0.78456193208694469 0.85239651799201976 0.83910790085792553 0.6195238232612611 0.64325395226478588 0.88603895902633678 0.87138131260871898 0.54246303439140331 0.71999943256378185 0.86706829071044933 0.82683658599853527 0.93501552939414989 0.97061157226562511 0.48528139293193823
decision_type=2 2 2 2 2 2 2 2 2 2 2 2 2 2 2 2 2 2 2 2 2 2 2 2 2 2 2 2 2 2
left_child=1 2 3 -1 5 6 7 8 -2 -7 -11 -12 -8 -14 18 23 -17 -18 19 20 -6 -21 -20 24 -16 -25 -9 -3 -29 -30
right_child=4 27 -4 -5 14 9 12 26 -10 10 11 -13 13 -15 15 16 17 -19 22 21 -22 -23 -24 25 -26 -27 -28 28 29 -31
leaf_value=-0.081432163498023638 -0.0071823997578321121 0.0062166189568381757 0.087193859777933758 -0.33387648291190858 -0.00097878238460986184 0.10115957648580928 -0.16118048633245036 0.07768035319595018 -0.071184903786513085 0.086504554221133637 -0.16041568462792982 0.018409037889600806 0.041160944091636981 -0.095129991763917537 0.062634258963073494 0.045504152664490996 -0.081102698922432492 0.084148580748514251 0.061921535995622147 -0.029964686168423432 -0.065686444665427307 -0.1394782663548714 -0.19327430786828084 0.025425436171387199 -0.086022064311802496 0.074493463572912658 -0.042201476752324184 -0.030826557456841579 -0.012496796611019496 0.05347087242545822
leaf_weight=3.0896955565585809 355.53748515139523 542.52221787719645 1.3655053419061003 0.40415991470217694 99.661363956540299 6.1757965229917309 3.4501237596850824 8.4424492490070389 8.8000444319332001 3.3753306559519825 1.9753166391164994 3.7570875416276976 2.8701750143663958 4.5722491114865988 2.7911043692074591 5.2824741058284443 9.7856962982041278 1.0122709617571661 5.4330106249253722 3.1773191829852285 5.4936616028935523 2.9720403006576817 0.28614040039246891 50.597915648584603 3.39141802409722 10.739818351081338 1.2510520214273118 35.331395271990914 15.489530638733415 12.738494957768124
leaf_count=192 74760 52499 44 5 14531 59 31 120 91 74 20 135 34 37 294 272 499 512 430 118 307 77 31 1896 196 2684 81 1275 156 1129
internal_value=0.000443283 0.00409794 -0.0550435 -0.110634 -0.00327287 -0.00694871 -0.00896266 -0.00688987 -0.00872829 0.0437736 0.00486115 -0.0432118 -0.0801384 -0.0425693 0.00405973 0.0179605 -0.0291093 -0.065611 -0.00587088 -0.0086982 -0.00435933 -0.0828936 0.0491536 0.0291705 -0.0189111 0.0340169 0.0622083 0.00457212 -0.00946479 0.0172725
internal_weight=1211.77 610.941 4.85936 3.49386 600.831 400.207 384.924 374.031 364.338 15.2835 9.10773 5.7324 10.8925 7.44242 200.624 83.6007 16.0804 10.798 117.024 111.304 105.155 6.14936 5.71915 67.5203 6.18252 61.3377 9.6935 606.082 63.5594 28.228
internal_count=152589 55300 241 197 97289 75442 75154 75052 74851 288 229 155 102 71 21847 6353 1283 1011 15494 15033 14838 195 461 5070 490 4580 201 55059 2560 1285
is_linear=0
shrinkage=0.08


end of trees

feature_importances:
jaccard_addr=420
jaccard_name=418
token_sort_addr=344
lev_name=333
token_sort_name=322
len_ratio_name=299
len_diff_name=282
token_set_name=273
jw_name=255
first_token_jw=234
jw_addr=230
name_addr_geom=227
lev_addr=187
sig_jaccard_name=162
shared_keys=142
digit_overlap=113
digit_match_exact=102
is_source2=76
addr_missing=30
is_source3=19
log_shared_keys=16
first_token_match=10

parameters:
[boosting: gbdt]
[objective: binary]
[metric: binary_logloss]
[tree_learner: serial]
[device_type: cpu]
[data_sample_strategy: bagging]
[data: ]
[valid: ]
[num_iterations: 150]
[learning_rate: 0.08]
[num_leaves: 31]
[num_threads: 4]
[seed: 42]
[deterministic: 0]
[force_col_wise: 0]
[force_row_wise: 0]
[histogram_pool_size: -1]
[max_depth: 6]
[min_data_in_leaf: 20]
[min_sum_hessian_in_leaf: 0.001]
[bagging_fraction: 0.85]
[pos_bagging_fraction: 1]
[neg_bagging_fraction: 1]
[bagging_freq: 1]
[bagging_seed: 400]
[bagging_by_query: 0]
[feature_fraction: 0.85]
[feature_fraction_bynode: 1]
[feature_fraction_seed: 30056]
[extra_trees: 0]
[extra_seed: 12879]
[early_stopping_round: 0]
[early_stopping_min_delta: 0]
[first_metric_only: 0]
[max_delta_step: 0]
[lambda_l1: 0]
[lambda_l2: 0]
[linear_lambda: 0]
[min_gain_to_split: 0]
[drop_rate: 0.1]
[max_drop: 50]
[skip_drop: 0.5]
[xgboost_dart_mode: 0]
[uniform_drop: 0]
[drop_seed: 17869]
[top_rate: 0.2]
[other_rate: 0.1]
[min_data_per_group: 100]
[max_cat_threshold: 32]
[cat_l2: 10]
[cat_smooth: 10]
[max_cat_to_onehot: 4]
[top_k: 20]
[monotone_constraints: ]
[monotone_constraints_method: basic]
[monotone_penalty: 0]
[feature_contri: ]
[forcedsplits_filename: ]
[refit_decay_rate: 0.9]
[cegb_tradeoff: 1]
[cegb_penalty_split: 0]
[cegb_penalty_feature_lazy: ]
[cegb_penalty_feature_coupled: ]
[path_smooth: 0]
[interaction_constraints: ]
[verbosity: -1]
[saved_feature_importance_type: 0]
[use_quantized_grad: 0]
[num_grad_quant_bins: 4]
[quant_train_renew_leaf: 0]
[stochastic_rounding: 1]
[linear_tree: 0]
[max_bin: 255]
[max_bin_by_feature: ]
[min_data_in_bin: 3]
[bin_construct_sample_cnt: 200000]
[data_random_seed: 175]
[is_enable_sparse: 1]
[enable_bundle: 1]
[use_missing: 1]
[zero_as_missing: 0]
[feature_pre_filter: 1]
[pre_partition: 0]
[two_round: 0]
[header: 0]
[label_column: ]
[weight_column: ]
[group_column: ]
[ignore_column: ]
[categorical_feature: ]
[forcedbins_filename: ]
[precise_float_parser: 0]
[parser_config_file: ]
[objective_seed: 16083]
[num_class: 1]
[is_unbalance: 0]
[scale_pos_weight: 1]
[sigmoid: 1]
[boost_from_average: 1]
[reg_sqrt: 0]
[alpha: 0.9]
[fair_c: 1]
[poisson_max_delta_step: 0.7]
[tweedie_variance_power: 1.5]
[lambdarank_truncation_level: 30]
[lambdarank_norm: 1]
[label_gain: ]
[lambdarank_position_bias_regularization: 0]
[eval_at: ]
[multi_error_top_k: 1]
[auc_mu_weights: ]
[num_machines: 1]
[local_listen_port: 12400]
[time_out: 120]
[machine_list_filename: ]
[machines: ]
[gpu_platform_id: -1]
[gpu_device_id: -1]
[gpu_device_id_list: ]
[gpu_use_dp: 0]
[num_gpu: 1]

end of parameters

pandas_categorical:null
